sentimenteffective,sentimentpet,sentimentprocess,sentimentrecycle,text
Positive,Neutral,Positive,Positive,selain memiliki bank sampah untuk mata pencaharian para ortu anak dan kreativitas para dewasa olah sampah sejak pandemi busa pustaka di bandar lampung juga memiliki kegiatan olah sampah plastik untuk anak. kadang mereka jual kadang buat sendiri. yang penting jadi kreatif
Positive,Positive,Positive,Positive,kolaborasi aqua dan h&amp;m olah sampah botol plastik jadi pakaian anak-anak
Neutral,Negative,Negative,Negative,thankyou hero -- reposted from daur ulang bukan solusi mengunjungi amsterdam plastic reycling centre. hanya 60%sampah plastik yang dapat mereka olah menjadi scrap plastik. 40%sampah harus berakhir di incenerator.
Neutral,Neutral,Positive,Positive,hebat! udinus semarang berhasil olah sampah plastik jadi campuran aspal!
Neutral,Neutral,Positive,Positive,perjalanan edy ginting hingga bisa olah sampah plastik jadi lukisan
Neutral,Neutral,Positive,Positive,video: peduli lingkungan seniman ini olah sampah plastik jadi lukisan estetik
Neutral,Neutral,Neutral,Positive,[video] sejumlah desa di klungkung olah sampah plastik jadi bahan bakar
Neutral,Negative,Neutral,Negative,ternyata mayoritas sampah yang ada di bantargebang adalah sampah plastic dan sisa makanan lhoo. makanya kurangi penggunaan barang plastik &amp; olah sampah organic menjadi lebih berguna. misalnya untuk kompos atau eco enzyme. supaya gunungan sampah di bantargebang bisa berkurang.
Neutral,Neutral,Positive,Positive,asn di jember peduli lingkungan olah sampah plastik jadi kerajinan
Positive,Neutral,Positive,Positive,anak lpka lombok tengah olah sampah plastik jadi kerajinan
Neutral,Neutral,Neutral,Positive,olah sampah plastik jadi bahan baku aspal jalan
Positive,Neutral,Positive,Positive,sbi dan pemkab bantul kerja sama olah sampah plastik beritajogja jogja jogjaistimewa
Positive,Neutral,Positive,Positive,komitmen olah sampah plastik bangun pabrik daur ulang
Positive,Neutral,Neutral,Positive,kolaborasi olah sampah plastik di bantargebang jadi sumber energi terbarukan
Positive,Neutral,Neutral,Positive,immpa kenalkan ecobrick sebagai terobosan olah sampah plastik
Neutral,Neutral,Neutral,Positive,bumdes di purbalingga olah sampah plastik jadi bbm
Neutral,Neutral,Neutral,Positive,olah sampah plastik menjadi bbm
Neutral,Neutral,Positive,Positive,ecobricks solusi cerdas olah sampah plastik
Neutral,Neutral,Neutral,Positive,warga binjai olah sampah plastik jadi bbm
Neutral,Neutral,Neutral,Positive,dlh klu olah sampah plastik jadi solar
Neutral,Neutral,Positive,Positive,ide bagus olah sampah pasangan desainer sulap limbah plastik di laut jadi furniture
Neutral,Neutral,Positive,Positive,nuning sulistyani olah sampah plastik jadi peluang bisnis
Neutral,Neutral,Positive,Positive,menteri siti nurbaya ajak masyarakat olah sampah plastik menjadi sumber daya ekonomi
Neutral,Neutral,Positive,Positive,bank sampah di sleman olah sampah plastik jadi bbm hasilkan 35 liter solar sehari
Positive,Neutral,Neutral,Positive,mahasiswa ugm olah sampah plastik jadi bahan bakar minyak
Positive,Negative,Positive,Negative,dari sktr 7 milyar ton limbah plastik yg dihasilkan scr global hanya 10% yg telah didaur ulang. tetapi indonesia punya pahlawan sampah made janur yasa yg berbagi pengalaman olah sampah plastik di bali lewat diskusi di plasticbagfreeday
Neutral,Neutral,Positive,Positive,atasi masalah sampah desa sayan berencana olah sampah plastik jadi bbm
Neutral,Neutral,Neutral,Positive,perusaan prajogo pangestu &amp; hartono olah sampah plastik jadi bahan aspal
Neutral,Neutral,Neutral,Positive,kita olah sampah plastik menjadi jenang krunguku
Positive,Neutral,Neutral,Positive,riza farizaha siswi smkn 2 kediri olah sampah plastik jadi minyak
Neutral,Neutral,Positive,Positive,chandra asri (tpia) olah sampah plastik jadi bahan baku aspal untuk jalan di tegal emiten
Neutral,Neutral,Positive,Positive,menteri siti nurbaya ajak masyarakat olah sampah plastik jadi sumber daya ekonomi
Neutral,Neutral,Positive,Positive,kreatif abis yayasan rimba indonesia olah sampah plastik jadi bbm
Positive,Neutral,Positive,Positive,investor australia akan olah sampah plastik kebon kongok jadi solar
Neutral,Neutral,Positive,Positive,sinar mas land dan chanda asri olah sampah plastik warga bsd city
Neutral,Neutral,Neutral,Positive,cara olah sampah plastik jadi bahan komposit beton [news] taucepattanpabatas beritaterkini kampus kampusupdate .
Positive,Neutral,Positive,Positive,olah sampah plastik jadi bbm rencana ke depan untuk nelayan daerah beritabaru beritabarujatim beritajatim beritabaruco
Positive,Positive,Neutral,Positive,padahal besok tuh cuma mau beberes bank sampah malah pada mau ikutan belajar olah sampah plastik wkwk
Neutral,Neutral,Positive,Positive,menteri lhk ajak masyarakat olah sampah plastik jadi sumber daya ekonomi
Neutral,Neutral,Positive,Neutral,tropical go green olah sampah plastik
Neutral,,Neutral,Positive,tpst asri olah sampah plastik jadi bbm
Neutral,Neutral,Neutral,Positive,ajik anggi olah sampah plastik jadi bbm begini ceritanya
Neutral,Neutral,Positive,Positive,tak pernah bosan olah sampah plastik karena nikmati prosesnya
Neutral,Neutral,Positive,Positive,tim antasena its sukses olah sampah plastik jadi bahan baku 3d printing
Neutral,Neutral,Positive,Positive,wow! warga kalasan sleman diajari cara olah sampah plastik jadi bbm
Neutral,Neutral,Neutral,Positive,brin dan pemkab banjarnegara olah sampah plastik jadi bahan bakar petasol
Positive,Neutral,Positive,Positive,brin dan pemkot semarang olah sampah plastik jadi bahan bakar petasol setara solar tempotekno
Neutral,Neutral,Neutral,Positive,dusun dekat candi prambanan yogyakarta ini olah sampah plastik dengan cara tak biasa tempotravel
Neutral,Neutral,Positive,Positive,pemerintah ajak masyarakat olah sampah plastik menjadi sumner daya ekonomi. ekonomirimeningkat
Positive,Neutral,Positive,Positive,usung sirkular ekonomi kemenperin dukung industri olah sampah plastik
Neutral,Neutral,Neutral,Positive,kelompok sadar wisata di wonosobo olah sampah plastik menjadi bahan bakar
Positive,Neutral,Neutral,Positive,sbi dan pemkab bantul kerja sama olah sampah plastik -
Positive,Neutral,Positive,Positive,berhasil olah sampah plastik jadi bbm chandra asri (tpia) minta penerbitan izin distribusi komersial
Neutral,Neutral,Positive,Positive,klhk ajak masyarakat olah sampah plastik jadi sumber daya ekonomi.
Neutral,Neutral,Positive,Positive,keren! bank sampah ini olah limbah plastik jadi bernilai ekonomi bacadibj beritajakarta dkijakarta banksampah
Neutral,Neutral,Positive,Positive,kreativitas warga olah sampah plastik menjadi bbm
Neutral,Neutral,Neutral,Positive,tukang sablon ini olah sampah plastik jadi bbm
Neutral,Positive,Positive,Positive,tropical go green olah sampah plastik jadi barang bermanfaat
Positive,Positive,Neutral,Positive,mnc peduli dan mnc sekuritas ajak ibu-ibu pkk olah sampah plastik
Neutral,Neutral,Positive,Positive,gandeng dlh polres kepulauan meranti olah limbah sampah plastik jadi batako
Neutral,Positive,Neutral,Positive,fenomena ini juga terkait tata kelola sampah indonesia yang amburadul. saya ambil jepang (terutama kobe) sebagai good waste governance ya. dimulai dari hulu masyarakat diwajibkan untuk memilah sampah mereka terus dimasukin ke plastik daur ulang sesuai jenis sampah. buat apa?
Positive,Neutral,Positive,Positive,rinso bikin gebrakan di dunia deterjen dg membuat kemasan plastik dr hsl daur ulang dn jadi yg pertama di indonesia. teknologi creasolv ini bikin kemasan tetap kuat &amp; tahan lama meskipun dr daur ulang supaya jadi inspirasi masyarakat supaya lbh aktif upaya pelestarian lingkungan
Negative,Positive,Negative,Positive,sampah non b3 memang diperbolehkan untuk diimpor ke indonesia berdasarkan peraturan. sampah plastik atau kertas misalnya diimpor untuk keperluan daur ulang - ironisnya kita punya sampah berlimpah tapi nggak terpilah dengan baik. negara penyumbang sampah plastiknya? terbesar
Positive,Positive,Positive,Positive,adb mendukung indonesia dalam mengurangi sampah plastik di lautan dengan pt alba tridi plastics recycling indonesia perusahaan alba group asia untuk mendirikan fasilitas daur ulang polietilen tereftalat (pet) di jawa tengah.
Positive,Neutral,Positive,Positive,aneka kreasi pemanfaatan sampah daur ulang plastik. dengan teknologi yang sederhana kita dapat mengolah material daur ulang plastik menjadi berbagai produk yang menarik. hal ini sudah dilakukan di banyak tempat di indonesia.. yuk sebarluaskan info ini agar lebih banyak orang
Positive,Neutral,Neutral,Positive,peduli lingkungan bank mandiri menjadi bank pertama di indonesia yang menerbitkan kartu debit dan kartu prabayar e-money dari bahan plastik pvc daur ulang dan juga kartu kredit virtual tanpa kartu plastik.
Positive,Positive,Neutral,Positive,bikin mural pakai tutup botol! siswa sekolah menengah di argentina membuat mural raksasa lionel messi menggunkan tutup botol plastik daur ulang. megabintang argentina sisilain
Negative,Negative,Negative,Negative,loh tapi kan galon sekali pakai bisa didaur ulang? faktanya gak demikian daur ulang sampah plastik di indonesia baru menyentuh 12%. masih sedikit recycle rate. nih simak penjelasannya
Positive,Neutral,Positive,Neutral,exxonmobil sedang mengkaji implementasi teknologi mutakhir daur ulang plastik dalam skala besar di indonesia. simak video cara kerja teknologi tersebut.
Positive,Positive,Positive,Positive,230605 shu uemura weibo dukung masa depan bersama dgn shu uemura global brand spokesperson wang yibo bantu menjaga lingkungan dgn plastik daur ulang program daur ulang botol kosong cleansing oil shu uemura sedang berjalan wangyibo shuuemura
Neutral,Positive,Positive,Positive,tau gak kalian bagaimana botol pet menjadi botol pet baru? tonton sampai habis guys ! indonesia memiliki beberapa pabrik canggih untuk daur ulang pet. sepeti pt. bipj yang juga merupakan member dari asosisasi daur ulang plastik indonesia (adupi) repost: bule sampah (jg)
Positive,Positive,Neutral,Positive,setiap kantor cabang bsi akan disediakan mesin daur ulang sampah plastik yg terintegrasi aplikasi plasticpay. cukup dgn menukar plastik scan barcode masyarakat memperoleh poin yg dpt ditukarkan dgn merchandise dari bsi dan plasticpay indonesia. balisustainablemovement2023
Positive,Neutral,Neutral,Positive,tekan jejak karbon bank mandiri terbitkan kartu debit dan e-money plastik daur ulang pertama di indonesia
Positive,Neutral,Positive,Positive,nestlé luncurkan bangku dengan kerangka terbuat dari 100% daur ulang plastik sachet pasca-konsumsi! komitmen nestlé dukung peningkatan angka daur ulang &amp; ekonomi sirkular
Positive,Neutral,Neutral,Neutral,sambut kedatangan pengusaha kolombia di bidang daur ulang plastik dubes ri tatang razak dan tim ekonomi paparkan potensi ekonomi dan regulasi investasi di indonesia. inidiplomasi rintiskemajuan
Positive,Neutral,Positive,Positive,turut mendukung terciptanya infrastruktur berkelanjutan chandra asri berkolaborasi dengan asosiasi daur ulang plastik indonesia (adupi) yayasan bakti barito dan dinas pupr kabupaten garut untuk mengonversi sampah plastik low value menjadi high value -c-
Neutral,Neutral,Positive,Positive,zenbook menggunakan material produk ramah lingkungan dengan memasukkan plastik daur ulang pasca-konsumen (pcr) &amp; plastik yang dibuang ke laut ke dalam laptop kami yang bersertifikasi lingkungan. kami melindungi bumi &amp; memberikan yang terbaik untukmu!
Neutral,Negative,Negative,Negative,penelitian baru menemukan bahwa fasilitas daur ulang plastik masih melepaskan miliaran partikel plastik kecil ke dalam air limbah yang kemudian berkontribusi pada pencemaran saluran air dan membahayakan kesehatan manusia.
Positive,Positive,Neutral,Positive,sebagai wujud komitmen mendukung program pemerintah terkait pengelolaan sampah plastik dan ekonomi sirkular coca-cola mendirikan fasilitas daur ulang botol plastik pet yang dikelola pt amandina bumi nusantara. simak di insight with hari ini di cnn indonesia.
Positive,Neutral,Neutral,Neutral,| ada yang baru dari aqua | air mineral bermerk aqua ini selalu saja berbuat kebaikan untuk masyarakat setempat dan untuk indonesia. apalagi untuk warga palestina yang jauh disana. aqua saat ini sedang membangun sumur resapan sebagai bentuk inovasi dalam daur ulang plastik.
Positive,Neutral,Neutral,Positive,unilever indonesia mendorong penggunaan kemasan daur ulang di setiap produknya. satu komitmen yg kuat perusahaan terhadap tanggung jawab lingkungan dgn pengurangan penggunaan kemasan plastik.
Neutral,Neutral,Neutral,Negative,memasuki masa tenang pemilu 2024 pengelolaan sampah alat peraga kampanye (apk) dibeberapa daerah belum di daur ulang dan berakhir menjadi sampah. pengkampanye urban greenpeace indonesia atha rasyadi mengatakan baliho yang digunakan masih berbahan plastik pvc atau vinyl yang
Neutral,Neutral,Neutral,Positive,pemudaabdya daurulangsampah begini cara dua pemuda abdya daur ulang sampah plastik jadi paving blok via
Neutral,Neutral,Neutral,Positive,thinkpad x1 yoga menggabungkan kinerja unggul dengan keberkelanjutan. dibuat dengan chassis aluminium daur ulang plastik daur ulang (pcc) untuk bingkai speaker baterai bahkan di dalam adaptor daya. memperkuat komitmen terhadap lingkungan kemasan laptop ini bebas dari plastik.
Positive,Positive,Positive,Positive,takjub! korsel daur ulang sampah plastik 943.00 ton/ tahun
Positive,Positive,Neutral,Positive,inilah salah satu tempat daur ulang botol plastik lombok pet di kawasan kuranji lombok barat. salah satu unit bisnis daur ulang atau recycling business unit dampingan indonesia yang dikelola oleh ud lombok pet. circulareconomy bijakberplastik
Positive,Positive,Positive,Positive,sejak 2018 danone-aqua melalui pendekatan ekonomi sirkular turut andil dalam menyukseskan komitmen pemerintah untuk mengurangi 70% sampah plastik di laut indonesia pada tahun 2025. ekonomi sirkular ala aqua berfokus pada pemanfaatan limbah plastik sebagai bahan daur ulang
Negative,Positive,Neutral,Positive,adb tanda tangani pinjaman biru $44 2 juta dengan alba group utk membangun fasilitas daur ulang botol minuman polietilena tereftalat (pet) di kendal jawa tengah guna kurangi limbah plastik laut di indonesia. klik utk info lebih lengkap
Negative,Negative,Negative,Negative,exxon dituduh 50 tahun bohongi publik soal daur ulang plastik
Positive,Positive,Positive,Positive,danone aqua menjadi pelopor kemasan ramah lingkungan di tahun 1983 lewat aqua galon untuk memastikan 70% bisnisnya sirkular. danone aqua ambil langkah besar membantu penyelesaian sampah plastik di indonesia dengan meluncurkan aqua life yang terbuat dari 100% plastik daur ulang.
Neutral,Positive,Neutral,Positive,coca-cola luncurkan botol terbaru dari plastik daur ulang
Neutral,Neutral,Neutral,Positive,kotak penyimpanan rykta lengkap dengan penutup dan terbuat dari plastik daur ulang. material semi-transparan membuatmu dapat menyimpan dan menemukan barang dengan lebih mudah. temukan di toko ikea terdekat atau app ikea storage kotakpenyimpanan
Positive,Neutral,Neutral,Neutral,bank syariah indonesia (bsi) sediakan 20 unit reverse vending machine (rvm) atau mesin daur ulang botol plastik di area g20. penempatan rvm tsb utk dukung transisi energi berkelanjutan. selain itu penempatan rvm jg utk kurangi sampah plastik balisustainablemovement2023
Negative,Positive,Positive,Positive,saat ini sudah ada sekitar 227 perusahaan daur ulang sampah plastik di indonesia. lndustri daur ulang plastik nasional ini diproyeksikan akan terus tumbuh. namun ada kendala klasik mengadang bisnis yang bermanfaat buat lingkungan ini.
Positive,Neutral,Neutral,Neutral,setiap kantor cabang bsi nanti'y akn disediakn mesin daur ulang sampah plastik yg tlah terintegrasi dgn aplikasi plasticpay cukup dgn menukar plastik scan barcode masyarakat memproleh poin yg dpt ditukar dgn merchandise dr bsi &amp; plasticpay indonesia balisustainablemovement2023
Neutral,Negative,Neutral,Negative,penggunaan produk plastik hasil daur ulang bisa berisiko bagi kesehatan: sampahplastik masih menjadi persoalan dalam pengelolaan sampah di indonesia yang sampai saat ini sulit terselesaikan. pasalnya komponen plastik menjadi jenis sampah yang sulit
Positive,Neutral,Neutral,Positive,bank syariah indonesia (bsi) sediakan 20 unit reverse vending machine (rvm) atau mesin daur ulang botol plastik di area g20. penempatan rvm tsb utk dukung transisi energi berkelanjutan balisustainablemovement2023
Neutral,Positive,Positive,Positive,foto karya seni berbentuk wajah lionel messi dibuat dengan menggunakan ribuan tutup botol plastik daur ulang.
Negative,Negative,Neutral,Negative,mengingat mandat pengolahan sampah plastik tidak lagi dikelola pemerintah provinsi gerakan pendauran ulang ini membutuhkan peran masyarakat.
Positive,Positive,Neutral,Positive,tim ilmuwan china berhasil kembangkan metode baru daur ulang plastik
Neutral,Neutral,Positive,Positive,putu eka darmawan memutuskan berhenti sebagai bartender di sebuah kapal pesiar kemudian kembali ke bali untuk menjadi pemulung dan berkutat dengan sampah plastik. kini eka telah mengekspor berbagai produk daur ulang plastik ke mancanegara.
Positive,Neutral,Neutral,Neutral,halo sobat laut saat ini sedang berlangsung fgd penyusunan pedoman pengelolaan sampah plastik dari alat penangkapan ikan ayo kembangkan industri daur ulang alat tangkap ikan di indonesia yang masih minim aldfg marinedebris tknpsl
Positive,Positive,Neutral,Positive,pt coca cola europasific partners indonesia menanamkan investasi sebesar rp 55 miliar untuk membangun fasilitas daur ulang sampah plastik di kawasan industri cikarang.
Positive,Positive,Neutral,Positive,pj. bupati bekasi mendampingi menteri koordinator bidang kemaritiman dan investasi republik indonesia luhut binsar pandjaitan dalam rangka peresmian pabrik daur ulang botol plastik berjenis polyethylene terephthalate (pet).
Positive,Neutral,Neutral,Positive,setiap kantor cabang bsi nantinya akan di sediakan mesin daur ulang sampah plastik yg telah terintregasi dg aplikasi plasticpay. pada tahap awal bsi dan plasticpay indonesia akan menempatkan rvm di area publik. balisustainablemovement2023
Neutral,Positive,Neutral,Positive,jersey teamnas indonesia terbaik menurut saya adalah ini selain sangat memiliki nilai sangat kuat karena dibuat dari daur ulang botol plastik jersey ini digunakan teamnas yg disabotase sebagian elemen sepakbola indonesia dari pengurus klub sampai supporter
Positive,Neutral,Positive,Positive,para ilmuwan berhasil mengubah sampah plastik yang sulit di daur ulang dari samudra pasifik menjadi komponen utama untuk membuat obat-obatan.
Positive,,Positive,Positive,terinspirasi dari kesadaran akan lingkungan dan dibuat dari lingkungan. everydecisioncounts saat mengambil apa yang tersisa dari lingkungan dan merancangnya menjadi produk unggulan yang dibuat dari 60% plastik daur ulang (pcr). acer aspire vero 16 adalah salah satunya.
Positive,Neutral,Positive,Neutral,market leader penyumbang sampah plastik terbesar di indonesia mustinya perbanyak mbikin pabrik daur ulang sampah plastik kyk gini di setiap daerah.. bukan malah mlakukan greenwashing menutupi masalah
Neutral,Positive,Positive,Positive,8 ide daur ulang sampah plastik yang mudah dibuat
Negative,Neutral,Positive,Positive,baik bubbledeck mengurangi berat slab hingga 35% potensi hemat biaya ~10% dan memungkinkan bentang lebih panjang serta lebih ramah lingkungan dengan plastik daur ulang. konstruksi lebih cepat tapi kekuatan geser lebih rendah perlu penyesuaian desain. di indonesia ada yang pakai
Neutral,Positive,Neutral,Positive,kunjungan services indonesia sebagai salah satu mitra bisnis daur ulang -aqua memastikan sampah kemasan plastik yang telah dikumpulkan dapat diolah dengan standar menjadi material rpet (recycle pet) untukbahan baku botol plastik baru. bijakberplastik
Positive,Positive,Neutral,Positive,pabrik daur ulang sampah botol plastik kategori food grade dibangun di kendal
Neutral,Neutral,Neutral,Positive,pegadaian gandeng plustik untuk daur ulang 1 ton sampah plastik
Neutral,Negative,Negative,Negative,penelitian ungkap pelet plastik daur ulang dari indonesia mengandung 30 bahan kimia beracun dengan konsentrasi tinggi tempotekno
Positive,Neutral,Neutral,Neutral,di hari lingkungan hidup bank syaria indonesia berkolabolasi dengan plasticplay menempatkan mesin daur ulang sampah plastik di kota bogor sebagai upaya mengurangi sampah plastik. id balisustainablemovement2023
Positive,Positive,Positive,Positive,jakarta fair kemayoran menjadi ajang untuk memperkenalkan inisiatif daur ulang botol plastik yang inovatif melalui acara bertajuk jaga indonesia
Positive,Positive,Neutral,Positive,coca-cola europacific partners indonesia dan dynapack asia resmikan pabrik daur ulang plastik pet
Positive,Neutral,Neutral,Positive,makin keren aja nih bankmandiri ini. yang terbaru pt bank mandiri tbk meluncurkan digital carbon tracking kartu debit &amp; kartu prabayar e-money berbahan plastik daur ulang &amp; kartu kredit nonfisik untk misi mendukung pencapaian emisi karbon nol bangsa indonesia pada 2060.
Neutral,Negative,Neutral,Negative,investor takut investasi di indonesia karena pdn gampang bocor produknya terbuat dari plastik daur ulang
Neutral,Neutral,Neutral,Positive,redam jejak karbon bank mandiri terbitkan kartu debit dan e-money plastik daur ulang pertama di indonesia dan kartu kredit virtual tanpa kartu plastik
Positive,Neutral,Neutral,Positive,bank mandiri menjadi bank pertama di indonesia yang menerbitkan kartu debit dan kartu prabayar e-money dari bahan plastik pvc daur ulang. bisnisupdate update bisnis text
Positive,Neutral,Neutral,Neutral,tim kampanye jelajah bersih negeri singgah di pabrik daur ulang plastik veolia indonesia di kawasan pasuruan industrial estate rembang (pier) pasuruan jawa timur pada 10 februari 2023.
Positive,Neutral,Neutral,Positive,pada computex2023 acer menunjukkan komitmen kuat kami terhadap keberlanjutan dengan aspire vero 15 sebuah laptop hemat energi dengan rangka yang terbuat dari 40% plastik daur ulang pcr. pilihan tepat untukmu yang sayangbumi acercomputex
Positive,Neutral,Neutral,Positive,pada kesempatan ini ibu rut membawa mitra kerja dan pelaku usaha norwegia Norway seperti avfall norge yg bermitra dengan inswa serta inframar perusahaan norwegia yg berencana membangun fasilitas daur ulang kimia skala komersial untuk sampah plastik indonesia.
Neutral,Negative,Neutral,Negative,sampah plastik yang dihasilkan sulit terdegradasi atau daur ulang secara alami butuh kepedulian banyak pihak untuk mendapatkan solusinya. simak selengkapnya di insight with hari ini pukul 18.00 wib hanya di
Positive,Neutral,Positive,Positive,yuk peringati globalrecyclingday besok! 18 maret 2023 taman literasi martha christina tiahahu 15.00 17.30 wib kamu berkesempatan mengikuti workshop daur ulang plastik &amp; memperluas wawasan terkait bahaya sampah plastik lho! sekarangsaatnya aksigenerasiiklim
Positive,Neutral,Neutral,Positive,bank mandiri menjadi bank pertama di indonesia yang menerbitkan kartu debit dan kartu prabayar e-money dari bahan plastik pvc daur ulang dan juga kartu kredit virtual tanpa kartu plastik.
Positive,Neutral,Neutral,Positive,tim peneliti dari universitas ilmu pengetahuan dan teknologi tiongkok menemukan proses daur ulang plastik polietilena satu dari lima jenis plastik yang paling umum bersifat sangat stabil dan tidak mudah terurai. sumber:
Positive,Neutral,Positive,Positive,para siswa sman 6 palembang serta tamu undangan lain melakukan daur ulang limbah plastik menjadi sampul buku wadah smartphone dan dompet.
Positive,Neutral,Neutral,Positive,kami adakan pelatihan untuk memberdayakan perempuan khususnya kaum milenial dengan pelatihan pembuatan boneka dari plastik daur ulang
Positive,Positive,Neutral,Positive,bank syariah indonesia id menyediakan sebanyak 20 unit reverse vending machine (rvm) atau si daur ulang botol plastik di area g20. balisustainablemovement2023
Positive,Neutral,Neutral,Positive,ipi akan terus berjuang untuk ekosistem &amp; sirkuler ekonomi sampah daur ulang plastik terutama kantong kresek jokowi klhk indonesia bumnuntukindonesia kemenperin pupr
Positive,Neutral,Positive,Positive,kota deltamas bersama pemkab bekasi hadirkan inovasi aspal berbahan plastik daur ulang jakarta dengan mengadopsi konsep ekonomi sirkular indonesia dapat memimpin solusi efektif dalam pengelolaan limbah plast
Positive,Neutral,Positive,Positive,daur ulang di indonesia belum terlalu maju. namun anak muda pembuat jam tangan dari sampah plastik bersinar terang di perusahaan startup yang ingin menghentikan perusakan lingkungan. kami sedang dalam proses mendukung kegiatan ini secara maksimal.
Positive,Positive,Neutral,Neutral,sebuah perpustakaan multimedia yang dibangun dari botol plastik daur ulang oleh seorang arsitek afrika diresmikan pada selasa (31/10) di kokrobite menyediakan akses ke berbagai sumber pembelajaran bagi siswa-siswa sekolah dari keluarga miskin
Positive,Neutral,Neutral,Neutral,pantasan ya pelaku bisnis sampah kok masih sedikit di indonesia. kalau aku tajir sih (kapan ya wkwk) aku mau bangun pabrik daur ulang sampah plastik
Positive,Neutral,Neutral,Positive,yang seperti ini perlu dilakukan oleh setiap perusahaan amdk. komitmen perusahaan dalam menanggulangi sampah plastik indonesia serta target kampanye nasional pendidikan daur ulang yang menjangkau 100 juta konsumen dan 5 juta anak-anak pada 2025.
Positive,Neutral,Neutral,Positive,redam jejak karbon bank mandiri terbitkan kartu debit dan e-money plastik daur ulang pertama di indonesia
Neutral,Positive,Neutral,Positive,saat ini satu dari setiap tiga botol yang diedarkan coca-cola di indonesia terbuat dari 100% plastik pet daur ulang. newsupdate update news text
Positive,Neutral,Neutral,Positive,keren.. di setiap kantor cabang bank syariah indonesia id akan disediakan mesin daur ulang sampah plastik yang sudah diintegrasikan dengan aplikasi plasticpay. balisustainablemovement2023
Positive,Neutral,Neutral,Positive,bank mandiri terbitkan kartu debit dan e-money plastik daur ulang pertama di indonesia
Positive,Neutral,Neutral,Neutral,venteny &amp; plastic bank indonesia akan kumpulkan 20 ribu kg plastik daur ulang plasticbankindonesia
Neutral,Neutral,Positive,Positive,keren rebricks indonesia daur ulang sampah plastik jadi bahan bangunan
Positive,Positive,Neutral,Positive,coca-cola indonesia luncurkan kemasan botol plastik daur ulang
Positive,Positive,Neutral,Positive,makanya gk heran jika sampah plastik pet menjadi primadona dunia. ketua umum asosiasi daur ulang plastik indonesia (adupi) christine halim mengatakan sampah plastik pet (polyethylene terephthalate) sangat diminati industri daur ulang di seluruh dunia.
Neutral,Negative,Negative,Negative,cleo merupakan merek air minum dalam kemasan di indonesia yang memanfaatkan biji plastik murni dan bukan biji plastik hasil daur ulang
Positive,Neutral,Positive,Neutral,penggunaan plastik indonesia sangat memprihatikan sekali karena itu daur ulang sampah plastik harus dilakukan.
Positive,Neutral,Positive,Neutral,dukung gerakan daur ulang kurangi sampah plastik di indonesia.
Negative,Negative,Neutral,Negative,press release : pelet plastik daur ulang dari indonesia mengandung bahan kimia beracun
Positive,Neutral,Positive,Positive,inovatif mahasiswa its bikin alat daur ulang limbah plastik menjadi bbm sumber: | media kolaborasi indonesia. its limbahplastik daurulang bbm beritapendidikan surabayanews itsnews jatimnews ketikmedia beritaterkini
Negative,Negative,Neutral,Negative,daur ulang sampah plastik di indonesia masih minim menyentuh 7 persen
Negative,Positive,Positive,Positive,sudrajad tujuan impor sampah plastik terutama untuk bahan baku daur ulang yang lebih murah dibandingkan plastik baru. ini menguntungkan industri daur ulang dan ekonomi terutama di negara berkembang seperti indonesia dengan margin keuntungan 5-20%. namun ada tantangan besar. banyak
Positive,Neutral,Neutral,Positive,bank mandiri terbitkan kartu debit dan e-money plastik daur ulang pertama di indonesia
Neutral,Neutral,Neutral,Positive,pb pasi gandeng mills jersey timnas indonesia dibuat dari daur ulang sampah plastik
Neutral,Neutral,Neutral,Positive,daur ulang plastik menjadi bbm made in indonesia..
Positive,Positive,Neutral,Neutral,- pt venteny fortuna international tbk (venteny) berkolaborasi dengan pt plastic bank indonesia (plastic bank) untuk mengumpulkan lebih dari 20 ribu kg plastik daur ulang yang setara dengan satu juta botol plastik hingga tahun 2024. aksi ini diharapkan
Positive,Neutral,Neutral,Positive,pertama di indonesia bank mandiri terbitkan kartu debit dan e-money berbahan plastik daur ulang bankmandiri emoney
Neutral,Positive,Neutral,Positive,&lt;p&gt;pt bank negara indonesia tbk (bni) menyediakan mesin otomatis untuk mendukung layanan daur ulang botol plastik dan kaleng bekas dalam acara java jazz festival 2024 di jiexpo kemayoran jakarta&lt;/p&gt;
Positive,Positive,Neutral,Positive,pt alba tridi plastics recycling indonesia mendapatkan pinjaman hq untuk pembangunan fasilitas daur ulang plastik pet di indonesia Indonesia. alba group adalah perusahaan daur ulang dari jerman yang berkiprah di beberapa negara asia termasuk indonesia. IndonesiaGermany
Neutral,Neutral,Positive,Positive,sebenarnya memang indonesia butuh sampah plastik dari jepang utk di daur ulang karena sampah plastik indonesia klo mau didaur ulang butuh banyak proses karena tercampur dgn sampah yg lain. dan sampah dari jepang itu lebih murah harganya.
Neutral,Neutral,Positive,Positive,berkontribusi dalam pengelolaan sampah plastik di indonesia ini unit bisnis daur ulang yang berdayakan pemulung jadi pelaku industri ekonomi sirkular
Positive,Positive,Neutral,Positive,coca-cola europacific partners indonesia dan dynapack asia resmikan fasilitas daur ulang botol plastik pet di bekasi. sustainable sustainability berkelanjutan keberlanjutan csr majalahcsrid indonesia bisnisberkelanjutan botolpet botolplastik
Neutral,Positive,Neutral,Positive,daur ulang botol plastik menjadi tempat pensil di indonesia
Positive,Neutral,Positive,Neutral,hari lingkungan hidup dunia vale ajak ibu pkk se-loeha raya belajar daur ulang sampah plastik: perusahaan tambang vale indonesia tbk (pt vale) menggelar rangkaian kegiatan peringatan news harilingkunganhidupsedunia harilingkunganhidupdunia ibupkk
Positive,Neutral,Neutral,Neutral,deklarasi monumental itu ditandatangani oleh ketua umum/sekjen sejumlah lembaga yang dimotori oleh asosiasi daur ulang plastik indonesia( adupi) kemudian asosiasi bank sampah indonesia (asobsi) indonesia plastic recyclers (ipr) ikatan pemulung indonesia (ipi)
Neutral,Neutral,Neutral,Negative,pameran gaun daur ulang dari limbah plastik curi perhatian di cpi: ada pemandangan tak biasa di center point of indonesia (cpi) makassar pada perayaan ulang tahun ke-37 pramita minggu 6 oktober 2024. news cpi gaundaurulang pameran pramita
Neutral,Positive,Neutral,Positive,gandeng dynapack asia ccep indonesia resmikan fasilitas daur ulang botol plastik | harian momentum
Positive,Positive,Neutral,Positive,semakin banyak mesin olah sampah plastik semakin bagus. btw ada juga loh sampah plastik yang sulit di daur ulang dan yang mudah. yuk kenali jenisnya indonesia urutan 2 di dunia hasilkan sampah plastik vokasi ui hadirkan mesin olah sampah plastik
Neutral,Neutral,Neutral,Positive,anak artis amerika serikat zooey deschanel viral karena kirim surat ke startup daur ulang indonesia request plastik rasa cokelat.
Positive,Positive,Neutral,Positive,dalam peluncuran pabrik daur ulang botol plastik ccep indonesia dan dynapack asia mempromosikan pendekatan yang disebut-sebut akan memacu ekonomi sirkular dan membantu mengatasi masalah lingkungan. baca artikel selengkapnya di green network indonesia:
Neutral,Neutral,Positive,Positive,pakaian dari bahan daur ulang plastik turut meriahkan festival muaro di indonesia festival muaro di kota padang sumatera barat telah diadakan pada..
Neutral,Negative,Neutral,Negative,coba kalau gini apa gak malu kita ? bukan prestasi yg mendunia tapi malah sampahnya yg mendunia. pabrik daur ulang sampah hrus digalakkan agar ekonomi sirkular jg makin tumbuh. saat sampah plastik dari indonesia ditemukan terdampar hingga afrika
Negative,Positive,Positive,Positive,padahal banyak potensi cuan yang bisa dihasilkan dri daur ulang sampah yang bisa jadi pengembangan ekonomi sirkular. tingkat daur ulang sampah plastik di indonesia masih rendah
Positive,Positive,Neutral,Positive,coca-cola europacific partners indonesia dan dynapack asia memungkinkan sirkulasi lokal untuk botol plastik dengan pendirian fasilitas daur ulang pet amandina bumi nusantara dan yayasan mahija parahita nusantara copy
Positive,Neutral,Positive,Positive,indonesia mampu melakukannya tinggal menunggu gercep mas tweet &amp; membuat aturan setiap kota &amp; kabupaten harus punya bumd pabrik daur ulang plastik &amp; lain secara serentak. serapan tenaga kerjanya bisa menumbuhkan ekonomi indonesia. bravo
Negative,Negative,Neutral,Negative,new post: daur ulang sampah indonesia baru bisa atasi 10 persen sampah plastik
Positive,Positive,Neutral,Positive,ketua umum asosiasi daur ulang plastik indonesia (adupi) christine halim mengungkapkan industri daur ulang mampu menjadi penghubung dalam lingkaran ekonomisirkular yang selama ini tidak tersambung. stage 1
Positive,Neutral,Neutral,Neutral,its/ random thought bisa ga ya uang kertas di sini jadinya make bahan jenis plastik kayak di luar negeri? atau make plastik daur ulang yg kebuang gitu.. sekalian olah sampah plastik..
Neutral,Neutral,Positive,Positive,siapa bilang sampah tidak berharga? letda inf. sunariyono prajurit kodam v/brawijaya sukses olah sampah plastik jadi sumber penghasilan! simak kisahnya di podcast kodam v/brawijaya. simak selengkapnya disini
Neutral,Neutral,Neutral,Positive,hari bumi sedunia citraland konsisten olah puluhan ton sampah plastik hingga bangun ev charging
Neutral,Neutral,Positive,Positive,kreatif! diblokade israel warga gaza olah sampah plastik jadi bahan bakar -
Neutral,Neutral,Neutral,Positive,cuaca buruk nelayan putar otak olah sampah plastik
Positive,Neutral,Positive,Positive,keren mahasiswa ugm ini berhasil olah sampah plastik menjadi minyak
Neutral,Neutral,Neutral,Positive,warga dusun sawah garung loji olah sampah plastik jadi bbm
Positive,Neutral,Positive,Positive,kemenperin temukan inovasi olah sampah plastik jadi bbm setara solar!
Neutral,Neutral,Positive,Positive,jatim jajaki olah sampah plastik jadi listrik untuk industri
Neutral,Neutral,Positive,Positive,manfaatkan limbah warga olah sampah plastik menjadi tenun
Neutral,Neutral,Positive,Positive,cerita pria di samarinda berhasil olah sampah plastik jadi bahan bakar minyak greenwall greenx iknkita iknnusantara iknsejahterakanindonesia samarinda kalimantantimur city indonesia oil kalimantan cleanenergy cleanscience cleanup
Positive,Positive,Neutral,Positive,pabrik daur ulang grup alba mampu olah sampah plastik 48.00 ton/tahun
Neutral,Neutral,Neutral,Positive,ini dia cara olah sampah plastik jadi bahan baku 3d printing
Neutral,Neutral,Neutral,Positive,warga siten olah sampah plastik jadi minyak tanah via
Neutral,Neutral,Neutral,Positive,pemkab kobar cari ide olah sampah plastik menjadi barang ekonomi
Neutral,Neutral,Neutral,Positive,pemkab kobar cari ide olah sampah plastik agar bernilai ekonomis
Neutral,Neutral,Neutral,Positive,kkn uad bantu warga olah sampah plastik jadi bahan bakar diesel - - uad universitasahmaddahlan uadunggul weareuad muhammadiyah islamberkemajuan unggul newsuad
Positive,Neutral,Neutral,Positive,pabrik kertas di mojokerto ini bakal olah sampah plastik jadi energi listrik jawatimur
Neutral,Neutral,Positive,Positive,warga rt 02 gang pande lamaru olah sampah plastik jadi kerajinan ini hasilnya via
Neutral,Neutral,Positive,Neutral,mnc peduli dan mnc sekuritas dukung pkk sumur batu olah sampah plastik sindonews bukanberitabiasa .
Neutral,Neutral,Positive,Positive,kota bogor siap olah sampah plastik
Neutral,Neutral,Neutral,Positive,kreatif wbp lapas tanjungpandan olah sampah plastik menjadi media tanam hidroponik.
Neutral,Neutral,Neutral,Positive,olah sampah plastik jadi pupuk pemkab karo dan pt nses jalin kerja sama
Neutral,Neutral,Positive,Positive,klhk ajak masyarakat olah sampah plastik jadi sumber daya ekonomi
Neutral,Neutral,Neutral,Positive,olah sampah plastik dengan proses pirolisis via
Neutral,Neutral,Positive,Positive,kreatif petugas upk badan air duren sawit olah sampah plastik dari sungai jadi pernak-pernik
Neutral,Neutral,Positive,Positive,keren! warga di pinggiran ibu kota olah sampah plastik jadi berkah
Positive,Neutral,Neutral,Positive,mimpi punya rumah baca di pancoran terus tinggalnya di kalibata city. rame banget anak-anaknya sambil belajar olah sampah plastik. sayangnya mesti kebangun. dahlah ngopi dulu baru lanjut tidur lagi
Positive,Neutral,Positive,Positive,inovasi sampah anorganik warga yogyakarta olah limbah plastik jadi produk batako
Neutral,Neutral,Neutral,Positive,dlh tanjungpinang olah sampah plastik jadi bbm
Neutral,Neutral,Positive,Positive,inovatif warga boyolali olah sampah plastik jadi bahan bangunan
Neutral,Neutral,Positive,Positive,warga cilegon olah sampah plastik jadi bbm sebulan hasilkan 800 liter
Neutral,Neutral,Positive,Positive,warga sukoharjo olah sampah plastik jadi bbm solar dijual rp7.00/liter
Positive,Neutral,Positive,Neutral,olah sampah plastik program bersih indonesia buka 3.00 lapangan kerja
Neutral,Neutral,Positive,Positive,warga sukoharjo olah sampah plastik jadi bbm pertalite dijual rp7.00/liter
Neutral,Neutral,Neutral,Positive,gaet perusahaan asal inggris pemkot bogor akan olah sampah plastik di galuga
Neutral,Neutral,Positive,Positive,fakta-fakta warga sukoharjo olah sampah plastik jadi bbm solar dijual murah
Neutral,Neutral,Neutral,Positive,inovasi brigadir agus hartono olah sampah plastik jadi bbm solar di kolaka
Positive,Neutral,Positive,Neutral,mnc peduli dan mnc sekuritas ajak anggota pkk bantar gebang olah sampah plastik mncpeduli
Positive,Neutral,Positive,Positive,siswa smpn 56 batam olah sampah plastik jadi kursi ecobrick kreatif batam
Neutral,Neutral,Neutral,Positive,kelompok ekowisata desa kulati olah sampah plastik jadi bbm solar
Neutral,Neutral,Positive,Positive,wuih.. warga banjarnegara olah sampah plastik jadi bbm setara pertamina dex
Positive,Neutral,Neutral,Positive,industrialisasi untuk zero waste kini ntb mampu olah sampah plastik menjadi solar
Neutral,Neutral,Positive,Positive,keren dlhk3 banda aceh olah sampah plastik jadi minyak mentah
Positive,Neutral,Positive,Positive,kreatifitas olah sampah plastik jadi furniture cantik sampah plastik telah lama menjadi masalah lingkungan hidup karena begitu sulit terurai secara alami. namun di tangan ..
Neutral,Neutral,Neutral,Positive,dlhk3 banda aceh olah sampah plastik jadi minyak mentah dengan teknologi pirolisis
Positive,Neutral,Neutral,Neutral,kemenparekraf dan smeshub kolaborasi olah sampah plastik sandiaga uno: ciptakan lapangan kerja
Neutral,Neutral,Positive,Positive,bumdesa bagus di kabupaten malang olah sampah plastik jadi bbm timesindonesia ketahananinformasi beritabaik
Neutral,Neutral,Positive,Positive,klhk ajak masyarakat olah sampah plastik jadi sumber daya ekonomi
Neutral,Neutral,Neutral,Positive,chandra asri gandeng sinar mas olah sampah plastik untuk aspal jalan
Positive,Neutral,Positive,Positive,bupati banyumas ajak masyarakat olah sampah plastik menjadi paving
Neutral,Neutral,Positive,Positive,perusahaan inggris olah sampah plastik kabupaten bogor jadi biodiesel
Positive,Neutral,Positive,Positive,mahasiswa universitas muhammadiyah malang olah sampah plastik jadi bahan baku furniture simak! - tribun jatim
Neutral,Neutral,Neutral,Positive,warga sleman olah sampah plastik jadi bbm
Positive,Neutral,Neutral,Positive,dlhk3 banda aceh olah sampah plastik jadi minyak mentah dengan teknologi pirolisis
Positive,Neutral,Positive,Positive,cara pln peduli lingkungan olah sampah plastik jadi paving block: guna membantu mengatasi permasalahan sampah pt pln (persero) unit induk wilayah sulselrabar memberikan bantuan pengembangan paving block dari sampah news plnpedulilingkungan ptpln
Neutral,Neutral,Neutral,Positive,dlh tanjungpinang olah sampah plastik jadi paving blok
Positive,Neutral,Positive,Positive,dituntut terampil anak didik lpka lombok tengah olah sampah plastik menjadi kerajinan bernilai jual berita selengkapnya..
Neutral,Neutral,Positive,Positive,peduli lingkungan olah sampah plastik jadi bunga cantik
Neutral,Neutral,Neutral,Positive,brin perkenalkan olah sampah kantong plastik dengan teknologi ecobrick
Positive,Neutral,Neutral,Neutral,bank sampah se-kota kediri ikuti workshop olah sampah plastik
Neutral,Positive,Neutral,Positive,tangani masalah sampah buangdisini aktif beli dan olah sampah plastik
Neutral,Neutral,Neutral,Positive,abdimas tim dosen itn malang olah sampah plastik jadi paving
Positive,Neutral,Neutral,Positive,keren pemuda di pesisir kota pasuruan ini olah sampah plastik jadi bbm lewat beritahariini beritapasuruan beritalumajang beritaprobolinggo infolumajang infoprobolinggo infopasuruan instatoday trendingtopic infoterkini
Positive,Neutral,Neutral,Neutral,peduli lingkungan lpdp latih 50 anak olah sampah plastik jadi barang bernilai
Positive,Neutral,Positive,Positive,mampu olah sampah plastik jadi bbm desa sidorekso akan dapat bankeu rp500 juta
Neutral,Neutral,Positive,Positive,kreatif warga lima puluh kota olah sampah plastik jadi paving block
Neutral,Neutral,Neutral,Positive,brin dan pemkot semarang olah sampah plastik jadi bbm
Neutral,Neutral,Neutral,Neutral,butuh waktu 9 jam warga cilegon olah sampah plastik jadi bbm
Positive,Neutral,Neutral,Positive,olah sampah plastik jadi bahan bakar brin dan bank sampah banjarnegara kembangkan petasol
Neutral,Neutral,Positive,Positive,napi rutan olah sampah plastik jadi perhiasan adat bugis makassar
Neutral,Neutral,Neutral,Positive,news antara antaranews antaranews aremaniainfo kelompok ekowisata desa kulati olah sampah plastik jadi bbm solar antara news
Positive,Neutral,Positive,Positive,sampah plastik biasanya menjadi masalah karena susah terurai dan menumpuk di tpa. namun warga gunung pati semarang memiliki inovasi pengolahan sampah plastik. mereka menyulap sampah plastik menjadi bahan bakar minyak (bbm) dengan alat rakitan sendiri dari bahan bekas. simak
Neutral,Negative,Neutral,Negative,project merit dari ungkap fakta menarik: 70% sampah di bali adalah organik. bukan cuma sampah plastik yang bahaya sampah organik juga ancaman karena menghasilkan gas metana saat membusuk. metana lebih berbahaya dari co₂ dalam hal pemanasan global &amp; kesehatan.
Negative,Negative,Neutral,Negative,liputan penting: pabrik tahu di surabaya pakai bahan bakar sampah plastik sehingga kontaminasi dioksinnya sangat tinggi kayaknya kebanyakan orang indonesia gak tahu bahaya membakar sampah plastik ya?
Neutral,Negative,Neutral,Negative,sampah gelas plastik aqua jadi salah satu biang kerok peningkatan drastis timbulan sampah di bali selama 10 tahun terakhir. isu ini yang sejalan dengan permen lhk 75/2019 menjadi latar belakang munculnya se gubernur bali jelang hari bumi 2025 terkait larangan produksi air
Neutral,Neutral,Positive,Positive,keren banget ya ini.. warga gunungpati semarang ubah sampah plastik jadi bahan bakar minyak
Negative,Positive,Positive,Positive,indonesia buang 68 5 juta ton sampah per tahun. 17% di antaranya plastik. kalau setengahnya aja diolah kayak gini kita bisa: black small squarekurangi tumpukan sampah black small squarekurangi impor bbm black small squarebuka lapangan kerja lokal tapi ya.. semua balik ke satu hal: kemauan politik.
Neutral,Negative,Negative,Negative,nonton dah ancur banget buset bahan bakarnya pake sampah plastik.. gmn org ga pada gampang sakit skrg
Negative,Neutral,Neutral,Neutral,perusahaan lain udah ngapain aja nih buat ngelola sampah plastik? (bertanya dengan nada lembut)
Positive,Neutral,Neutral,Neutral,gubernur bali wayan koster menunjukkan komitmen serius dalam menuntaskan persoalan sampah di pulau dewata. berbagai instrumen kebijakan dan langkah nyata pun disiapkan sebagai bagian strategi dan langkah besar membebaskan bali dari sampah khususnya sampah plastik. wayan koster
Neutral,Negative,Neutral,Negative,400 juta ton sampah plastik dalam setahun yg diproduksi manusia! ini gila!! image from
Positive,Neutral,Neutral,Neutral,ngomongin sampah danone aqua kalian pasti sering dengar atau lihat kampanye danone aqua soal peduli lingkungan apalagi jelang hari bumi 2025? nah momen hari bumi ini pas banget buat kita lihat lagi janji &amp; komitmen mereka soal sampah plastik
Positive,Neutral,Positive,Positive,kasut bergaya dari sampah plastik? sebuah syarikat dari nigeria salubata berjaya mencipta kasut modular yang boleh diubah suai daripada sampah plastik yang dikitar semula!
Positive,Neutral,Positive,Positive,video cara pembuatan beras plastik? periksafakta factcheck bukan proses pembuatan beras plastik fakta: video yang dibagikan adalah proses daur ulang sampah plastik untuk dijadikan pelet plastik. ..
Neutral,Negative,Neutral,Negative,amdk gelas plastik sampah kecil yang mencemari lingkungan
Neutral,Negative,Neutral,Negative,‍ jadwal terbaru car free day april 2025! ‍ halo warga surabaya! berikut jadwal terbaru car free day (cfd) hari: setiap minggu alarm clock waktu: 06.00 - 09.00 wib tips untuk cfd: gunakan pakaian nyaman bawa botol minum ramah lingkungan hindari sampah plastik
Neutral,Negative,Neutral,Negative,10 jenis sampah plastik yang paling lama terurai butuh 6 abad
Positive,Negative,Neutral,Negative,awal yg bagus tapi harus diikuti dg perda untuk mengurangi pemakaian plastik sekali pakai dan improvement penanganan sampah dan edukasi kepada masyarakat yg teris menerus
,Negative,Negative,Negative,recycling sampah juga sulit karena harus dipisah. kita baru diajarin buang sampah pada tempatnya (masih bandel jug) belum buang sampah terpilah pada tempatnya . plastik punya banyak zat aditif (warna elastomer) per brand beda. jika direcycle bareng hasilnya jelek.
Neutral,Negative,Neutral,Negative,inget hashtag bijakberplastik atau klaim kemasan 100%recycleable dari aqua? ternyata klaim itu rasanya jauh panggang dari api kalau lihat produksi masif aqua gelas 220ml yg masih jalan terus. gelas kecil ini justru jadi salah satu biang kerok sampah plastik.
Neutral,Negative,Neutral,Negative,nah karena produsennya terkesan abai aturan &amp; janji2 doang pemerintah harus ambil tindakan tegas. mumpung momen hari bumi kita perlu desak pemerintah menindak danone aqua soal sampah kemasan gelas plastik kecil yg sudah terbukti merusak indonesia.
Neutral,Negative,Neutral,Negative,impor sampah plastik membawa risiko besar. meskipun diklaim sudah dipilah sampah ini masih bisa mengandung bahan berbahaya. headline
Neutral,Neutral,Neutral,Negative,sobat intress sadar nggak sih kalau bumi semakin panas? tapi jangan salahin buminya ya! bumi sudah makin lelah melihat sampah plastik yang kian menggunung. apalagi sampah plastik sachet biasanya cuma berakhir di tempat sampah saja. haribumi ecooffice kantorramahlingkungan
Neutral,Positive,Positive,Positive,aneka kreasi pemanfaatan sampah anorganik berikut ini adalah salah satu bentuk pemanfaatan limbah aneka jenis plastik (ada 7 macam) yang salah satunya ini menjadi bahan pengisi bantal di rumah. indonesiadaruratsampah pilahsampahdarirumah wastemanagement climatechange
Neutral,Neutral,Positive,Positive,elledesigntalk: isu sampah yang makin bikin resah menginisiasi sungai design untuk merancang furnitur ergonomis sebagai solusi pengelolaan sampah plastik. simak interview kami bersama sang pemenang penghargaan 'future on stage' di maison et objet 2024:
Positive,Neutral,Positive,Neutral,2016 plogging sendiri kasih edukasi soal sampah plastik ganti tahun yang di surabaya sudah banyak yg mau peduli start small gpp semua akan peduli pada waktunya kemarin teman2 yg nemu sampah pada hepi2 banget
Neutral,Negative,Neutral,Negative,kendala yang ada sangat banyak 1. kemiringan lahan yang sangat terjal 2.banyak batu batu besar yang bisa menggelinding kebawah kapan saja karena tidak ada penahan 3.lahan berupa pasir 4. banyak pohon pohon besar yang harus dicabut 5. sampah plastik dimana mana 6.sisa lahan
Positive,Positive,Negative,Positive,anak di sekolah dapat tugas bikin ecobrick tapi botolnya minta yang 1 5 liter. bukannya ecobrick ini konsepnya memanfaatkan botol bekas ya? kalau harus beli botol baru buat diisi sampah plastik ya bukan recycle dong namanya
Neutral,Neutral,Negative,Neutral,sahabatbahari coba pilih yang mana? kalau kamu cinta laut indonesia buktikan dengan mengurangi sampah plastik! tindakan kecil yang kamu lakukan hari ini akan berdampak baik untuk laut kita tentukan pilihan sahabatbahari di kolom komentar sampahplastik
Positive,Neutral,Positive,Positive,hilirisasi memang betul. tapi ya contohnya jangan daun teh tweet misal batubara menjadi dme sampah plastik menjadi listrik atau teknologi lain yg memungkinkan diterapkan di indonesia &amp; bisa mengangkat sosial ekonomi masyarakat.
Positive,Neutral,Positive,Neutral,hari bumi adalah pengingat bahwa setiap tindakan kecil kita berarti. ayo lindungi alam kurangi sampah plastik dan cintai planet ini seperti rumah sendiri. selamat hari bumi! dukcapil dukcapiljateng dukcapilpurbalingga pemkabpurbalingga purbalingga
Positive,Neutral,Positive,Neutral,gunungpati ubah sampah plastik jadi bbm pemkot semarang dorong uji laboratorium kecamatan gunungpati ubah sampah plastik jadi bbm. pemkot semarang gandeng universitas untuk uji laboratorium dan dukung inovasi ramah lingkungan.
Negative,Negative,Negative,Negative,gini anda ngelarang bakar sampah dan fafifunya. tapi warga butuh solusinya juga. kalo ga dibakar lalu diapakan? harusnya juga diberikan fakta bahwa penanganan sampah di indo khususnya plastik emang jelek. hasilnya bakar sampah jadi alternatif. kalo dilarang lalu harus apa?
Neutral,Positive,Neutral,Positive,buat area jogja bisa donasi kesini minimal sampah plastik seperti botol minum saja sudah cukup membantu dah bbrp kali donasi sampah. donasi bentuk uang atau buku bisa langsung dm saja
Neutral,Negative,Neutral,Negative,di indonesia sendiri ditemukan sebanyak 201 kg sampah. di antaranya ada 79 7% sampah plastik sekali pakai dan 9 2% sampah plastik daur ulang.
Neutral,Negative,Neutral,Negative,wakil ketua komisi vii dpr ri evita nursanty meminta kementerian perindustrian (kemenperin) mendukung upaya mewujudkan bali bebas sampah plastik sekali pakai antara lain dengan melarang produksi air minum dalam kemasan.
Neutral,Neutral,Positive,Positive,paving block dari sampah plastik? ada! siapa sangka limbah plastik bisa jadi solusi keren buat halaman dan taman yang estetik? di bank sampah pepeling berdaya desa berdaya ciparay sampah plastik diolah jadi paving block ramah lingkungan yang kuat dan bermanfaat! semua ini
Neutral,Neutral,Positive,Positive,kantong kresek bekas pakai kalau sudah terkumpul di sortir dan terpacking adalah bahan baku yg bernilai tinggi ini di pabrik daur ulang plastik saya cv sumber makmur di pasuruan saya terima sampah plastik kantong kresek saya olah dicuci digiling dijadikan biji plastik lalu
Neutral,Positive,Positive,Positive,dalam rangka peringatan hari bumi 2025 perusahaan elektronik rumah tangga modena melakukan kunjungan ke ecollabo8 pelaku inovasi daur ulang plastik berbasis di bali
Positive,Neutral,Positive,Positive,kemanapun pergi selalu bawa botol minum sendiri matikan listrik saat keluar ruangan kurangi penggunaan ac nanem pohon di pekarangan rumah membuat pupuk dari sampah organik daur ulang plastik bekas kha quizharibumitelkom
Neutral,Positive,Neutral,Positive,video pembuatan beras dari plastik dokumentasi yang beredar adalah video daur ulang sampah plastik menjadi pelet putih atau butiran plastik putih. unggahan video berisi klaim pembuatan beras dari plastik merupakan konten yang menyesatkan (misleading
Neutral,Neutral,Negative,Neutral,tingkat daur ulang plastik di dunia baru 9 persen ~sa daurulang limbahplastik pengelolaanlimbah
Neutral,Neutral,Positive,Positive,itu plastik daur ulang bro.. musti dijadiin pellet dulu sebelum dipake untuk produksi produk plastik yg lain..
Neutral,Negative,Negative,Negative,demi allah muak bgt sama iklan le mineral. mulai dari botol sekali pakai lebih higienis daripada daur ulang segel tutup botol sekarang iklan daur ulang sampah plastik?? galon sekali pake lu noh nyampah ajgghh
Neutral,Positive,Neutral,Positive,bukan kaleng22 mungkin secara harfiah maksudnya plastik daur ulang (mungkin)
Negative,Positive,Neutral,Positive,apapun yg dihitungnya dgn berat pasti ada cara curangnya kmrn habis ngobrol sama pengusaha daur ulang yg cerita sering ada batu/pemberat lain di dlm sampah plastik bekas bangsa yg pintar &amp; kreatif utk korupsi
Positive,Neutral,Positive,Positive,pelatihan daur ulang sampah plastik di sma st. yosef surakarta menjadi barang yang bernilai ekonomis.
Neutral,Positive,Positive,Positive,video dari tiktok yt atau fb bagaimana daur ulang plastik bekas menjadi biji plastik siap produksi lagi biasanya di pakistan. lalu sama orang² yg gak ada kerjaan di narasikan sebagai beras dari botol bekas.
Positive,Positive,Positive,Positive,mengenal jenis sampah dan cara daur ulangnya itu penting! sampah organik bisa didaur ulang jadi kompos. sampah plastik bisa jadi barang baru. daur ulang itu langkah cerdas. lindungi bumi kita dengan daur ulang. mengenal jenis sampah bikin daur ulang lebih mudah.
Neutral,Negative,Negative,Negative,biasanya yang dibakar gini sampah plastik kalaupun dibawa ke tpa ujungnya nanti juga ditimbun atau dibakar. faktanya cuman 10% plastik dunia yang bisa di daur ulang. solusinya reuse dan stop penggunaan plastik sekali pakai.
Positive,Neutral,Neutral,Positive,wagub nyanyang kunjungi pt. free the sea tinjau industri daur ulang sampah plastik di batam
Positive,Neutral,Neutral,Positive,mobil konsep kia ev3 dibuat dari kain dan plastik daur ulang uzoneid
Negative,Positive,Neutral,Negative,sebenarnya botol plastik itu bisa di daur ulang pun dengan aqua dsb mereka pakai botol daur ulang dari botol plastik sebelumnya. yg jadi masalah sebenarnya sampah plastik lainnya yg tidak bisa di daur ulang tapi yg dibatasi botol plastik. sedikit agak lucu.
Neutral,Neutral,Positive,Positive,itu bukan beras itu biji plastik dr daur ulang limbah plastik. stlh jd biji plastik nantinya bs u/mmbuat pruduk² dr plastik sesuai bahan masing² dgn cr dicetak mnggunakan mesin injection molding(helm ember dll) mesin blowing(jeriken bola dll) mesin extruder(plastic sheet).
Neutral,Positive,Positive,Positive,tidak benar bahwa nasi dibuat dari beras botol bekas. klaim ini adalah bagian dari mitos beras plastik yang telah dibantah. video mungkin menunjukkan proses daur ulang plastik menjadi butiran bukan beras yang bisa dimakan. beras asli berasal dari tanaman padi dan beras buatan
Neutral,Positive,Neutral,Positive,coba di cek lagi di link ini deh sebelum share. video ini merupakan kegiatan proses daur ulang sampah plastik menjadi pelet putih atau butiran plastik putih yang akan dijadikan bahan membuat plastik kembali. bukan beras plastik ya! biasakan untuk cek dahulu sebelum
Neutral,Neutral,Neutral,Positive,yg bikin caption goblok apa tolol seh? itu mah biji plastik hasil daur ulang setolol i i kah biar dapet engagement
Neutral,Negative,Neutral,Negative,untuk daur ulang memang begitu. cuma diplintir ke nasi dan kejamnya dunia. wkwkwkkwk lu makan tuh bijih plastik
Neutral,Positive,Neutral,Positive,ya kemungkinan besar ini biji plastik daur ulang bukan beras. video itu sepertinya menunjukkan proses daur ulang plastik menjadi pelet (nurdles) untuk produk baru bukan makanan. tidak ada proses yang kredibel untuk mengubah plastik jadi beras yang bisa dimakan. faktanya klaim
Neutral,Neutral,Negative,Neutral,dituding jadi sumber pencemaran pabrik daur ulang plastik gunakan ipal sirkulasi - googlealerts
Neutral,Neutral,Negative,Neutral,pabrik daur ulang plastik di tamansari tetap berjalan meski tanpa izin pbg dan slf - googlealerts
Neutral,Neutral,Positive,Positive,daur ulang plastik jadi tas? luar biasa sekali
Positive,Neutral,Positive,Positive,brin dorong inovasi teknologi iradiasi untuk daur ulang plastik berbasis ekonomi sirkular
Positive,Neutral,Neutral,Neutral,bri terus berkomitmen pada lingkungan dengan mendukung daur ulang plastik melalui rvm bri peduli! bripeduli worldcleanupday briliandancemerlang qrislink
Negative,Neutral,Neutral,Neutral,soal pabrik daur ulang plastik pemkot tasikmalaya tak berkutik karena hal ini bodoh kalian pakai regulasi tentang lingkungan hidup donk atau kalian dapat sesuatu
Positive,Neutral,Positive,Positive,komitmen bsi terhadap green activity sangat mengapresiasi! mesin rvm yang disediakan di seluruh indonesia mendukung pengurangan emisi karbon dan daur ulang plastik. kinerjabsiimpresif
Positive,Neutral,Positive,Positive,berapa lama sampah plastik terurai di alam buku bacaan anak yang memiliki tema lingkungan hidup mengikuti workshop karya daur ulang sampah plastik teladan dalam perilaku keseharian
Neutral,Neutral,Positive,Neutral,limbah plastik bisa di daur ulang untuk mengatasi banjir limbah plastik daurulang banjir news beritaterkini
Neutral,Neutral,Neutral,Positive,cek [grosir] set 4pcs plasma tatakan alas gelas coaster bulat kotak custom | daur ulang plastik souvenir dengan harga rp56.00. dapatkan di shopee sekarang!
Neutral,Neutral,Positive,Positive,umkm di kota tangerang ini berhasil daur ulang sampah plastik - kabarklik beritaterkini news newsupdate kabarklik
Positive,Neutral,Neutral,Positive,forsale mesin daur ulang plastik aluminium jenis: dari 200-100kg/jam untuk dipilih produk: aluminium &amp; plastik email: market.com whatsapp/wechat/phone: +86 150 3713 8562
Positive,Positive,Positive,Positive,nabung sampah plastik dapat hadiah menarik? ternyata bisa dengan reverse vending machine (rvm). pada tahun 2023 indonesia menghasilkan 19 5 juta ton sampah dengan 3 6 juta ton di antaranya adalah sampah plastik. rvm hadir sebagai solusi inovatif untuk masalah ini. mesin rvm
Positive,Positive,Positive,Positive,bayangkan kalau setiap botol plastik yang kita buang sembarangan malah berakhir mencemari laut atau mengotori lingkungan selama ratusan tahun. tapi ada solusi yang lebih baik!
Positive,Neutral,Positive,Positive,unilever indonesia mengajak masyarakat untuk terlibat aktif dalam mengelola sampah plastik melalui edukasi ekonomi sirkuler sampah plastik rumah tangga
Positive,Neutral,Neutral,Neutral,ternyata limbah plastik di rumah bisa dilelang juga ya? aqua perkenalkan program lelang sampah solusi inovatif buat masalah sampah. keren banget!
Negative,Positive,Neutral,Positive,di jabar itu ada 5 pabrik semen semua punya fasilitas pengolahan sampah plastik jd bahan bakar bahkan pemerintah jakarta sdh kerjasama dgn indocement knp pemda jabar msh terlihat bingung memang tdk akan bs menampung semua tp ada solusi lho.
Positive,Neutral,Positive,Neutral,akhirnya kesampaian juga main visualisasi pakai sankey diagram dengan cara lebih praktis hehehe bikinnya di sini ya postingan lengkapnya (bahas potensi solusi dari krisis limbah plastik) plasticrecycling postconsumerplastic
Positive,Neutral,Positive,Positive,kerenn.. bangunan sekolah dari sampah plastik.. solusi atasi 'banjir sampah' di indonesia dan dimanfaatkan untuk hal yg berguna
Positive,Neutral,Positive,Positive,daur ulang plastik merupakan salah satu solusi untuk mengatasi sampah plastik yang makin hari makin memprihatinkan. bersih aman nyaman akbpbagusnyomangedejunaedi polreslombokbarat ceria fyp video viral ramadhan2024 bulanpuasa berkah
Negative,Negative,Negative,Negative,polusi plastik di indonesia: tantangan dan solusi menurut laporan kementerian lingkungan hidup dan kehutanan (klhk) tahun 2022 indonesia merupakan penyumbang sampah plastik terbesar kedua di dunia setelah tiongkok dengan 9 85 juta ton sampah per tahun yang masuk ke laut.
Positive,Neutral,Neutral,Neutral,dari sampah plastik menjadi solusi! yuk cari tahu caranya di program yok kita gas klbbri berkahramadan2025 qrisbri
Neutral,Neutral,Positive,Positive,ecobrick merupakan salah satu solusi efektif untuk mengurangi limbah plastik. dengan mendaur ulang sampah plastik menjadi ecobrick kita bisa membantu mengurangi plastik yang menimbulkan dampak negatif bagi lingkungan serta dapat memanfaatkan ecobrick menjadi barang yang
Negative,Neutral,Negative,Neutral,twit ini bkn untuk nyalahin pandawara tp ditujukan ke pemerintah yg gamau cari solusi ttg permasalahan sampah plastik. ada kok umkm yg bergerak di bidang pengolahan sampah (aku lupa nama umkm nya) tp sepertinya tidak disupport negara
Neutral,Negative,Neutral,Negative,jadi tren ecobrick bukan solusi jangka panjang sampah plastik
Positive,Neutral,Neutral,Neutral,pt yakult indonesia persada berupaya melakukan pengelolaan sampah plastik dari pengurangan penggunaan kantong plastic pengadaan kemasan double pack &amp; penarikan sampah botol dari pelanggan. inilah komitmen yakult mewujudkan solusi sampah plastic melalui aksi integrase. ad
Positive,Neutral,Positive,Positive,teknologi radiasi: solusi inovatif untuk atasi masalah limbah plastik di indonesia lewat news
Neutral,Neutral,Negative,Neutral,solusi ampuh terkait sampah plastik? mengurangi produksi dan penggunaan plastik..
Positive,Neutral,Positive,Positive,rebricks indonesia mengubah sampah plastik jadi bahan bangunan mendukung sdgs 9 &amp; 13. tonton video solusi berkelanjutan! apindo rebricksindonesia sdgs
Neutral,Neutral,Positive,Positive,berita lingkungan aspal plastik sebagai solusi inovatif untuk jalan lebih baik dan lingkungan lebih bersih
Neutral,Neutral,Positive,Positive,hanya ganjar mahfud yang dapat memberikan solusi untuk mencapai indonesia emas. nggak ada yang lain.. gagasan ganjar-mahfud sat set mengatasi pencemaran sampah plastik
Positive,Neutral,Neutral,Neutral,solusi memberantas polusi sampah plastik ada lebih dekat dibanding yang kita kira
Neutral,Neutral,Positive,Positive,pengurangan dan pengelolaan sampah plastik berbasis carbon neutral jadi solusi atasi pencemaran lingkungan
Neutral,Neutral,Positive,Positive,solusi cerdas! sampah plastik diubah menjadi jalan anti-banjir! feedsh.. lewat
Negative,Negative,Neutral,Negative,jadi tren ecobrick bukan solusi jangka panjang sampah plastik headline
Neutral,Neutral,Neutral,Positive,mesin extruder lembaran plastik solusi canggih untuk produksi lembaran plastik berkualitas tinggi! dengan teknologi modern mesin ini mampu menghasilkan material yang kuat presisi dan serbaguna. extruderplastik mesinindustri manufaktur injectionmolding teknologiindustri
Positive,Neutral,Neutral,Neutral,plana (plastic for nature) adalah perusahaan inovatif yang didirikan oleh juan aprilliano chandra &amp; keluarganya untuk mengatasi masalah limbah plastik sekaligus menciptakan solusi ramah lingkungan. simak perjalanan inspiratif plana lebih lengkap di
Neutral,Neutral,Positive,Positive,lewat tangan kreatif mereka limbah yang sulit hancur disulap menjadi potret dan karya seni bernilai tinggi. inilah bentuk kepedulian lewat kreativitas mengubah sampah jadi pesan dan menjadikan seni sebagai solusi. temukan wajah plastik di pasar gotong royong hanya di aplikasi
Positive,Neutral,Neutral,Neutral,blub solusi inovatif dari mahasiswa itb untuk kurangi sampah plastik berhasil raih prestasi di pertamuda 2024 selengkapnya: itbnews prestasiitb inovasi sampahplastik multidisiplin pendidikan transformasiitb itbsolid kampusmerdeka
Neutral,Positive,Neutral,Positive,bantu kembangkan ya gaes ya.. solusi sampah botol plastik
Neutral,Neutral,Positive,Positive,ecobrick: solusi kreatif mengatasi limbah plastik global
Positive,Neutral,Neutral,Positive,menghargai sampah plastik yang dikumpulkan bisa menjadi salah satu pilihan solusi mendorong minat masyarakat pilah-pilih sampah plastik.
Positive,Neutral,Neutral,Positive,dalam momentum penting peringatan hpsn 2024 dlh lumajang menggelar serangkaian kegiatan yang tidak hanya mencerminkan komitmen tetapi juga memberikan solusi konkret untuk mengatasi masalah sampah terutama sampah plastik. jumat (1/3/2024) selengkapnya:
Neutral,Negative,Neutral,Negative,solusi yg bener utk pengurangan limbah plastik bukan malah jual plastik harga mahal~
Negative,Negative,Negative,Negative,poinnya sampah plastik mau diapakan itu belum ada solusi yg jelas dari globalis klo solusinya dibuang di negara lain pasti akan ada negara sampah dibakar salah dibuang salah ditimbun salah sebagai akademisi apa proposal yg diajukan? klo sebagai aktivis memang yg oenting koar2
Positive,Neutral,Positive,Neutral,mending riset bikin avtur dari sampah2x plastik cobaa..kan bisa dapet solusi buat dua masalah..ya kan ya kan ?
Positive,Positive,Positive,Positive,brin dan iaea bekerja sama mengembangkan program nuclear technology for controlling plastic pollution (nutec plastic) sebagai solusi daur ulang limbah plastik
Neutral,Neutral,Positive,Positive,di indonesia ekonomi sirkular dapat menjadi solusi dalam mengurangi kebocoran pengelolaan sampah plastik. mubadalahid
Positive,Neutral,Neutral,Positive,brin bekerja sama dengan badan energi atom internasional (iaea) mengembangkan program nuclear technology for controlling plastic pollution (nutec plastic) sebagai solusi daur ulang limbah plastik.&amp;nbsp;
Positive,Positive,Positive,Positive,[blog] menggali kembali makna 3r: mencari solusi yang lebih berkelanjutan untuk sampah plastik
Neutral,Neutral,Positive,Positive,ecobrick solusi mahasiswa kkn uinsa atasi masalah sampah plastik di pantai bimo banyuwangi
Neutral,Neutral,Positive,Positive,grup mind id ubah sampah plastik jadi solusi hijau di fasilitas nursery lewat
Neutral,Neutral,Positive,Positive,boemikita perkenalkan tali tafia solusi ramah lingkungan dari sampah plastik jumat (6/12/2024) baca selengkapnya di:
Neutral,Positive,Positive,Positive,imm banyumas hadirkan solusi peduli sampah lewat gerakan sedekah plastik botol (gasspoll)
Positive,Positive,Neutral,Positive,mesin penukar botol plastik elnusa solusi modern sampah plastik yang tuai antusiasme masyarakat
Positive,Neutral,Positive,Positive,proses pengolahan sampah pirolisis yang bisa mengubah sampah plastik menjadi bbm bisa menjadi solusi masalah sampah di jogja. portalyogya jogja
Neutral,Positive,Positive,Positive,eiger shoreside 26l eco menjadi salah satu produk ramah lingkungan karena terbuat dari polyester reboyarn yang merupakan material daur ulang yang diolah dari botol plastik pet. dilengkapi dengan saku yang bisa memuat laptop berukuran 15 6 inci serta finishing water repellent.
Neutral,Positive,Positive,Positive,rangkaian produk retrieve hadir mulai dari sling bag waist bag totebag laptop sleeve hingga topi. seluruh produk ini dibuat menggunakan botol plastik pet daur ulang yang dikumpulkan melalui reverse vending machine dari beberapa toko eiger lho. eigergreen
Neutral,Positive,Positive,Positive,tsai jin peng adalah sosok pendiri merek ramah lingkungan for next generation. fng ini fokus pada teknologi benang daur ulang botol plastik pet. tsai jin-peng bertekad ingin mempraktekkan konsep ekonomi sirkular beranggapan hanya dengan menggunakan bahan benang daur ulang yang
Neutral,Positive,Neutral,Positive,program recycle me hadir sebagai upaya meningkatkan kepedulian serta kesadaran masyarakat akan daur ulang sampah. program ini hadir untuk memudahkan masyarakat yang ingin mendaur botol plastik pet bekas pakai. infotempo
Neutral,Positive,Neutral,Positive,botol plastik atau yang lebih tepatnya kita polietilena (pet) itu bahan yang bisa didaur ulang. ini infografis daur ulang pet di jerman
Neutral,Positive,Positive,Positive,salah satu gaya hidup sustainability yg bisa diterapkan dalam kehidupan sehari-hari yaitu dengan menggunakan produk ramah lingkungan seperti rangkaian produk retrieve ini! seluruh produk ini dibuat menggunakan botol plastik pet daur ulang yg dikumpulkan melalui rvm. eigergreen
Positive,Positive,Neutral,Positive,program recycle me hadir sebagai upaya meningkatkan kepedulian serta kesadaran masyarakat akan daur ulang sampah. program ini hadir untuk memudahkan masyarakat yang ingin mendaur botol plastik pet bekas pakai infotempo
Positive,Positive,Neutral,Positive,seri shigen dirancang untuk kebaikan planet dan orang-orang yang tinggal di dalamnya ditulis kalau materialnya dari daur ulang; kertas botol pet &amp; perca.
Positive,Positive,Neutral,Positive,timmarves menko marves luhut b. pandjaitan meresmikan fasilitas daur ulang botol plastik (pet) di bekasi jawa barat (8/2). pemerintah saat ini berkomitmen untuk mengurangi sampah plastik di laut sebesar 70 persen pada 2025 sebagai upaya mengatasi persoalan polusi plastik.
Neutral,Positive,Neutral,Negative,meskipun beberapa merek telah menggunakan jenis plastik polyethylene terephthalate (pet) dgn nomor kode plasti daur ulang sehingga mudah didaur ulang persebatan tentang galon sekali pakai masih berputar dampak terhadap lingkungan.
Neutral,Positive,Neutral,Positive,dengan gaya yang keren bersama jake dan sunoo. pakaian future perfect ini yang terbuat dari bahan poliester daur ulang yang tangguh dari botol pet (polyethylene terephthalate). ayo marilah kita bekerja sama menjadi pejuang peduli lingkungan dengan bench better made!
Neutral,Positive,Neutral,Positive,peresmian pabrik daur ulang pet pt amanda bumi nusantara. kami secara terhormat bisa berpartisipasi dalam acara ini. kami menyediakan jasa sewa tenda serut sewa led sewa sound sistem sewa tv standing sewa ac standing sewa stage panggung sewa arm chair dan sewa kursi futura
Positive,Positive,Neutral,Positive,aqua wujudkan bisnis berkelanjutan dengan daur ulang pet aqua bisnisberkelanjutan daurulang lingkungan plastikpet ekonomihijau sustainability industriminuman
Positive,Positive,Positive,Positive,pantes galon sekali pakai jadi primadona industri daur ulang krn sangat mudah bahan ini utk di daur ulang menjadi berbagai produk yg memiliki nilai tinggi seperti geotekstil dakron dan pakaian. siapa sangka olahan pet ini ternyata jadi salah satu sumber ekspor di indonesia.
Positive,Positive,Neutral,Positive,hingga 14%. selain itu juga berkontribusi pada mitigasi perubahan iklim yaitu pengurangai emisi co2 yang dari penggunaan pet daur ulang mencapai 122.268.7 ton equavalent (eq). sementara galon guna ulang mampu mengurangi emisi carbon hingga 8.926 ton eq.
Neutral,Positive,Neutral,Positive,sesuai peraturan bpom bahwa setiap kemasan amdk harus menyertakan lebel bpa. galon sekali pakai ini juga sudah memasang label produk yg berisikan informasi jenis plastik pet bisa dikenali dari kode daur ulang '1'. ini artinya galon sekali pakai mudah di daur ulang. gimana
Neutral,Positive,Neutral,Positive,untuk mengetahui lebih jelas mengenai kontribusi rantai nilai sampah plastik minuman ringan terhadap ekonomi sirkular swi melakukan riset di wilayah jabodetabek selama periode maret agustus 2021. dari riset tersebut diperoleh tingkat daur ulang atau recycling rate botol pet
Neutral,Positive,Positive,Positive,bumi indus padma jaya pabrik daur ulang pet berteknologi foodgrade
Positive,Positive,Neutral,Positive,edukasi konsumen produk daur ulang pet di booth le minerale pada jakarta fair kemayoran (jfk) 2024. tempofoto
Neutral,Positive,Positive,Positive,galon sekali pakai memiliki nilai recycling rate yg tinggi dan sangat diminati oleh pengepul krn lebih berat dan mudah ditemukan. selain di daur ulang biasanya galon pet dimanfaatkan kembali oleh konsumen utk berbagai keperluan rumah tangga kalau saya tak bikin pot bunga
Neutral,Positive,Neutral,Positive,sampah galon sekali pakai jadi incaran industri daur ulang. sejak mengunakan galon sekali pakai saya jadi tahu ternyata galon pet itu idola bagi industri daur ulang pantesan jenis plastik pet ini banyak dicari para pemulung karena punya nilai yang cukup tinggi.
Neutral,Positive,Neutral,Positive,plastik berbahan pet ini ramah lingkungan karena mudah didaur ulang. bahkan dari hasil riset swi daur ulang plastik pet berkontribusi besar bg perekonomian masyarakat khususnya para pengepul sampah. jadi bagi pengepul sampah plastik pet ini ibarat 'emas' yg sangat laku dijual.
Positive,Positive,Neutral,Positive,ncku pasang mesin daur ulang pintar ecoco kumpulkan lebih dari 16.00 botol pet dalam 3 bulan! selengkapnya:
Neutral,Positive,Positive,Positive,halo sobat laut tkn psl &amp; mengunjungi pt amandina bumi nusantara. ini perusahaan daur ulang pet terbesar utk makanan nomor satu di indonesia perusahaan tersebut diinisiasikan oleh coca-cola europacific partners sebagai salah satu bentuk tanggungjawabnya. epr
Neutral,Positive,Neutral,Positive,novasi menarik dari xiaomi 14t warna tersebut adalah penggunaan material bio-based pu lemon peel. material ini dibuat dari serat lemon dan pet daur ulang yang membantu mengurangi ketergantungan pada bahan sintetis berbasis fosil.
Neutral,Positive,Positive,Positive,hasil riset tingkat daur ulang galon pet 93% sementara botol hanya 74%. pantesan banyak botol aqua dan gelas2 sekali pakainya yg nyampah lingkungan. btw produk2 kemasan botol dan gelas ini melanggar permenlhk 75 2019 lo. udah tau ?
Neutral,Positive,Neutral,Positive,info penting gaes! riset terbaru sustainable waste indonesia (swi) : tingkat daur ulang galon berbahan pet paling tinggi. apakah pet ini ? silahkan simak utas singkat berikut:
Positive,Positive,Positive,Positive,adb menandatangani pinjaman biru dengan pt alba tridi plastics recycling indonesia untuk membangun fasilitas daur ulang polietilena tereftalat (pet/polyethylene terephthalate) di jawa tengah. pelajari selengkapnya: adbindonesia
Positive,Positive,Positive,Positive,dulu galon air minum isi ulang memang jadi idola namun pengguna galon pc sekarang mengalami penurunan karena kekhawatiran terhadap bpa dan susahnya di daur ulang. saya sendiri beralih ke galon sekali pakai karena galon pet nya ringan transparan dan mudah didaur ulang.
Neutral,Negative,Neutral,Negative,jadi pakaian seperti tshirt &amp; sepatu hasil daur ulang jg berpotensi berbahaya. dan ini blm diatur dalam regulasi. di negeri ini regulator keamanan pangannya malah justru cawe-cawe di urusan persaingan bisnis. tidak konsisten melawan bahaya kandungan bpa &amp; senyawa yg ada di pet.
Positive,Positive,Neutral,Positive,jakarta - perusahaan daur ulang limbah pet di indonesia pt inocycle technology group tbk (inov) mengambil langkah strategis untuk meningkatkan penjualan melalui diversifikasi bisnis. baca selengkapnya: : idnfinancials inov penjualan beritasaham
Positive,Positive,Positive,Positive,le minerale beri edukasi ke konsumen terkait produk daur ulang pet selama jakarta fair kemayoran 2024 news
Neutral,Positive,Positive,Positive,kalau udh ga bisa jadi pot galon pet akan masuk ke pabrik daur ulang plastik. serapan industri daur ulang thd galon pet itu paling tinggi karena galon bekas itu ukurannya besar dan mudah dikelola menarik buat pemulung nilai ekonominya tinggi.
Neutral,Positive,Neutral,Positive,pt. surya indo plastic meluncurkan kemasan minuman pet 100% daur ulang dengan segel pet: solusi pengemasan berkelanjutan
Positive,Neutral,Neutral,Neutral,pt amandina bumi nusantara pionir dalam implementasi sni 8424:2017 untuk resin pet daur ulang
Positive,Positive,Neutral,Positive,investasi senilai rp556 2 miliar untuk produksi pet daur ulang (recycled pet/rpet) ini tidak hanya akan mengurangi penggunaan plastik murni (virgin pet).
Positive,Neutral,Neutral,Neutral,wujudkan praktik bisnis ramah lingkungan pt namasindo plas gunakan energi surya dalam pembuatan botol pet daur ulang
Positive,Positive,Positive,Positive,marak investasi pabrik daur ulang pet menperin: wujud ekonomi sirkular dari industri hijau bigdata 262database dataresearch
Neutral,Positive,Neutral,Positive,galon sekali pakai jadi primadona bagi industri daur ulang krn saking mudahnya bahan ini utk di daur ulang menjadi berbagai produk yg memiliki nilai tinggi seperti geotekstil dakron dan pakaian. bahkan olahan pet ini ternyata jadi salah satu sumber ekspor di indonesia lho.
Positive,Positive,Positive,Positive,coca-cola europacific partners indonesia (ccep indonesia) baru saja meresmikan pabrik daur ulang botol plastik polyethylene terephthalate (pet) pada rabu (8/2/2023) di kawasan industri cikarang bekasi jawa barat.
Neutral,Positive,Neutral,Positive,galon lm itu bahannya sama dengan kemasan air mineral 300ml 600ml atau gelas plastik kopi2 kafe yang bening keras transparan itu. bahan plastiknya jenis pet. pet ini bisa di daur ulang &amp; salah 1 produk dr daur ulang nya itu baju hangat.
Positive,Positive,Positive,Positive,aqua gandeng popsea resmikan fasilitas daur ulang pet di samarinda kaltim news
Neutral,Positive,Neutral,Positive,perusahaan daur ulang sampah botol plastik (pet) menjadi recycled polyester staple fiber (repsf) pt inocycle technology group tbk (inov) membukukan penjualan sebesar rp691 53 miliar pada tahun 2022 tumbuh 9% dari rp633 30 miliar pada tahun sebelumnya.
Neutral,Positive,Positive,Positive,galon bekas le minerale ini dihargai rp 400 perkilogram kata pengepul sampah langganan ku memang harga galon pet lumayan mahal karena sangat disukai industri daur ulang jadi kita tinggal pilih mau di jual untuk di daur ulang atau di jadikan kreasi pot bunga dan lainnya.
Neutral,Positive,Neutral,Positive,ri galon bpa harga kemasan lebih mahal tapi daya saing pelaku industri nya rendah nah jika galon pet harga kemasan lebih murah tapi justru daya siang pelaku usaha lebih tinggi. karena hasil daur ulang limbah galon pet bisa dijadikan produk turunan baru dan beragam.
Positive,Positive,Neutral,Positive,jangan malu untuk mengakui bahwa galon sekali pakai adalah inovasi terbaik apalagi bahannya memakai pet jadi punya nilai tinggi utk di daur ulang stop membodohi masyarakat demi kepentingan dengan membolak balikkan fakta yg sebenarnya demi melindungi bisnis satu pihak.
Positive,Positive,Neutral,Positive,kkp memperkenalkan teknologi daur ulang botol plastik kepada warga sekitar dengan mesin penjualan otomatis (vending machine) atau reserve vending machine (rvm). salah satu fitur yang ditawarkan oleh mesin rvm adalah penukaran botol plastik pet balisustainablemovement2023
Positive,Positive,Positive,Positive,resmikan pabrik daur ulang pet berteknologi food grade menperin optimistis dapat memperkuat ekosistem daur ulang dan ekonomi sirkular.
Neutral,Positive,Neutral,Positive,masuk pasar resin pet daur ulang inov yakin cetak laba di akhir 2024
Positive,Positive,Positive,Positive,le minerale daur ulang sampah botol pet jadi rompi dan serukan kampanye jadibarulagi
Positive,Neutral,Neutral,Positive,pembangunan fasilitas daur ulang sampah plastik ini merupakan bentuk komitmen dalam mendukung konsep ekonomi berkelanjutan yang patut diapresiasi.
Positive,Positive,Neutral,Positive,fokus pada resin kemasan pet daur ulang amandina berkomitmen menjalankan praktik industri berkelanjutan
Positive,Neutral,Neutral,Neutral,asian development bank (adb) didampingi perwakilan kementerian keuangan ri melakukan kunjungan ke pabrik daur ulang limbah plastik pet di kendal.
Positive,Positive,Neutral,Positive,edukasi konsumen produk daur ulang pet di booth le minerale pada jakarta fair kemayoran (jfk) 2024
Neutral,Positive,Neutral,Positive,bpa (bisphenol a) zat kimia yg umum ditemukan di kemasan galon isi ulang (kode no 7) teruji klinis punya risiko besar jangka panjang spt penyakit jantung kanker dll. aku pilih jenis plastik kemasan pet (kode daur ulang '1' di dasar kemasan). balik lagi buat aku sehat itu no 1.
Neutral,Negative,Negative,Negative,gw sih masih ngarep aqua pake pet walau sekali pakai sistemnya masih tukar galon juga aja cuma setelah galon bekas pakainya sampai depo aqua daur ulang lagi aja. daripada polemik kaset kusut ini diputer terus.
Neutral,Positive,Neutral,Positive,pt inocycle technology group tbk (idx: inov) emiten yang bergerak di bidang daur ulang sampah botol plastik (pet) menjadi recycled polyester staple fiber (repsf)
Neutral,Positive,Positive,Positive,selain itu pet juga memiliki nilai ekonomi yang relatif tinggi karena kestabilan sifat-sifatnya seperti berwarna jernih ringan serta mudah dibentuk dan tidak mudah pecah. itulah mengapa jenis plastik ini banyak dibutuhkan di industri daur ulang dan menjadi solusi yg efektif
Neutral,Positive,Neutral,Positive,galon isi ulang yg berbahan bpa dikategorikan sebagai material plastik paling sulit didaur ulang. ini jelas berbahaya bagi lingkungan. galon pet paling mudah dan bernilai untuk di daur ulang. mudah dikelola dikumpulkan nilai ekonomi tinggi jadi disukai pengumpul sampah.
Neutral,Positive,Neutral,Positive,karena selain punya nilai ekonomis daur ulang galon sekali pakai jauh lebih tinggi dibanding kemasan gelas dan botol2 kecil sekali pakai. masih gak percaya? coba cek deh di tpa pasti tidak akan kalian temukan galon pet di gunung sampah itu karena sudah tersortir oleh pemulung.
Neutral,Positive,Neutral,Positive,di pulau lombok ntb sampah berupa botol plastik dikumpulkan dan didaur ulang kembali oleh lombok pet menjadi bahan baku pembuatan kemasan baru air minum. nusantara adadikompas
Positive,Positive,Positive,Positive,mantap! semarang punya pabrik daur ulang sampah botol plastik pet
Positive,Positive,Neutral,Positive,pembangunan pabrik daur ulang pt bumi indus padma jaya ini juga untuk memenuhi kebutuhan material pet yang terus bertambah. jangan sampai sampah plastik pet trus2an impor. masa sampah harus impor trus ?
Neutral,Neutral,Negative,Neutral,di tengah isu lingkungan yang semakin mendesak industri daur ulang menghadapi tantangan besar.
Neutral,Positive,Neutral,Positive,bsn tetapkan sni resin pet daur ulang nasional news bsn
Neutral,Positive,Neutral,Positive,catet ygy galon pet lebih gampang di daur ulang ternyata
Neutral,Positive,Neutral,Positive,le minerale hadir di jakarta fair kemayoran (jfk) 2024 edukasi konsumen tentang produk daur ulang pet
Neutral,Negative,Neutral,Negative,suram suram bahan baku pet impor dengan kata lain sampah botol aqua gak beguna dong di mata industri daur ulang
Positive,Positive,Neutral,Positive,menperin resmikan pabrik daur ulang pet milik mayora group
Negative,Negative,Neutral,Negative,tapi aneh banget ya? bahan baku sampah plastik pet yang masih kurang di indonesia padahal di sungai di mana-mana sampah plastik bertumpuk kok gagal di daur ulang?
Positive,Positive,Positive,Positive,asics yang ramah lingkungan: hijau dan hebat asics melangkah maju untuk planet ini dengan bahan daur ulang dan mengurangi jejak karbon. trivia: setiap tahun asics menggunakan sekitar 5 juta botol pet daur ulang dalam produksinya. komitmen mereka meluas ke pabrik yang
Positive,Positive,Neutral,Positive,coca-cola menyiapkan dana rp556 miliar untuk pembangunan pabrik daur ulang botol plastik polyethylene terephthalate (pet) di cikarang jawa barat
Neutral,Positive,Neutral,Positive,oot tapi botol aqua life tuh udah 100% terbuat dari pet daur ulang loh btw
Neutral,Positive,Neutral,Positive,jurus le minerale kurangi sampah di indonesia lewat daur ulang botol pet
Neutral,Negative,Neutral,Negative,sayang banget industrial daur ulang masih terganjal akan hal sampah² pet
Neutral,Negative,Negative,Negative,yg jadi pertanyaan proses daur ulang sampah plastik pet atau pc di indonesia tuh sudah mumpuni belom
Neutral,Positive,Neutral,Positive,&lt;p&gt;namasindo plas menggandeng sun energy untuk membangun pembangkit menggunakan tenaga surya untuk memproduksi botol pet daur ulang.&lt;/p&gt;
Neutral,Negative,Neutral,Negative,daur ulang plastik sampah &amp; bahayanya. dari plastik mengandung bpa atau senyawa yg ada di pet yg sedang marak belakangan ini. **thread ini bukan untuk perusahaan amdk tertentu. iqro!
Positive,Positive,Neutral,Positive,industri daur ulang diperkirakan meroket sebuah proyeksi terbaru memperkirakan industri daur ulang akan meroket mencapai nilai rp2.206 triliun pada 2032. plastik pet muncul sebagai pelopor menempati pangsa 58 5 persen.
Positive,Positive,Neutral,Positive,sebagai wujud komitmen mendukung program pemerintah terkait pengelolaan sampah plastik dan ekonomi sirkular coca-cola mendirikan fasilitas daur ulang botol plastik pet yang dikelola pt amandina bumi nusantara.
Positive,Positive,Neutral,Positive,dukung industri berkelanjutan mayora group hadirkan pabrik daur ulang pet lokal berteknologi foodgrade
Positive,Positive,Neutral,Positive,booth le minerale di jakarta fair kemayoran (jfk) 2024 memberikan edukasi kepada konsumen. adapun edukasi ini terkait produk daur ulang pet bernilai ekonomi.
Positive,Positive,Neutral,Positive,galon sekali mudah di daur ulang karena berbahan pet beda dengan galon isi ulang yang berbahan pc
Positive,Positive,Neutral,Positive,namasindo plas terapkan energi surya produksi botol pet daur ulang
Positive,Positive,Neutral,Positive,enzim lcc yang ditemukan peneliti mampu mengurai plastik terutama pet kini mulai digunakan dalam skala industri di perancis. carbios pabrik daur ulang itu berencana membangun kapasitas mendaur ulang 50.00 ton limbah pet per tahun dengan enzim lcc.
Positive,Positive,Neutral,Positive,pt inocycle technology group tbk (nov) perusahaan daur ulang limbah plastik jenis pet [polyethylene terephthalate] menambah lini bisnis baru yaitu pembuatan resin/chips daur ulang. selengkapnya
Negative,Neutral,Negative,Neutral,lihatlah yg reply. pt mayora indah tbk bukannya fokus akan limbah galon plastik sekali pakai mereka (minimal support semua program daur ulang galon pet) malah nyewa buzzer. galon pet bebas bpa dll dst .. semprul ah.
Positive,Positive,Neutral,Positive,grup alba akan membangun pabrik daur ulang sampah plastik berjenis pet food grade di kendal industrial park yang mampu mengolah 48.00 ton limbah botol plastik per tahun.
Positive,Positive,Positive,Positive,bumi indus padma jaya pabrik daur ulang pet lokal indonesia pertama berteknologi foodgrade diyakini dapat mendukung industri berkelanjutan
Neutral,Positive,Positive,Positive,londoners brand pleatsmama adalah salah satu brand yang menggunakan kain daur ulang ramah lingkungan untuk koleksi pakaian dan aksesoris dan juga menggunakan daur ulang botol pet untuk setiap koleksi tas. banjjakdaebak
Positive,Positive,Positive,Positive,revolusi industri kemasan pangan: sip menetapkan standar menggunakan kemasan minuman berbahan 100% pet daur ulang (rpet)
Positive,Positive,Neutral,Positive,mayora group baru saja meresmikan pabrik daur ulang sampah botol plastik yang diberi nama pt. bumi indus padma jaya di jombang (bipj)
Neutral,Positive,Negative,Positive,plastik yang nilainya bagus buat daur ulang itu pet (yang biasa buat amdk) sisanya kurang. belum lagi kalo isinya kebanyakan styrofoam. sungai design bikin kursi dari kresek hasil cleanup di kali bisa tapi cost dan harga jualnya jadi mahal buanget
Positive,Positive,Neutral,Positive,pt bipj di jombang jadi pabrik daur ulang pet lokal indonesia pertama berteknologi food grade
Neutral,Positive,Neutral,Positive,namasindo gunakan tenaga surya untuk pembuatan botol pet daur ulang
Neutral,Positive,Neutral,Positive,gua cuma pengen coba yg daur ulang botol pet itu loh keknya menarik
Neutral,Positive,Neutral,Positive,coca-cola siap luncurkan kemasan botol yang terbuat dari 100% plastik pet daur ulang (rpet). udahconnxbelum
Neutral,Positive,Neutral,Positive,ada perusahaan yg ngerjain daur ulang plastik pet kyk gitu. kode nya inov inocycle technology apa gitu..btw leminerale dari perancis bkan sih
Neutral,Positive,Neutral,Positive,boemikita lampung dan pt boretech berkolaborasi untuk daur ulang sampah pet jumat (20/12/2024) baca selengkapnya di:
Neutral,Positive,Neutral,Positive,bumi indus padma jaya jadi pabrik daur ulang pet lokal indonesia pertama berteknologi foodgrade
Positive,Positive,Neutral,Positive,langkah besar coca-cola europacific partners indonesia dan dynapack asia bangun fasilitas daur ulang pet
Positive,Positive,Neutral,Positive,ramah lingkungan: pet dapat didaur ulang dengan cukup mudah dan banyak botol pet yang dikumpulkan untuk diolah ulang menjadi produk baru. beberapa negara juga menerapkan sistem pengumpulan dan daur ulang pet secara efektif.
Neutral,Positive,Neutral,Positive,botol air di video kemungkinan meleyot karena memang dirancang begitu saat kosong fitur umum di botol dispenser jepang untuk memudahkan daur ulang dan hemat tempat. botol ini biasanya dari pet didesain agar mengkerut rapi tanpa tekanan luar seperti produk cosmo water atau
Positive,Positive,Positive,Positive,nah gini dong mantap! harus didukung! sampah botol kemasan air mineral dan sampah plastik lainnya bisa daur ulang. mayora group baru saja meresmikan pabrik daur ulang sampah botol plastik yang diberi nama pt. bumi indus padma jaya di jombang (bipj)
Negative,Negative,Negative,Negative,lestari coba sini kasib alur soal daur ulang galon pet. jangan cuma diagramnya doang. di masing-masing wilayah pemasaran udah ada apa belom? bosen gue baca beginian. tiap ditanya pasti jawabannya cuma suruh dijadiin pot atau mingkem.
Neutral,Positive,Neutral,Positive,wujudkan indonesia bersih sampah tahun 2025 bsn tetapkan sni pet daur ulang
Positive,Positive,Positive,Positive,dengan makin aktifnya korporasi yg menggunakan plastik daur ulang jenis pet u/ dijadikan kemasan baru lagi / bahan baku lain (garmen) dan bermunculannya bank2 sampah di jabodetabek. yg perlu disuluh lebih intensif lg adalah masyarakat supaya bs aktif melakukan pemilahan sampah
Neutral,Positive,Positive,Positive,wujudkan praktik bisnis ramah lingkungan pt namasindo plas gunakan energi surya dalam pembuatan botol pet daur ulang
Neutral,Negative,Negative,Negative,korek gas telah menjadi bagian tak terpisahkan dari kehidupan sehari-hari menyimpan sejumlah masalah lingkungan yang serius. komponen utama dari korek gas adalah bahan plastik yang sulit didaur ulang. proses daur ulang plastik menjadi tantangan tersendiri karena aditif dan
Neutral,Negative,Negative,Negative,akan ada banyak dampak dari sampah plastik terhadap pencemaran tanah dan lingkungan karena semakin kecil sampah plastik akan semakin mudah dibuang sembarangan sulit dikumpulkan sulit masuk ke siklus daur ulang juga makanya mencemari lingkungan.
Negative,Negative,Negative,Negative,menurut sebuah laporan menunjukkan sampah danone aqua setiap tahun beratnya lebih dari 74 kali berat menara eiffel jelas sih krn semakin kecil sampah plastik akan semakin mudah dibuang sembarangan sulit dikumpulkan sulit masuk ke siklus daur ulang maka mencemari lingkungan
Neutral,Neutral,Negative,Neutral,setelah dagang yg mayoritas jualannya plastik baru sadar memang sulit bgt utk gak ketergantungan plastik. karena butuh utk packing apapun pasti paling simple &amp; murah adl plastik. yg perlu diregulasi mgkn jenis plastik yg baiknya utamakan daur ulang gak sih. sm pengelolaannya
Neutral,Negative,Negative,Negative,banyak tpa yg volumenya melebihi kapasitas penampungan. pengelolaan sampah di indonesia masih menjadi pr bagi pemerintah. dpr sendiri punya gerakan dpr hijau yg menjadi sistem dan praktik mendukung pengurangan limbah plastik maupun bahan2 yg sulit di daur ulang.
Neutral,Negative,Negative,Negative,endroo biar sadar ibu kalau sampah plastik sulit di urai dan di buat daur ulang begini jg sulit kan?
Neutral,Neutral,Negative,Negative,metode daur ulang plastik ini dilakukan karena plastik hitam dikenal sulit didaur ulang akibat pigmentasi hitamnya sehingga sulit untuk memecah ikatan molekulnya.
Neutral,Positive,Positive,Negative,fakta menariknya lagi ternyata galon sekali pakai terbuat dari 100% bahan yang dapat didaur ulang baik dari botol hingga tutupnya jadi sangat ramah lingkungan jangan percaya sama opini mereka yg menyamakan galon pet dgn kantong plastik yg memang sulit untuk di daur ulang.
Neutral,Neutral,Neutral,Negative,other (plastik lainnya) termasuk berbagai jenis plastik campuran atau plastik dengan bahan tertentu seperti polikarbonat. daur ulang tergantung pada jenis spesifiknya dan seringkali sulit untuk diproses.
Neutral,Negative,Negative,Negative,kl kaya yg di video sepertinya masih sulit buat saat ini karena brand apparel kadang dituntut harus buat jersey yg ramah lingkungan jg ini salah satunya dr bahan limbah plastik yg di daur ulang (biasanya khusus buat pi/authentic)
Positive,Negative,Negative,Negative,harapannya untuk kedepannya semakin banyak masyarakat yang mulai daur ulang sampah plastik buat ngurangin tumpukan sampah yang sulit terurai
Neutral,Neutral,Negative,Negative,other (bervariasi) kode: 7 ciri-ciri: beragam jenis plastik lainnya termasuk polikarbonat abs dan plastik multi-layer. daur ulang: tergantung pada jenis plastik tetapi sering kali sulit untuk didaur ulang karena kompleksitas komposisi bahan.
Neutral,Negative,Negative,Negative,cm sayangnya konsumen tidak bisa membedakan itu plastik daur ulang atau bukan.. sulit sekali untuk membedakannya apalagi kalau sudah di cat.. . sama sama mas..
Neutral,Negative,Negative,Negative,sampahku udah dipilah2 antara dus box plastik pet plastik pe dan pp. tp pas diambil semua dijadi satu. sia sia sudah mana skrg rapel dah ga terima sampah selain pet. malah sulit mau jual utk daur ulang
Neutral,Neutral,Negative,Negative,polystyrene (ps) kode: 6 ciri-ciri: plastik keras atau busa (styrofoam) digunakan untuk kemasan makanan cepat saji pelapis dan mainan. daur ulang: sulit didaur ulang dan sering dianggap sebagai bahan yang berbahaya bagi lingkungan.
Neutral,Neutral,Negative,Negative,polyvinyl chloride (pvc) kode: 3 ciri-ciri: plastik keras yang sering digunakan dalam pipa kabel listrik dan kemasan barang. daur ulang: cenderung sulit didaur ulang karena adanya bahan tambahan yang bisa berbahaya. kekurangan: mengandung klorin yang dapat menimbulkan masala
Neutral,Neutral,Neutral,Negative,pvc (polyvinyl chloride) digunakan untuk pipa jendela dan berbagai produk plastik keras. sulit didaur ulang dan dapat mengandung bahan berbahaya sehingga sering kali dihindari dalam proses daur ulang.
Neutral,Negative,Negative,Negative,salah satu alasan mengapa sampah plastik menumpuk dalam jumlah yang banyak karena komponennya sangat sulit terurai. semakin kecil sampah plastik akan semakin mudah dibuang sembarangan sulit dikumpulkan sulit masuk ke siklus daur ulang juga makanya mencemari lingkungan.
Neutral,Negative,Neutral,Negative,aktivis lingkungan menilai masih cukup sulit untuk mengelola jenis apk yang bewarna-warna serta mengandung sampah plastik.
Neutral,Negative,Neutral,Negative,kenapa gak minum air kemasan botol ? sampah plastik aqua suka menimbulkan masalah oia galon aqua juga cuma jadi masalah :v tau kan kalau galon pc sulit di daur ulang please jangan gadaikan otak mu demi kepentingan danone aqua ya
Neutral,Negative,Neutral,Negative,selalu kontroversi ya marketing aqua suka nyeleneh udah jelas sampah plastik dari galonya sulit di daur ulang masih bilang peduli lingkungan
Negative,Negative,Neutral,Negative,indonesia sulit mencari keuntungan dari bisnis ini. omset daur ulang plastik saya memang menjanjikan mencapai rp300 juta/bulan. namun net income hanya rp8 juta. ini sungguh ironis mengingat tujuan awal saya untuk memberikan dampak positif bagi lingkungan hidup dan ekonomi masyarakat.
Neutral,Neutral,Neutral,Negative,plastik mika termasuk jenis yang sulit didaur ulang.
Neutral,Neutral,Negative,Negative,c1 jgn lo lupain soal sampah plastik galon polikarbonat !! lu yakin bisa pastiin gak galon aqua tiap 1 hari gak ada yang rusak? jenis galon pc aqua sulit di daur ulang lo bayangin kalau sehari ada 5 galon rusak!! sampah nya lo mau lo makan?
Neutral,Negative,Negative,Negative,daur ulang penting tetapi itu tidak cukup untuk menyelesaikan masalah plastik. banyak jenis plastik sulit didaur ulang dan prosesnya sendiri membutuhkan banyak energi. prioritaskan mengurangi dan menggunakan ulang terlebih dahulu! kurangigunakanulangdaurulang
Neutral,Negative,Neutral,Negative,mari kita sama sama jaga bumi kita dari sampah plastik. plastik sangat sulit untuk diurai secara alami sedangkan daur ulang plastik tidak akan cukup untuk mengurangi sampah plastik. mari kita sama sama menjadi pelopor perubahan
Neutral,Negative,Neutral,Negative,namun tahukah sobat konservasyiari kalau sampah plastik di awal-awal pengunaannya itu ada yang masih bertahan hingga saat ini dan menjadi polusi? sampah plastik adalah sampah yang sulit untuk di daur ulang. butuh waktu paling cepat 20 tahun untuk mengurai plastik.
Neutral,Negative,Negative,Negative,herannya masih ada aja yg melakukan penggiringan opini dgn menyamaratakan galon sekali pakai dgn kode daur ulang no. 1. dan semua jenis plastik termasuk kantong plastik dan plastik dgn kode daur ulang no. 7 yg tidak ramah lingkungan dan sulit didaur ulang.
Neutral,Negative,Neutral,Negative,tahukah kamu bahwa benda-benda plastik yang berwarna gelap seperti botol saus tomat sebenarnya lebih sulit didaur ulang? jadi jangan lupa membuangnya dengan benar agar si plastik bisa ikut pesta daur ulang! koalisisampah
Neutral,Negative,Negative,Negative,zone85 az @ anakkolong ri sampah plastik galon isi ulang danone aqua takut nya cuma di kubur soal nya tuh sampah sulit untuk di daur ulang ulang
Neutral,Negative,Negative,Negative,pesenan dari danone aqua ya v soal sampah galon sekali pakai kalau di serahkan pemulung itu banyak yg mau nerima kok dan benar saja sampai plastik ukuran mini jadi masalah lingkungan terbukti nih dari foto di bawah ini. yg akhirnya sulit di daur ulang malah mencemari lingkungan
Neutral,Negative,Negative,Negative,beli yg tukar galon karena jujur masih sulit akses dan tenaga buat daur ulang sampah plastik. apalagi beli galon air minum bisa seminggu sekali
Neutral,Negative,Negative,Negative,ombak itu plastik sampah air mineral merk le mineral. sampah plastik yg susah didaur ulang menambah pencemaran lingkungan beban limbah sampah krn proses daur ulangnya sulit &amp; butuh wkt lama. yuk kita cintai bumi dg menggunakan material ramah lingkungan &amp; proses daur ulangnya mudah.
Neutral,Positive,Neutral,Negative,gp ri food grade plastic memang penting pet jenis plastik yg di pakai galon sekali pakai mudah daur ulang dan bebas bpa. berbeda dengan pc plastik galon isi ulang danone aqua yang mengandung bpa dan sulit di daur ulang.
Neutral,Neutral,Negative,Negative,zone85 az @ anakkolong ri haha emang sih galon isi ulang tuh plastik paling berbahaya sudah sulit di daur ulang dapat menyebabkan pencemaran lingkungan terus kalau di pakai sehari hari² bisa memparkan senyawa bpa
Neutral,Positive,Negative,Negative,002 mineraleid id ri produk amdk le minerale yang galon sekali pakai kalau di kaitkan dengan isu lingkungan itu gak masuk akal plastik pet itu harga jual nya lebih tinggi dari pada sampah plastik pc yang gak ada harganya dan sulit di daur ulang
Neutral,Neutral,Negative,Negative,penggunaan kantong plastik yang terlalu sering menimbulkan tumpukan sampah yang sulit di daur ulang. karena itu kita harus membiasakan untuk mengurangi penggunaan kantong plastik dan mulai menggunakan eco bag friendly seperti yang sekarang sudah mulai diterapkan.
Neutral,Negative,Negative,Negative,sampah plastik di indonesia itu banyak dan menumpuk apalagi sulit buat di daur ulang masak iya kita nambahin sampah lagi
Neutral,Neutral,Negative,Negative,karena sulit di daur ulang para pengusaha daur ulang memilih untuk tidal menggunakan sampah jenis ini hingga menyebabkan terjadinya penumpukan plastik sachet mengancam kerusakan lingkungan hingga kesehatan manusia.
Negative,Negative,Negative,Negative,gunung plastik impor. negara maju seperti kanada pun hanya sanggup mendaur ulang 9-10% sampahnya. sampai di indonesia lebih tragis. dibiarkan di tempat terbuka terpapar cuaca hingga jadi remahan mikroplastik terbawa hujan masuk sungai irigasi dll.
Neutral,Neutral,Positive,Positive,harganya lebih mahal dari beras. banyak yang wow tajir ya; padahal kerjanya pengepul rongsokan. kita buka dikit. rosokkan itu macem-2 tapi saya bahas yang jenis plastik saja. biasanya kita sering lihat tumpukan dengan karung-2 jumbo. alur pengadaanya dari pemulung - jual ke
Negative,Negative,Positive,Negative,jujur aku selalu kagum tiap lihat berita begini tapi sebenernya nih ya banyak banget produk yang bisa dan sudah diciptakan dari alam. tapi apa permasalahannya? bener biaya produksi dan harga jual yang cukup tinggi jika dibandingkan dengan produk yang ga ramah lingkungan.
Positive,Positive,Positive,Positive,saya sangat takjub semua jenis sampah plastik bahkan yang biasanya sulit diolah disulap jadi produk bernilai oleh naga kuda brand. di tangan ibu feni dan timnya limbah bukan lagi masalah tapi jadi bahan jadi siap pakai.
Positive,Positive,Positive,Positive,diijinkan keliling lagi dan belajar di salah satu pabrik pengolahan limbah plastik milik bang saut marpaung dalam satu hari bisa menghasilkan 7 5 ton biji plastik dari limbah plastik jenis pe (beda dgn yg kresek kmaren ya skaar..) jadi ngiler ane brapa rupiah yg bisa dihasilkan
Neutral,Neutral,Positive,Positive,ini baru mantabdouble exclamation mark jika emang benar hasil olahan limbah plastik itu lebih cakep drpd pertaminadex.. maka itu si kuda laut siap2 aja modar bin bangkrut!! kira2 .. hasil karya anak negri ini bakal di support atau malah di binasakan oleh pemerintah exclamation question mark
Neutral,Positive,Positive,Positive,diajak keliling dan belajar ke tempat umkm pengolahan limbah plastik kresek binaan bang . dari sini awal proses nya kresek sampah disortir dicuci dan dicacah sebelum diproses kembali menjadi biji plastik.. ntar ane lanjut lg ke proses selanjutnya maksi dulu skaar.
Negative,Negative,Negative,Negative,tanpa sadar plastik yang kita gunakan akan berakhir di muara dan kawasan sekitar laut. sampah plastik tersebut dapat berubah bentuk menjadi mikroplastik.
Neutral,Positive,Positive,Positive,berkunjung ke pabrik naga kuda brand di perbatasan maros-makassar. saya takjub di tangan ibu feni dan timnya semua jenis sampah plastik tanpa terkecuali diolah secara menyeluruh menjadi produk bernilai ekonomi.
Negative,Negative,Negative,Negative,ini rekaman di dalam pabrik kertas di jawa timur. di bongkahan kertas bekas impor yang akan didaur ulang itu mengandung sampah plastik (selundupan). kadang sampai 30%.
Negative,Negative,Negative,Negative,sudah lebih dari satu tahun setengah tim pitibaraka bolak-balik mendokumentasikan upaya nelayan membersihkan sampah plastik di pesisir utara jakarta. mayoritas polutan adalah plastik botol plastik sedotan tali sterofoam dan oli kapal.
Neutral,Positive,Positive,Positive,fakta di lapangan emang botol pet adlh jenis plastik yg banyak diminati pemulung krena nilai jualnya paling tinggi. sebab botol pet jernih/transparan kalo didaur ulang itu lebih fleksibel penggunaannya lebih mudah untuk diolah..
Neutral,Negative,Negative,Negative,yang jangan dilakukan: dicampur getah pinus dicampur oli bekas dicampur biji plastik dicampur alumunium foil yang diremek remek jangan ya ges ya jangan bahaya
Negative,Negative,Positive,Negative,negara maju memilah sampah sejak di rumah. ini benar. mereka mendaur ulang sampah plastiknya. tidak juga. hanya 9 persen! lalu dibuang ke mana? sebagian ke indonesia menyusup lewat impor kertas bekas. mencemari air udara telur sampai tahu goreng kita.
Neutral,Negative,Neutral,Negative,padahal eco recycleable itu mostly cuma gimmick (apalagi kalau murah). ujung-ujungnya bakal ada penumpukan sampah dan pecahnya jadi micro-plastics yang jauh lebih bahaya karena bisa terhirup pernafasan..
Negative,Neutral,Negative,Negative,ironis ! hingga hari ini indonesia belum memiliki standar baku daur ulang sampah plastik polikarbonat. ini tentang sampah plastik polikarbonat yang sulit didaur ulang. sama seperti effendi simbolon - politisi botol plastik air mineral limbah politik perjuangan.
Negative,Negative,Neutral,Negative,[infografis] sampah plastik menjadi tantangan besar di indonesia. dari sekitar 64 juta ton sampah yang dihasilkan setiap tahun hanya 10 15% yang berhasil didaur ulang. meskipun angka tersebut masih rendah
Neutral,Negative,Negative,Negative,bekas sedotan plastik. sebelum ada nyawanya jadi pencemar. setelah dikasih nyawa jadi perusuh. mati-hidup ndak ada manfaatnya.
Negative,Negative,Negative,Negative,disuruh sortir sampah pas diangkut sama truk sampah juga digabung lagi disuruh kurangin kantong plastik tp pake tas plastik yg lebih energy cost yg ujungnya numpuk kalau masih landfill yah gak akan kemana2 tapi tiap mau buat plant ditentang mulu sama aktivis
Negative,Negative,Negative,Negative,plastik sekali pakai resmi dilarang di jakarta. tapi kalo abis dipake dari mini market terus dipake buat di tong sampah di rumah kan jadi 2 kali pake tuh. berarti boleh dong ya kalo gitu. hehe.
,,,,emang aqua tuh gapernah gagal dalam berinovasi dengan mendukung inovasi daur ulang sampah plastik menjadi botoh cube mini merupakan penghijauan lingkungan. aqua deserve indonesia green programs award!
Negative,Positive,Neutral,Positive,inov (pt inocycle technology): spesialis daur ulang plastik jadi serat tekstil (recycled pet). ekspor kuat ke jepang &amp; eropa. revenue-nya stabil walau pasar fluktuatif. cocok buat investor konservatif.
Neutral,Positive,Positive,Positive,csr aft babullah berhasil memanfaatkan sampah plastik untuk dijadikan barang yang bernilai ekonomis seperti pembuatan batu bata paving block dan batu angin. sampahplasik csrpertamina
Negative,Neutral,Neutral,Neutral,gambar mengerikan yang diunggah di laman facebook greenpeace italia memperlihatkan bagaimana perut paus sperma dipenuhi dengan kantung plastik dan objek dari plastik lainnya.
Neutral,Negative,Negative,Negative,katanya ada tapi di area jakarta doang sisanya disuruh daur ulang jadi pot tapi dengan pemakaian 3-4galon perminggu tetep bakal numpuk lagian siapa juga yg butuh pot sebanyak itu mana potnya keliatan jelek dan kumuh
Neutral,Neutral,Negative,Negative,halo! tekpang here! aku boleh jelasin dikit dari keilmuanku yaa! tetrapak itu salah satu packaging yg paling sulit didaur ulang krn lapisannya banyak. gabisa dikategorikan limbah kertas krn ada alufo dan plastik yg nempel rekat banget dan susah buat dipilah.
Negative,Neutral,Negative,Neutral,kakak ipar gua bikin tempat usaha daur ulang plastik modalnya dr gadein sk dia di bank ambil 1 m.. lancar..?? cuma 6 bulan doank sisanya bangkrut.. mau ga mau gajinya auto d cut buat bayar utang..
Neutral,Positive,Neutral,Positive,aqua sudah beralih menggunakan botol daur ulang atau yang disebut r-pet (recycle-polietilena tereftalat).
Negative,Negative,Negative,Negative,yg jdi masalah kan produksinya. mau disulap jadi pot bak ranjang sekalipun ttp aja jumlahnya bejibun. itu cuma ngubah bentuk + nambah nilai aja. klo niatnya mau ngurangi plastik ya pake galon isi ulang atau rebus/filter air sendiri. less waste atau sekalian zero waste
Neutral,Neutral,Negative,Negative,sedotan kertas tapi gelasnya masih plastik. dari hasil penelitian yang aku baca gelas plastik masih ada yang mau ngolah &amp; bisa dimanfaatkan kembali. sedangkan sedotan plastik hampir 99% gak ada yang mau ngolah &amp; tidak ada gunanya lagi setelah dipakai. jadi bisa dibilang
Negative,Negative,Neutral,Negative,tapi ngga semua orang ngelakuin hal yang sama. berdasarkan salah satu kota yang pernah aku teliti di tahun 2018 sampah plastik yang bisa di daur ulang totalnya cuma berkisar di angka 15-25%.
Neutral,Negative,Neutral,Negative,bpa atau pet sama2 plastik sama2 gak sehat. daur ulang juga kualitas plastik menurun. pdam emang jelek mati jam 11 malem nyala sebebasnya di jakarta jl. mardani. bayar doank suruh tepat waktu
Neutral,Negative,Negative,Negative,cup plastik tebel2 gini tuh sebetulnya secara kelingkungan gimana ya?kalo dibandingkan dgn bungkus plastik jadul atau paper cup. apakah lebih baik karena bahan mahal sehingga pasti dipisahin pemulung -&gt; dikumpul u/ daur ulang atau justru lebih jelek karena susah terurai
Negative,Neutral,Negative,Neutral,indonesia nambah sampah plastik ini jangan salahkan pihak pabrik salahkan diri kita semua. karena seharusnya sampah plastik itu bukan dibuang sembarangan ataupun dibakar tp didaur ulang kembali menjadi plastik yg baru. sistem daur ulang masih jelek disini.
Negative,Negative,Negative,Negative,4. daur ulang hanya akan menimbulkan mindset ah gapapa gunain plastik. yg penting kan nanti didaur ulang . pdhl nyatanya seperti yg disebut diatas ga semua plastik bisa recycle dan bahkan plastik yg bisa direcycle pun ada durability nya. klo udh jelek yaa ga bisa recycle lgi
Negative,Neutral,Negative,Neutral,nambahin sampah plastik lah dah tau daur ulang indo jelek
Neutral,Negative,Negative,Negative,plastik dilebur jadi plastik dengann kualitas jelek itu daur ulang bukan namanya xp |
Negative,Neutral,Negative,Neutral,ignorant banget lo anjing yg jelek tu regulasi dan sistem daur ulang plastik dan sampah lain di indonesia. yg lu kata katain umkm. hadeh
Neutral,Negative,Neutral,Negative,karna ga semua sendok plastik aromanya bisa sampe ganggu maka aku berpikir bisa jadi ini sendok berbahan baku plastik daur ulang yg jelek.
Neutral,Negative,Neutral,Negative,nah mulai bohongnya nih boti jelek pemuja plastik daur ulang. army marah karena lo bawa2 zionist bukan ttg muka buruk lo itu njir sok penting nih boti tulang lunak
Neutral,Neutral,Negative,Neutral,lah plastik juga bisa kali di daur ulang kali malahan kadang bisa lebih berguna noh botol contohnya kalo kertas buram di daur ulang mulu lama lama makin jelek kualitasnya gitu kali ya
Neutral,Negative,Neutral,Negative,maaf bukan menyinggung aku gk tau souvernir km bahan plastiknya apa tp jujur aku agak sebel kalo dapet souvernir plastik jelek yg keliatan bgt plastik daur ulang yg bentuknya peralatan makan soalnya pasti gk akan kepake. pdhl kalo gantungan kunci malah kepake dibanding itu
Neutral,Negative,Neutral,Negative,jangan plastik susah di daur ulang udah aja kardus sekalian bungkus tuh muka lo muak gue liatnya jelek bangeut wkwkwkwk
Neutral,Neutral,Neutral,Neutral,- sedotan plastik gabisa di daur ulang - memang cup plastik lebih besar tapi cup plastik lebih mudah di daur ulang - at least dia udah mulai ngelakuin hal baik buat lingkungan bukannya jelek-jelekin sebuah kebaikan di askmenfess
Neutral,Negative,Neutral,Negative,namun hasil produk daur ulang plastik bukannya tdk mnimbulkan mslh lain. kualitas plastik daur ulang lbh jelek dr plastik baru
Neutral,Negative,Neutral,Negative,jelek bgt kan keliatan kaya plastik putih daur ulang
Neutral,Neutral,Neutral,Negative,44 tapi sampah bekwalitas bs di daur ulang klu lu sampah plastik jelek lagi hahaha
Negative,Negative,Neutral,Negative,knpa koq malah pake kardus?! koq ya gk mikir pake yg bhn plastik aj gitu kek.. lbh baik lagi pake yg daur ulang untungnya 2x. meski wujudnya jelek poll masih lebih baik daripada kardus yg gk ada tahan-tahannya sama sekali dg air. ato emng gk thu klo indo lagi musim hujan?!
Neutral,Negative,Neutral,Negative,yaelah murah banget pake plastik daur ulang aja nih kerenan dikit rt : jelek banget- - ini udah pake kertas nasi ko
Negative,Neutral,Neutral,Neutral,jokowi paksa mal di dki gunakan plastik daur ulang
Neutral,Negative,Neutral,Negative,jelek ameet dah lo pake plastik daur ulang berarti hahart : lu pake kantong kresek haha rt : ha ..
Neutral,Neutral,Negative,Negative,hooh jelek banget kayak plastik daur ulang. daan kadaluarsanya cuma sebentar kalau ga rapet nyimpene bisa jamuran. waah baru tau kalau simbahmu orang kebumen
Negative,Negative,Negative,Negative,hahaha berhala plastik kresek kah bang? plastik susah terurai bang di alam harus di bakar sih biar cepet di daur ulang pun sdh jelek kualitasnya
Neutral,Negative,Negative,Negative,ahh jelek ntr hsilny g bgus rt plastik daur ulang dong go green dikit rt : ga jg.klo pke ..
Negative,Negative,Negative,Negative,sampah plastik di daur ulang jika daur ulangnya jelek &amp; tidak beres yg di salahkan siapa? yg dapat duit siapa ? yg di peras siapa? otaknya penuh hepeng. bilang aja broker pengen duit lagi.
Neutral,Negative,Negative,Negative,sumpah demi apapun bukannya renov kelas + benerin ring basket lu tau sekolah gua masang tempat duduk bentuk love tau ga sih yang biasanya jd spot foto ibu ibu di tempat wisata trus di dekor pake botol plastik maksudnya apaan anj mau cerita daur ulang mah jelek majang sampah
Negative,Negative,Negative,Negative,ini yang bikin tuh mikir gini gak sih?? sampah2 nya mau dikemanain klo pun didaur ulang mnrt gue tetep agak kurang botol2 plastik yg kecil gtu aja udh banyak yg daur ulang tapi tetep masih numpuk sampah-sampai nya apalagi ini yg segede itu. stress
Positive,Neutral,Neutral,Positive,tuh bajer galon sekali pake kek nya kurang literasi deh padahal aqua yg pertama loh yg kemasan plastiknya 100% terbuat dari plastik daur ulang dan 100% bisa didaur ulang lagi. . bajer galon sekali pakai warrior biasanya cuma playing victim padahal yg nyampah siapa dasar..
Negative,Negative,Negative,Negative,rata2 sampah yg dihasilkan di jkt kurang lebih 7.700 ton per hari di tahun 2019 yg 34%nya merupakan sampah plastik. data dari swi sampah di indonesia ternyata 50%nya tetap berakhir di tps dan kurang dari 10% sampah plastiknya terdaur ulang. kpn ya tingkat daur ulang kita kyk sgp
Positive,Positive,Positive,Positive,rispek cakk cuma kurang 1 tadi soal botol plastik bisa dijawab loh botol plastik pun tetap bisa didaur ulang coba lihat apa yang dilakukan pak anies di dki melalui tpst bantar gebang yang mengolah sampah dengan 9 cara salah satunya daur ulang plastik .
Negative,Neutral,Negative,Neutral,kok bisa ya apakah kita masih kekurangan pemain daur ulang..? atau apakah kita masih kurang pemulung..? gw pernah dengar impor sampah utk bahan bakar tapi blm pernah dengar ekspor sampah plastik yg sudah d daur ulang..?
Negative,Neutral,Negative,Neutral,untuk fasilitas daur ulang kita masih sangat sedikit kesadaran masyarakat juga kurang akan hal ini. satu-satunya jalan buat perusahaan ya pakai kemasan yg ramah lingkungan itupun kalo bener niat bikin kampanye anti sampah plastik.
Negative,Positive,Negative,Positive,di indonesia juga udh ada yg namanya bank sampah kok. cuma ya emg kesadaran diri masing2 aja yg kurang ka. saya pelaku bisnis daur ulang sampah plastik kok. kalo kesadaran dirinya tinggi sih enak gaperlu gaji pemulung utk keliling pasti udh ada yg nyetor kelapak.
Negative,Negative,Negative,Negative,waduhh malah pada war simpel c. jangan buang sampah sembarangan belajar cara daur ulang mengurangi penggunaan plastik pokoknya kita semua harus sama samaa bisaa jangan apa apa pemerintah. masyarakatnya aja yang masih kurang dan bebal dalam hal ini.
Negative,Negative,Negative,Negative,salah satu faktor penyebabnya adalah karena sistem daur ulang sampah plastik belum berjalan baik selain itu juga kesadaran masyarakat masih kurang untuk tidak membuang sampah sembarangan
Negative,Negative,Neutral,Negative,tips &amp; trik menjaga linkungan menurut data sustainable waste indonesia (swi) tingkat daur ulang sampah plastik di indonesia kurang dari 11% hanya sekitar 9-10%. padahal indonesia merupakan salah satu negara penghasil sampah plastik terbesar di dunia. per hari nya ada
Negative,Neutral,Negative,Neutral,daur ulang (yg di indo penerapannya masih kurang memadai) bukanlah jawaban utama pengurangan sampah plastik. pengurangan penggunaan plastik tatplah jawaban utama pengurangan sampah. kalo terus di daur ulang ujung2nya ttp bakal dibuang2 juga tolakgalonsekalipakai
Negative,Negative,Negative,Negative,berfikir ga sih sampah banyak berserakan terutama sampah plastik.. karna : 1. tempat sampah sangat amat terbatas 2. pemakaian sampah plastik atau non daur ulang masih banyak bgt 3. budaya - ini bisa diubah dengan kesadaran dan aturan 4. peraturan yg kurang ditegakkan.
Negative,Negative,Negative,Negative,justru tempat2 pengolahan sampah (plastik dan kertas) untuk daur ulang di indonesia kekurangan sampah untuk diolah hingga terpaksa impor sampah dari luar. yang kurang di kita itu manajemen sampah ga terbiasa misah2in sampah dr level rumahan
Negative,Neutral,Negative,Neutral,indonesia merupakan salah satu negara penghasil sampah plastik terbesar di dunia bahkan menempati urutan kedua yang terbanyak. menurut data sustainable waste indonesia (swi) tingkat daur ulang sampah plastik di indonesia kurang dari 11 - kkmuntirtajawara2020 kkm146 untirta
Neutral,Neutral,Negative,Positive,gsp penemuan plastik tuh sebenernya buat menjaga lingkungan karena pada saat sebelum ditemukan plastik orang² bungkus sesuatu pake kertas yg bhan dasarnya kayu penggunaan plastik g salah asal buang sampahnya aja bner dan daur ulang si utk skrg yg penting nah indo ini kurang soal itu
Negative,Negative,Neutral,Negative,padahal daur ulang selama masih layak pakai okay aja. padahal kalau daur ulang bisa mengurangi sampak plastik kan barang sampai selamat itu yg utama. yang protes barang sampai dg selamat tapi makai packing daur ulang kayaknya kurang edukasi cinta lingkungan
Negative,Neutral,Negative,Neutral,parahnya sebenernya ga efektifnya sistem daur ulang di indonesia. jangankan e-waste plastik aja masih kacrut. terus kalo mau pake paper bag rata2 di sini masih blm pake yg murni daur ulang krn supplynya juga kurang buat bisnis.
Negative,Positive,Negative,Positive,pelarangan kantong plastik sekali pakai dianggap sebagai solusi yang kurang tepat oleh beberapa pihak karena dapat menurunkan omzet. furec berharap pemerintah fokus memperbaiki sistem pengolahan sampah mengedukasi masyarakat&amp;mewajibkan penggunaan bahan daur ulang/bahan ldu.
Neutral,Positive,Positive,Positive,1 hi! thank you sudah mention kami kami sudah cleanup kurang lebih 1 00 ton sampah dari sungai citarum loh.. dan sampah plastik tersebut kami recycle jadi papan daur ulang dan bangku taman
Positive,Neutral,Negative,Neutral,perusahaan ini berkomitmen untuk memperluas infrastruktur daur ulang di wilayah yang kurang atau tidak memiliki infrastruktur pengelolaan limbah plastik.
Neutral,Negative,Negative,Negative,saya lihat produsen kurang dilibatkan dalam pengelolaan sampah. produsen sampah plastik (makanan/minuman kemasan sekali pakai) seharusnya ikut bertanggung jawab dalam menyediakan penampungan dan daur ulang limbah plastik.
Neutral,Negative,Neutral,Negative,buang buang limbah plastik aja padahal sampah yang paling susah di daur ulang itu plastik tapi malah ngelakuin hal yang kurang penting kayak gini. padahal eceran banyak warung atau ngga yang 1/2 kg. lagian beras juga ngga basi
Neutral,Positive,Neutral,Positive,salah satu program pemerintah dunia adalah mengurangi prosuksi baru plastik dan diantaranya adalah daur ulang produk plastik dalam berbagai bentuk baru seperti: kursi meja wajah dll. hanya saja jika hasil instalasi plastik ke wajah kurang memuaskan mungkin via bpjs.
Negative,Negative,Negative,Negative,devina produsen air mineral kemasan di indonesia menghadapi kendala dalam mendaur ulang sampah plastik karena beberapa alasan. pertama biaya daur ulang tinggi sedangkan plastik baru lebih murah. kedua infrastruktur pengelolaan sampah kurang memadai terutama di daerah terpencil.
Negative,Positive,Negative,Positive,saya juga diceritakan oleh pengepul kalau pasokan sampah untuk pabrik daur ulang ini masih kurang (iya kurang!) mereka sampai masih harus mengimpor sampah plastik untuk didaur ulang. kalau ditanya kenapa masih banyak sampah yang terbuang ke laut? maaf belum kapasitas-c
Neutral,Positive,Negative,Negative,aro balebambu klo botol plastik masih bisa di daur ulang klo galon kek gitu aku kurang tau. aku jual di pendaur ulang web
Negative,Neutral,Negative,Neutral,susah kalau banyak pemburu rente (dlm hal import )&amp; didukung pejabat(kkn) seperti sinyalemen bung rizal ramli.. ..buktinya para pemulung(bandarnya) kurang semangat karena plastik daur ulang tdk dihargai
Negative,Negative,Neutral,Negative,pembina asosiasi daur ulang plastik (adupi) willy tandiyo mengatakan meskipun tingkat daur ulang plastik di dalam negeri masih di bawah 10% bahan baku lokal memiliki kualitas yang kurang baik.
Negative,Negative,Neutral,Negative,tercatat di data sustainable waste indonesia (swi) kurang dari 10% sampah plastik terdaur ulang dan lebih 50% tetap berakhir di tempat pembuangan akhir (tpa). baru 60% persen tuh gatau 40% nya kemana . lifeatunpar kelasmihi
Neutral,Negative,Negative,Negative,kurang percaya si sm yg masalah di makanin jin atau ditempelin setan tp lebih ke kasian sama tukang angkut sampah atau pemulung. kadang mereka tu kl ada plastik item dibuka buat cek isinya ada barang yg bisa di daur ulang apa ngga. kl pas di buka isinya darah haid kan jahat :(
Positive,Negative,Negative,Negative,patters iya tau boleh impor sampah alasannya bahan baku sampah plastik di indonesia kurang akhirnya justru bikin banyak masuk sampah2 yg tidak dpt di daur ulang pasal baru ini nguntungin indonesia ga sih? ayo mending rakyat diajarin memilah sampah sendiri? sampah kita banyak kan?
Neutral,Positive,Positive,Positive,@ lisdafebri engga ka kalo platform daur ulang kaya gini justru nanti sampah bekasnya bakal diancurin utk jd biji plastik yg kemudian dipake utk bikin barang2 plastik lain kaya botol gelas plastik dll. kurang lebihnya kaya gini ka prosesnya *cmiiw
Negative,Positive,Negative,Positive,memang betul ibu plastik sangat mengganggu di darat dan di sungai dan laut. selagi pabrik nya masih ada sampah tak akan hilang. solusinya adalah harus ada bentuk pengolahan sampah plastik contoh nya daur ulang sampah plastik. tapi kalau plastik di kurang gemana dgn oplas ya ?
Neutral,Positive,Negative,Positive,sistem pengumpulan yang kurang baik menyebabkan botol plastik bekas terbuang ke lingkungan hingga mencemarinya. sahabat ingin tahu seperti apa proses daur ulang botol plastik bekas di rbu tangerang selatan? yuk simak foto-foto di atas ya!
Neutral,Positive,Neutral,Positive,sudah ada kain polyester daur ulang dari sampah botol plastik tapi kurang tau pabriknya di indo atau luar mbieb.
Negative,Negative,Neutral,Negative,di uni eropa alat makan minum sekali pakai dar plastik dilarang di indonesia malah di daur ulang..pemerintah kurang peduli
Negative,Neutral,Negative,Positive,kurang edukasi &amp; kebanyakan mau praktis sih. padahal beberapa bisa daur ulang seperti minyak bisa jadikan sabun untuk cuci piring. sampah dari produk kecantikan/skincare bisa di bersihkan lalu jadikan kerajinan. sekarang kan apa2 dibungkus plastik meski udah dikurangi akhir2 ini
Negative,Neutral,Neutral,Positive,id bagus si konsepnya cuma kalo diturunkan kepasaran kurang ngena. ya emang bagusnya daur ulang jadi kantong belanja ato macem perabot yang bisa diaplikasiin plastik bungkus ini.
Negative,Neutral,Negative,Neutral,capek liat mentri kehabisan akal. semua di pajak.. sekarang hrus di balik apakah pajak trsebut dapat mengurangi sampah dgn daur ulang apakah dgn pajak itu dibangun pabrik daur ulang klo enggak ngapain kena cukai berlebih. ppn per produk kurang ?
Negative,Negative,Neutral,Negative,lah padahal sekarang kan ada plastik makan dan minuman daur ulang yang seminggu bisa ancur sendiri kurang kreatif tempat makannya.. bilangnya go green tapi gatau inovasi wadah yang ramah lingkungan
Negative,Neutral,Negative,Neutral,pernah baca sekilas kurang yakin tepat atau engga. daur ulang sampaah itu dari segi pelaksanaan lebih ribet ketimbang buat baru murni dari biji plastik apalagi prosesnya lebih lama (pemilahan sterilisasi peleburan lagi dll) dan biayanya lebih gede
Neutral,Negative,Negative,Negative,yantie ekaputri produsen yg ngeyel soal kemasan plastik ukuran kecil juga kan kurang di minati industri daur ulang
Positive,Neutral,Neutral,Neutral,ccof perluas inovasi daur ulang limbah plastik di luar pulau jawa: perusahaan ini berkomitmen untuk memperluas infrastruktur daur ulang di indonesia terutama di wilayah yang kurang memiliki infrastruktur pengelolaan limbah plastik. aksi
Positive,Positive,Neutral,Positive,jang dongmin ternyata pebisnis kaya raya. dia punya 100 warnet (pc bang) perusahan jasa bersih bersih rumah perusahaan daur ulang botol plastik pas kecil dia jarang banget liat kedua ortunya. yg kerja keras dari senin sampe senin lagi. pergi masih gelap pulang dah gelap.
Neutral,Negative,Negative,Negative,kenapa masih banyak sampah plastik disekitar kita padahal katanya bisa di daur ulang kalo kalian tanya kenapa sih masih banyak sampah plastik disekitar kita padahal plastik bisa di daur ulang ternyata tidak semudah itu fergusoo.. plastik punya 7 jenis yang berbeda
Neutral,Neutral,Neutral,Neutral,kemasan galon yang masih menggunakan polikarbonat memiliki kode daur ulang plastik ric dengan nomor 7. infotempo bpafree
Negative,Negative,Negative,Negative,di ri daur ulang sampah plastik masih jd pekerjaan besar studi yg dilakukan pascasarjana ui bilang pulau jawa aja hasilkan 189 349 ton sampah plastik/bulan 11.83% diantaranya dikumpulkan pelaku daur ulang upstream (pengumpul) yg 88.17% langsung menuju tpa ato menjadi sampah.
Negative,Neutral,Negative,Negative,di usa penggunaan pbde ini sudah dilarang tetapi senyawa ini masih banyak ditemukan di pasaran. alasannya? karena masih banyak plastik bekas yg beredar dan proses daur ulang plastik umumnya ga diregulasi dengan ketat. saya cukup yakin di indonesia pun masih banyak!!
Neutral,Positive,Positive,Positive,fyi buat kalian yg masih suka beli sesuatu pake gelas plastik mungkin gelasnya bisa dicuci bersih dan kalian kumpulin dan bisa dikirim ke mereka bisa bantu kalian buat daur ulang sampah plastik kok (dan juga sampah lainnya yg masih bisa didaur ulang)
Neutral,Neutral,Negative,Neutral,walaupun sekarang rasanya orang udah pada tau dan paham tapi masih banyak yg belum menerapkan budaya pilah dan pilih sampah. mana sampah organik yg bisa terurai dan mana sampah plastik yg bisa di daur ulang. yg paling gampang misalnya botol plastik. jujur gw juga masih sering
Negative,Neutral,Negative,Neutral,tantangan kita: daur ulang plastik masih minim
Positive,Positive,Negative,Positive,bagi pengusaha daur ulang plastik seperti saya kemasan2 plastik sekali pakai bernilai tinggi adalah material daur ulang bahan baku produksi dipabrik semakin banyak material daur ulang akan semakin baik karena industri plastik dinegara kita masih sangat kekurangan bahan baku.
Negative,Negative,Negative,Negative,langkah yang bisa ditempuh untuk mencegah senyawa beracun menyebar di lingkungan adalah dengan prosedur daur ulang yang baik sayangnya pusat daur ulang masih kesulitan memisahkan lapisan plastik dari paper cup di britania raya saja hanya 4 dari 100 paper cup yang benar-benar
Negative,Negative,Negative,Negative,daur ulang sampah plastik masih di bawah 10 persen
Negative,Positive,Negative,Positive,topnewsmetrotv pemerintah memiliki perhatian terhadap pengolahan sampah plastik dengan berupaya terus mendorong industri daur ulang plastik nasional. pemerintah optimis bahwa daur ulang sampah plastik masih bisa dikembangkan. namun apakah daur ulang sampah plastik menguntungkan?
Negative,Positive,Positive,Positive,limbah plastik dari rumah tangga dan medis seperti botol infus dan mainan anak didaur ulang di kawasan depok jawa barat. sayangnya pendapatan dari usaha daur ulang limbah plastik ini masih tak menentu. cnnindonesia
Negative,Negative,Neutral,Negative,walaupun sampah jenis ini bisa di daur ulang tentu sudah menjadi rahasia umum bahwa daur ulang sampah plastik masih menjadi perhatian bagi negara kita.
Neutral,Positive,Positive,Positive,buat kerajinan dari daur ulang botol plastik yuk wargi! . botol plastik bekas menjadi salah satu limbah yang sulit terurai lho tetapi masih sering dianggap tidak berguna .
Negative,Negative,Negative,Negative,sampah: harta atau bencana? kita tahu sampah bisa jadi emas dari daur ulang jadi barang baru hingga energi terbarukan! tapi kenapa kita masih seenaknya buang sampah sembarangan? jalanan penuh plastik sungai tersumbat laut menjerit! apa kita cuma pandai omong tapi nol
Neutral,Neutral,Negative,Neutral,kebutuhan bahan baku plastik daur ulang masih andalkan impor
Positive,Neutral,Positive,Neutral,polusi sampah plastik masih menjadi ancaman yang mengintai. oleh karena itu daur ulang sampah plastik menjadi salah satu upaya untuk mengurangi sampah plastik.
Negative,Neutral,Negative,Neutral,ternyata setengah kebutuhan sampah kertas dan plastik untuk daur ulang masih bergantung dari impor.
Negative,Neutral,Negative,Neutral,kebakaran melanda lapak daur ulang plastik di jalan gaga rawa kompeni kamal kalideres jakarta barat jumat (19/5/2023). pantauan di lokasi api masih berkobar membakar seisi lapak semipermanen tersebut. cil inews plastik kalideres daurulang
Negative,Negative,Negative,Negative,ketergantungan indonesia terhadap sampah impor untuk industri daur ulang menimbulkan tantangan yang signifikan. kekurangan bahan baku dalam negeri masih terus terjadi terutama di sektor pulp dan kertas dan plastik.
Negative,Negative,Negative,Negative,gila ya makin lama amerika emang licik bgt. buang sampah plastik yg gabisa di daur ulang ke jawa timur dan dijadiin bahan bakar buat pabrik tahu. padahal di indo masih susah buat pengolahan sampahnya. pemerintah juga lengah bgt buat hal beginian
Negative,Negative,Negative,Negative,plastik yang awalnya dibuat untuk memudahkan kehidupan manusia kini sudah menjadi ancaman. jumlah produksi dan konsumsi plastik yang meningkat tidak dibarengi dengan proses daur ulang yang memadai.
Negative,Negative,Negative,Negative,tak terurai sepenuhnya plastik 'biodegradable' ternyata masih menyimpan bahaya bagi lautan: sementara 46% dari kemasan plastik di inggris adalah plastik daur ulang kompos atau biodegradable yang tidak didukung oleh sistem daur ulang
Negative,Negative,Negative,Negative,tiza mafira direktur eksekutif gidkp mengatakan bahwa tingkat daur ulang sampah plastik di indonesia masih sangat rendah yaitu pada angka 9-10%. sebagian besar sampah plastik berakhir di tempat pembuangan akhir (tpa) sampah dan sisanya berakhir di ekosistem seperti lautan.
Negative,Positive,Negative,Positive,1. pengembangan industri daur ulang plastik di dalam negeri terus dikebut oleh pemerintah karena sebagai upaya strategis untuk substitusi bahan baku impor. disamping itu kebutuhan bahan baku plastik pun masih sangat tinggi. visi industridaurulang
Negative,Positive,Negative,Positive,indonesia masih berjuang untuk melepaskan diri dari ketergantungan terhadap sampah impor yang telah menjadi hal yang sangat penting bagi industri daur ulang terutama dalam produksi kertas dan plastik.
Neutral,Positive,Positive,Positive,udah opini nya ngaco tapi masih aja membela diri sendiri terus udah di kasih tau ini galon plastik sekali pakai bisa di daur ulang masih ngotot janganmenggiringopini
Neutral,Negative,Negative,Negative,daur ulang sampah plastik indonesia masih di bawah 10 persen
Positive,Neutral,Positive,Neutral,unpopular opinion: gausah esktrim batasin plastik. plastik ini limbah yg masih bisa didaur ulang selama layak. industri kita banyak yg bergantung sama daur ulang plastik. pemulung aja ada 5jtan di sini yg jadi ujung tombak pabrik. tapi bukan berarti pake seenaknya juga.
Neutral,Neutral,Positive,Neutral,mari kurangi sampah plastik dengan lakukan aksi 3n ngelongi nganggo ngolah kurangi penggunaan kantong plastik sekali pakai gunakan ulang plastik jika masih bisa digunakan &amp; kelola/daur ulang plastik menjadi barang yang bermanfaat. hlhsedunia2023
Negative,Neutral,Negative,Neutral,menteri perindustrian airlangga hartarto mengatakan upaya daur ulang plastik alias recycle plastic di indonesia saat ini masih kalah dari negara maju.
Negative,Neutral,Negative,Neutral,selain ngurangin sampah plastik seharusnya juga daur ulang sampah plastik. tempat sampah aja masih nyampur kan sampah yang organik dan non organik
Neutral,Positive,Positive,Positive,kamu juga bisa daur ulang pilah kemasan plastik yang masih bisa di pakai ulbsang jika bertuliskan 1(pet) makan kemasan plastik tersebut dapat diterima oleh perusahaan daur ulang indonesia semangatsalingbantu
Negative,Negative,Neutral,Negative,pengelolaan sampah melalui daur ulang di indonesia juga masih sedikit. di berbagai negara daur ulang sampah plastik sudah mengarah ke circular economy yang memungkinkan hasil daur ulang menjadi produk baru. (info)
Neutral,Positive,Positive,Positive,kamu juga bisa daur ulang pilah kemasan plastik yang masih bisa di pakai ulang jika bertuliskan 1(pet) makan kemasan plastik tersebut dapat diterima oleh perusahaan daur ulang indonesia semangatsalingbantu
Neutral,Positive,Positive,Positive,guys tau gak sih? kalian juga bisa loh daur ulang dan pilah kemasan plastik yang masih bisa di pakai. biasanya bertuliskan 1(pet) makan kemasan plastik tersebut dapat diterima oleh perusahaan daur ulang indonesia semangatsalingbantu
Negative,Negative,Negative,Negative,di indonesia teknologi untuk daur ulang plastik masih terbatas. kalau di ln bisa dipakai untuk tenaga listrik di sini sptnya blm ada. jadi paling bener kita kurangi penggunaan plastik dr diri sendiri.
Negative,Negative,Negative,Negative,masih terbatas di beberapa kota karena ketersediaan plastik daur ulang yang menjadi bahan dasar juga masih terbatas. namun tidak menutup kemungkinan untuk kami memasarkan produk aqua life di lebih banyak lokasi di indonesia.
Negative,Negative,Negative,Negative,nope daur ulang sampah plastik di indonesia itu masih rendah banget. kebanyakan sampah plastik tidak terkelola dengan baik di tpa dan berakhir mencemari lingkungan baik di darat maupun di perairan. cmiiw kehigenisan dan kualitas so called bisa di daur ulang itu belum terjamin.
Neutral,Neutral,Negative,Positive,masih mau pakai plastik secara serampangan? beli makanan dengan plastik berlapis-lapis? buang-buang plastik tanpa daur ulang? manusia emang satu-satunya spesies yang dengan senang hati membunuh diri sendiri dan teman-temannya secara perlahan.
Negative,Positive,Negative,Positive,kampos perusahaan startup asal italia memproduksi pakaian renang kemeja t-shirt &amp;lainnya di mana seluruh produknya dibuat dari botol plastik daur ulang/bekas dan lainnya. meskipun dengan bukti ini masih banyak masyarakat yang berpendapat plastik harus dihindari/dilarang.
Positive,Positive,Positive,Positive,ini hasil daur ulang sampah plastik sterofoam kertas oli bekas pasir 25x25x7cm ukurannya.masih pro &amp; kontra cara daur ulangnya krn kami masak dan dibakar.kendalax di duit tpi itu bukan halangan buat kami utk cari ide .bahan rongsokan dan modal alat dapur seadanya bisa berguna
Neutral,Positive,Neutral,Positive,tp gue cukup penasaran apakah botol daur ulang aqua itu ngambil source dari pet le minerale? masyarakat masih belum paham aja kalo sebenarnya industri manufaktur plastik itu source utamanya bukan virgin melainkan plastik bekas. yes they're recyclable.
Neutral,Neutral,Neutral,Negative,saya mendukung adanya kesadaran untuk peduli lingkungan dengan mengurangi penggunaan plastik melalui tagar tanpa sendok tapi kita juga harus memikirkan produk makanan yg masih menggunakan kemasan plastik yg sulit di daur ulang
Negative,Positive,Negative,Positive,di indonesia daur ulang plastik pascakonsumsi baru mencapai tujuh persen dengan 15 persen bahan baku berasal dari impor.
Positive,Negative,Negative,Negative,sebenernya sabun cair itu secara mendasar merugikan krn masih menggunakan kemasan plastik. tp aku bakal dukung kalau ada sabun cair yang menggunakan kemasan plastik daur ulang atau bahan lain yang lebih environmental friendly.
Negative,Negative,Neutral,Negative,tapi ya gitu isu lingkungan kek gak dijadiin konsen produsen amdk malah menambah jenis sampah plastik baru tingkat daur ulang sampah pun masih sangat rendah.
Negative,Neutral,Negative,Negative,berkomitmen tida akan beli sedotan besi sampe gue sendiri bisa tidak menggunakan gelas plastik maupun kertas. sampe saatnya indonesia punya cara daur ulang yang baik untuk plastik. untuk sedotan plastik gue sangat mengurangi dan bisa ngga pake samsek cuma gelas masih susah
Negative,Negative,Negative,Negative,dari 14% sampah plastik itu yang digunakan sebagai bahan baku industri daur ulang di dalam negeri masih 47% jadi masih lebih setengahnya. sementara lebih dari setengahnya lagi masih impor
Neutral,Positive,Negative,Positive,sabun atau shampoo yang kemasannya pake plastik daur ulang masih di dominasi merk luar yg mahal2 :(
Negative,Negative,Negative,Negative,banyaknya sampah plastik yang terbuang begitu saja adalah hasil pengelolaan sampah yang masih buruk. salah satu penyebabnya adalah rendahnya daur ulang sampah di indonesia. litbangkompas adadikompas lingkungan
Negative,Negative,Negative,Negative,gimana daur ulang sampah plastik amdk bisa beres? kemasan kecil2 makin banyak terus plastik air mineral cuma bisa didaur ulang 7% doang. prediksi 2050 lebih banyak sampah plastik di laut daripada ikan bakal jadi kenyataan
Negative,Negative,Negative,Negative,ini juga bukan soal daur ulang. secara global rata-rata hanya 9 persen sampah yang bisa didaur ulang. karena bikin kemasan baru lebih murah dari recycle. kemasan plastik yang diproduksi tahun 1950-an sampahnya masih berkeliaran di alam hingga kini.
Negative,Negative,Negative,Negative,daur ulang sampah plastik sering dianggap sebagai silver bullet yang akan menyelesaikan masalah sampah plastik. padahal sampai kapanpun daur ulang ya akan kewalahan kalo dari produsen dan penggunanya masih terus menggunakan plastik sekali pakai. 1hari1isulingkungan
Positive,Neutral,Positive,Neutral,ada yang masih belum tau daur ulang sampah plastik itu gimanaa? yuk mending ikut acara ini nih di tegal semuadukungganjar
Neutral,Positive,Negative,Positive,kalau sampah plastik bisa jadi solar untuk nelayan dan petani menurut kamu apa yang masih bikin kita ragu mulai daur ulang?
Neutral,Positive,Negative,Positive,gw pernah ngalamin pas masih usaha di bidang daur ulang plastik. udah bawa hasil gilingan plastik ke parkiran pabrik pemroses biji plastik daur ulang sambil nunggu antrian itu makelar ngerubung langsung minta lewat mereka aja. lah kan gw udah ngantri langsung ya
Positive,Neutral,Positive,Neutral,gw baca berita ini masih ada peluang besar untuk tajir dari daur ulang sampah plastik
Negative,Neutral,Negative,Neutral,negara lain udah bahas ekspedisi ke angkasa mobil tenaga listrik daur ulang sampah plastik. di sini masih urusin agama dan ijin beribadah
Positive,Negative,Negative,Negative,sampah bisa menjadi berkah apalagi ditambah dengan kreatifitas. masih ada peluang dalam melakukan daur ulang limbah baik berupa kertas maupun plastik di indonesia yang belum optimal. litbangkompas kompaspedia adadikompas
Neutral,Neutral,Positive,Positive,sampah plastik yg tidak terpakai masih bisa di daur ulang.. sedangkan sampah yg udah ga berguna dan bikin kotor pandangan ya manusia 1 ini..dias idud.
Neutral,Positive,Negative,Negative,karena sedotan plastik susah didaur ulang. pemulung jg nggak ada yg mau ambil. gelas plastik masih bisa diperpanjang siklusnya melalui daur ulang.
Neutral,Negative,Negative,Negative,lah. itu kan larinya ya ke daur ulamg sedangkan kemasan² kecil banyak yg tak terdaur ulang. makanya sampah plastik danone aqua yg mendominasi di berbagai tempat. masih mau nyangkal? ahelah..
Negative,Negative,Negative,Negative,sampah plastik impor masih membanjiri jawa timur terutama di sekitar pabrik kertas maupun pabrik pengolahan plastik daur ulang.
Neutral,Negative,Negative,Negative,intinya proses daur ulang itu adalah pilihan yang paling akhir. jadi sampah plastik yg ada jangan langsung di daur ulang. kalau masih bisa dicuci dan digunakan kembali kenapa tidak? tapi tetep harus dilihat lagi jenis plastik nya.
Negative,Negative,Negative,Negative,emang packaging mereka apa? mungkin dg gak pake plastik asal mereka lg ngurangin beban bumi? krn daur ulang plastik masih sangat terbatas.
Negative,Positive,Negative,Positive,di tangan orang kreatif di indonesia sampah plastik ini diubah menjadi produk daur ulang yang multifungsi. sayangnya masifnya sampah plastik masih terlalu banyak untuk diatasi beberapa orang saja. sampahplastikindonesia pencemaranlingkungan
Negative,Negative,Negative,Negative,6. peluang pengembangan industri daur ulang plastik di indonesia dinilai masih cukup besar mengingat daur ulang sampah rumah tangga masih berada di level 15 22%
Negative,Neutral,Neutral,Positive,anak muda di belanda berhasil buat mobil dari plastik daur ulang kita masih ribut shalat ied dekat gereja
Neutral,Positive,Positive,Positive,plastik adalah bahan yang memiliki tingkat daur ulang yang cukup tinggi plastik bekas masih memiliki nilai ekonomi dan dapat menjadi bahan baku untuk diolah kembali dalam proses reuse (penggunaan kembali) maupun recycle (daur ulang) dan proses ini terjadi secara berulang-ulang.
Neutral,Negative,Negative,Negative,disini plastik gampang bet dapetnya trus tempat pengelolaan daur ulang plastik masih sedikit jadinya numpuk gitu akhirnya
Negative,Positive,Negative,Positive,kayak gini bagus dan perlu didukung. sampah plastik makin lama makin mengerikan. terutama sampah botol kemasan air mineral. mirisnya pabrik daur ulang sampah plastik jg masih minim. ditambah lagi banyak prusahaan yg cuek bahkan terlibat greenwashing.
Neutral,Negative,Negative,Negative,di indonesia malah banyak yg belum tau apa itu sampah daur ulang. sampah basah dan sampah botol plastik masih berada ditempat yg sama. penting sekali sekolah atau para orang tua mengajarkan hal penting ini.. untuk indonesia yg lebih hijau
Negative,Negative,Negative,Negative,rendahnya daur ulang plastik masih diangka 10 persen
Neutral,Positive,Positive,Positive,gais kalian juga bisa daur ulang kemasan plastik yang masih bisa di pakai ulang jika bertuliskan 1(pet) makan kemasan plastik tersebut dapat diterima oleh perusahaan daur ulang indonesia semangatsalingbantu
Neutral,Negative,Negative,Negative,naa pas pertama kali liat iklannya kepikiran gini juga. iya sih airnya lebih terjamin bersih krn galonnya baru terus tapi kan nambahin sampah plastik :') aku masih gak yakin sama daur ulang plastik di sini
Positive,Neutral,Negative,Neutral,pengolahan daur ulang sampah plastik masih perlu ditingkatkan. plastic finance salah satu platform yg menawarkan investasi yg ramah lingkungan dan berfokus pada sistem daur ulang sampah. plas4future zerowaste plasticfinance
Negative,Negative,Negative,Negative,trubusmania peneliti lipi: limbah plastik daur ulang masih bisa meninggalkan polutan trubusid
Negative,Negative,Negative,Negative,daur ulang sampah plastik kini masih 20%
Neutral,Neutral,Positive,Positive,nah perlu diketahui nih kita bisa juga loh daur ulang pilah kemasan plastik yang masih bisa di pakai ulang indonesia semangatsalingbantu
Neutral,Positive,Positive,Positive,tau gak sih kamu juga bisa daur ulang pilah kemasan plastik yang masih bisa di pakai ulang jika bertuliskan 1(pet) makan kemasan plastik tersebut dapat diterima oleh perusahaan daur ulang indonesia semangatsalingbantu
Neutral,Positive,Positive,Positive,kamu juga bisa daur ulang pilah kemasan plastik yang masih bisa di pakai ulang jika bertuliskan 1(pet) makan kemasan plastik tersebut dapat diterima oleh perusahaan daur ulang indonesia semangatsalingbantu
Neutral,Positive,Positive,Positive,oya guys! tapi kamu juga bisa daur ulang pilah kemasan plastik yang masih bisa di pakai ulang loh.. jika bertuliskan 1(pet) maka kemasan plastik tersebut dapat diterima oleh perusahaan daur ulang jadi bisa aman indonesia semangatsalingbantu
Neutral,Positive,Positive,Positive,kamu juga bisa daur ulang pilah kemasan plastik yang masih bisa di pakai ulang jika bertuliskan 1(pet) makan itu kemasan plastik tersebut dapat diterima oleh perusahaan daur ulang indonesia semangatsalingbantu
Neutral,Positive,Neutral,Positive,produk beautykit v5 cocok banget loh buat kalian yang suka pergi travelling membawa alat mandi. terbuat dari daur ulang kemasan plastik sehingga tahan air dan ramah lingkungan..masih banyak varian nya loh yukk buruan
Positive,Negative,Negative,Negative,sampah plastik masih menjadi masalah di berbagai daerah tak terkecuali di samarinda kaltim. hadirnya pabrik daur ulang ini diharapkan mampu memberi solusi.
Neutral,Positive,Neutral,Positive,pak menhan lagi makan kendondong bagi aku bahan doong boleh kain perca atau botol bekas yaa sampah plastik yang masih bisa di daur ulang juga boleh banget
Negative,Neutral,Negative,Neutral,pabrik daur ulang plastik yang dituding jadi biang kerok pencemaran lahan pertanian di sonorejo masih beroperasi begini kata dlh sukoharjo sukoharjo pencemaran limbahplastik camatsukoharjo dlh
Positive,Neutral,Positive,Neutral,akan ada talkshow lingkungan tentang pengelolaan sampah bareng indonesia &amp; bogor. selain itu juga ada kelas daur ulang bareng musik daur ulang dari begal plastik dan masih banyak yang lainnya!
Negative,Neutral,Negative,Negative,ironis ! hingga hari ini indonesia belum memiliki standar baku daur ulang sampah plastik polikarbonat. ini tentang sampah plastik polikarbonat yang sulit didaur ulang. - anak kolong -
Negative,Negative,Negative,Negative,waspada serangan monster plastik! lebih dari 90% plastik yang ada belum didaur ulang namun perusahaan seperti terus meningkatkan produksi plastiknya. daur ulang saja tidak bisa menyelesaikan masalah plastik lho breakfreefromplastic pantangplastik
Negative,Negative,Negative,Negative,btw katanya biaya daur ulang itu lebih mahal dibanding bikin packaging baru from new plastics / glass. butuh mesin khusus butuh air listrik tenaga lagi belum lagi gak semua packaging itu sama dan satu cemaran aja bisa bikin batch recycle jadi plastik gagal. cmiiw ya.
Negative,Negative,Negative,Negative,sebenernya kemasan botol pet kaya galon itu malah banyak pabrik daur ulang yang mau terima. kemasan plastik sablonan warna warni kaya gini yang harusnya diganti. pabrik di indonesia kayanya belum ada yang berani olah karena ongkos daur ulangnya mahal harus lewat banyak proses
Positive,Positive,Negative,Positive,saya sudah membuat prototipe daur ulang limbah plastik. kendala ad belum mampu menyediakan peralatan proses yg layak sehat aman. nitip pak sampaikan ke pak prof tuk dibantu alat.
Positive,Neutral,Neutral,Positive,buat yang belum kenal yuk kenalan sama newhun berdiri pada tanggal 5 mei 2020 newhun menjadi yang pertama di asia yang memproduksi jam tangan dari daur ulang sampah plastik. sobat juga bisa nonton podcast kami bersama newhun di channel youtube satgas citarum! newhun
Positive,Positive,Neutral,Positive,pemerintah berencana menerapkan cukai kantong plastik untuk mengurangi pencemaran lingkungan. namun asosiasi daur ulang plastik indonesia menyatakan sampah kantong plastik bisa didaur ulang sehingga usulan itu dinilai belum tepat. (info)
Positive,Neutral,Positive,Neutral,sudah pernah ke taman recycle di kawasan waduk elok penggilingan cakung jakarta timur belum? sesuai dengan namanya taman ini dihiasi berbagai fasilitas yang dibuat dari bahan daur ulang seperti plastik dan ban bekas. seperti apa keunikannya?
Neutral,Positive,Negative,Positive,botol plastik ^ ^ dikumpulin untuk dikirim ke tempat daur ulang seh niatnya tapi belum sempet
Positive,Neutral,Positive,Neutral,rencana merintis usaha biji plastik daur ulang lokasi ada mesin bisa bikin sendiri modalnya belum punya.. barangkali ada yang mau bergabung..
Negative,Neutral,Negative,Neutral,negara maju belum punya solusi berkelanjutan daur ulang limbah plastik terkontaminasi
Negative,Neutral,Negative,Neutral,adupi: industri daur ulang plastik belum pulih tahun depan
Negative,Negative,Negative,Negative,masalah dengan plastik sampah!! itu plastik yang udh gk bisa d daur ulang cuman bisa jadi sampah gak bisa di reuse recycle juga mau dijadiin apa cuman jadi sampah cuman bisa dihancurin tapi efek sampingnya polusi belum lagi microplastic
Neutral,Negative,Negative,Negative,udah pada nonton ini belum? serem bangett sampah plastik tuh bahaya juga karena kan susah untuk di daur ulang ya. nah apalagi sekarang ada galon yang sekali pake gitu bikin tambah bnyk sampah plastik dong mending sih pake galon isi ulang aqua gitu..
Neutral,Neutral,Negative,Neutral,masalahnya adalah sistem daur ulang sampah di indonesia belum sempurna. jika pelabelan bpa ini berpotensi meningkatkan sampah plastic akibat naiknya konsumsi plastik sekali pakai ini akan bertentangan dengan komitmen pemerintah.
Neutral,Positive,Positive,Positive,untuk kalian yang belum paham dari makna logo daur ulang plastik yuk sekarang saatnya kamu tahu dan paham akan maknanya. hal ini juga berguna loh nantinya untuk kesehatan kalian! terasmitrafact kenalilogodaurulang plasticwaste limbahplastik
Positive,Positive,Positive,Positive,meskipun tergolong baru atau belum populer mesin daur ulang plastik (rvm) yg dipersembahkan bsi telah memberikan dampak dan hasil baik utk lingkungan. balisustainablemovement2023
Negative,Neutral,Negative,Neutral,beberapa sektor udah jalan: industri daur ulang plastik (inov) daur ulang logam berat (mhki) proyek biomassa &amp; wte (oasa toba) tapi belum sinkron &amp; belum didukung penuh kebijakan nasional.
Negative,Negative,Negative,Negative,udahlah plastik daur ulang pula. pelestarian lingkungan darimana itu? ayo dong kalau kalian bikin galon sekali pakai jangan cuma andalkan pemulung tapi bikin sistem daur ulangnya juga. sistem recycle di indonesia juga belum jelas. gimana sih??
Neutral,Negative,Negative,Negative,indonesia ya seharusnya didaur ulang jadi plastik lagi sayangnya pengolahan limbah daur ulang sistemnya belum berjalan dengan baik di negara ini. mulai dari masyarakat yg belum terbiasa memisah sampah yg bisa didaur ulang dengan tempat pengolahan sampahnya juga
Neutral,Negative,Negative,Negative,masalahnya di indonesia belum ada daur ulang plastik setauku. kalo di singapur semua sampah di bakar di ruangan karbonnya di jadiin energi buat listrik. kalo indonesia masih sebatas numpukin gitu sih..
Negative,Positive,Negative,Positive,tahukah anda bahwa plastik dapat di urai menjadi bahan bakar dibutuhkan sekitar 8kg sampah plastik untuk menghasilkan satu galon bensin. jika anda belum mengetahuinya industri daur ulang plastik memiliki kinerja yang sangat buruk. hanya 9% sampah yang pernah dihasilkan
Neutral,Negative,Negative,Negative,mari kita ingatkan semua untuk mengurangi plastik daur ulang &amp; tidak buang sampah sembarangan. sayang sistem daur ulang indonesia belum bagus. saya tadi marah waktu belanja disuruh bayar untuk tas plastik. saya bilang saya akan bayar kalau butuh tapi jgn kasih saya tas plastik!
Neutral,Neutral,Negative,Neutral,belum lagi keterbatasan titik pengumpulan sehingga membuat sampah daur ulang yang harus diangkut berpotensi menyumbangkan emisi karbon dengan demikian penggunaan galon guna ulang diperkirakan dapat mengurangi timbulan sampah plastik di tempat pembuangan akhir hingga 316 ton/th
Positive,Positive,Neutral,Positive,buat yang belum tahu aqua life adalah inovasi botol 100% daur ulang pertama di indonesia yang 100% bisa didaur ulang kembali. tentunya lebih ramah lingkungan karena proses pembuatannya tanpa menggunakan plastik baru.
Neutral,Positive,Positive,Positive,halo sahabatkominfo .. kalian sudah tahu belum kalau sampah plastik ternyata punya banyak simbol daur ulang lho! simbol daur ulang dapat memudahkan kita dalam mengolah limbah sampah plastik dengan baik lagi!
Neutral,Neutral,Positive,Positive,sudah menggunakan produk daur ulang? nah yang belum nih kita kenalin kalau produk diatas adalah salah satu produk daur ulang dari sampah kemasan rinso plastik ini butuh jutaan tahun guys untuk bisa hancur.. sedih yaah.. yuk pilah sampahmu!
Negative,Neutral,Negative,Neutral,prospek industri daur ulang plastik indonesia pada tahun depan diperkirakan bakal makin suram lantaran dampak perang dagang yang belum mereda.
Negative,Negative,Negative,Negative,suhartanto hati2 terjebak false solution secara global plastik yang didaur ulang hanya 9% negara maju saja ndak ada 50%nya upaya daur ulang sampah plastik yang telah dikumpulkan. yang sudah terlanjur harus diatasi yang belum sebaiknya dicegah dari awal.
Neutral,Positive,Negative,Positive,7. artinya masih ada jenis plastik yang belum dilakukan daur ulang. pemerintah menargetkan limbah plastik yang didaur ulang pada tahun 2019 ini bisa menyentuh hingga angka 25%
Negative,Negative,Negative,Negative,nah ini poinnya. pengolahan atau daur ulang limbah/sampah plastik di sini belum memadai.
Negative,Negative,Negative,Negative,botol aqua yang 100% dari bahan daur ulang plasti belum di pasarkan kah??disekolah belum ada soalny sedih liat plastik dimana
Positive,Neutral,Negative,Neutral,di darat uah ada banyak langkah orang2 buat mereduksi sampah plastik ini. ada yang daur ulang jadi produk lain yang punya nilai jual. tapi masih belum semua. sampah masih banyak juga energimuda kolaboraksi
Negative,Neutral,Negative,Neutral,sampah plastik label kemasan post consumer ini setahu saya belum ada pabrik daur ulang yang menerima artinya potensi volumenya besar apsi sedang merancang sistem pengumpulan secara nasional label ini disortir dan tersedia ditemen2 mulai bank sampah pengepul sampai penggiling.
Neutral,Negative,Negative,Negative,dapat cerita daur ulang baru step giling biji plastik butuh modal 50jt hanya utk rakit mesin. begimana peleburan. belum lagi separasi ukuran dan warna. pernah ada yang modal sampai 500jt. etdah. sampah ni tweet. bubar bubar. kembali jadi kuda.
Positive,Positive,Neutral,Positive,pusat riset ekonomi perilaku dan sirkuler badan riset dan inovasi nasional (brin) akan meneliti potensi dari sampah plastik kemasan berlapis agar layak daur ulang dan bisa bernilai tinggi. iptek adadikompas
Negative,Negative,Negative,Negative,dari proses biji plastik jadi sebuah produk aja udah kebayang emisi yg dihasilkan. belum lg proses pembuatan biji plastik yg memanaskan campuran berbagai bahan kimia. ditambah proses daur ulang plastik dengan metode peleburan. dikali jumlah pabrik yg beroperasi. coba lo pikir
Neutral,Neutral,Neutral,Neutral,lestari jadi botol aqua sudah atau belum terbuat dari plastik daur ulang? mohon pencerahannya. aqua indonesia botol daurulang
Negative,Negative,Negative,Negative,c1 plastik jadi masalah dunia! produsen semua produk mau perusahaan besar atau kecil ga ada tuh yang mau tanggung jawab bikin tempat daur ulang sampah plastik. apalagi ritel cuma bisa kasih tarif tapi tetap biaya dibebankan ke konsumen. belum lagi masyarakat yang ga tertib.
Positive,Neutral,Positive,Neutral,ipi (ikatan pemulung indonesia)saja punya 5 juta anggota. belum lagi industri daur ulang plastik di tiap kota. industri petrokimia di kawasan cilegon industri kemasan makanan dll. itu semua menyerap belasan juta tenaga kerja &amp; investasi trilyunan rupiah.
Negative,Positive,Negative,Positive,penelitian enzim untuk daur ulang plastik telah berkembang selama 15 tahun terakhir. namun belum ada yang menemukan cara membuat enzim beroperasi efisien pada suhu rendah. kini ada enzim yang bisa melakukannya. iptek adadikompas
Positive,Positive,Positive,Positive,bukan cuma untuk lingkungan daur ulang sampah plastik juga bisa membantu perputaran ekonomi loh! sudah mulai ber kawanplastik belum?
Neutral,Positive,Neutral,Negative,kalau plastik kemasan.. bahan nya dapat di daur ulang kembali.. tapi kalau plastik kresek belum bisa di daur ulang.. haduhh gitu aja masa gak tau sih.. sok goblok tapi goblok nya kebangetan..
Negative,Neutral,Negative,Neutral,salah satu faktor penyebabnya adalah karena sistem daur ulang sampah plastik belum berjalan baik
Neutral,Positive,Positive,Positive,cek jenis material dan penanganannya pada untuk sampah plastik kaca logam dan kertas (belum termasuk popok bekas pakai) yang ingin kamu daur ulang bisa kamu kirimkan ke atau bijakkelolasampah yuk!
Positive,Neutral,Neutral,Neutral,guyyss udah tau plas token belum? token crypto pertama yg memiliki fasilitas daur ulang plastik. plasticfinance plas4future zerowaste
Neutral,Positive,Positive,Positive,nah bagi kamu yang sudah maupun yang belum penasaran gak sih bagaimana proses daur ulang di rbu tangerang selatan? kemana ya hasil daur ulang botol bekas berakhir? apa saja produk yang bisa dihasilkan dari hasil daur ulang botol plastik?
Positive,Neutral,Positive,Neutral,hai sobatdkp kamu sudah siap belum niih untuk berpartisipasi dalam plasticfreejuly ? plastic free july adalah gerakan global yang dipelopori oleh orang-orang di australia barat yang secara dramatis mengurangi penggunaan plastik dan meningkatkan proses daur ulang.
Neutral,Positive,Negative,Positive,di surabaya belum ada ya duitin ini. hiks. padahal oke banget ini buat mengelola sampah plastik dan yg bs di daur ulang.
Negative,Negative,Negative,Negative,selain itu botol plastik yang telah digunakan belum tentu mengalami proses daur ulang yang baik dan benar. botol plastik yang tidak mengalami daur ulang akan terurai secara lambat dan membutuhkan banyak waktu.
Negative,Neutral,Negative,Negative,2. pasta gigi padat nah genkz pasta gigi yang ada dipasaran saat ini selali dikemas dengan tabung plastik sayangnya kemasan jenis ini juga sulit di daur ulang. belum lagi kandungan bahan-bahan yang ada banyak berasal dari senyawa-senyawa sintetis loh :(
Neutral,Positive,Positive,Positive,4. mengubah sampah plastik yg ditolak pengepul/loak menjadi paving block. keren hasil daur ulangnya dan keren sumbernya nyerap sampah yg belum diserap industri daur ulang skrg.
Negative,Neutral,Negative,Neutral,berarti dengan mengurangi sampah belum tentu lebih ramah lingkungan ya? tapi perlu dipertimbangkan juga manajemen sampah di kota/negara lain. kalo daur ulang plastik bisa difasilitasi dengan baik ya bagus. tapi kalo sampahnya cuma ditumpuk aja lebih baik dikurangin. (10/10)
Negative,Neutral,Negative,Neutral,pemerintah juga belum memajukan dan memayungi industri daur ulang plastik di tanah air yg sebetulnya bisa menjadi kontributor bagi kekuatan ekonomi nasional.
Negative,Positive,Negative,Positive,world sejauh ini bagus cuma kami belum ada pengiriman sejak 7 bulan terakhir. kapasitas kirim 5-10 ton. pabrik plastiknya lagi stop krn pandemi kecuali untuk daur ulang plastik hd (kantong plastik). kalau untuk jelantah lagi naik terus harganya.
Positive,Neutral,Negative,Neutral,ya kalau itu memang belum tau apa rencana pupr ke depannya. betul emang dananya gak sedikit terutama buat riset belum lagi diterapkan di jalan umum di sini terus seberapa kekuatan-ketahanan aspal itu. setidaknya ini terobosan baru buat daur ulang sampah plastik lah ya
Positive,Neutral,Negative,Neutral,pemilahan sampah di indonesia masih terbatas karena belum dilakukan secara profesional. oleh karena itu diperlukan segenap pihak untuk bahu membahu membangun manajemen daur ulang plastik yang berdaya guna dengan meminimalisir pencemaran.
Negative,Neutral,Negative,Neutral,exactly jey. aku juga ga setuju di bagian sedotan sama gelas plastik yang dihitung per pc. mendingan ikutan cara yang udah berlaku yaitu dihitung per kg. industri daur ulang di kita pun masih belum efektif dan mindset orang-orang masih belum di tahap environmental..
Negative,Neutral,Negative,Neutral,menyoal investasi di industri daur ulang sampah plastik sampai saat ini tantangannya luar biasa seabrek. salah satunya pemilahan sampah yang belum optimal. ya industri daur ulang nggak mau repot memilah dan membersihkan.
Neutral,Negative,Negative,Negative,iyah sih mb tapi disini belum ada tempat daur ulang plastik lagian sekarang masih itu satu-satunya cara efisien
Negative,Negative,Negative,Negative,udah banyak pengembangan inovasi teknologi tapi inovasi dalam daur ulang sampah plastik kok belum banyak banget ya apa memang sudah ada tapi ya karena sampahnya terlalu banyak
Negative,Neutral,Negative,Neutral,surkulasi daur ulang plastik belum maksimal
Positive,Positive,Positive,Positive,klo dikurangi apa substitusi nya om yg sifatnya murah meriah kayak plastik ? klo belum ada mendingan biarkan saja dan dibuat pengolahan daur ulang artinya dpt menciptakan lap kerja baik sbg pemulung pengumpul n pengolah limbah plastik simple kan om gud lak Indonesia
Neutral,Neutral,Positive,Neutral,alif r belum kenal gua ini limbah2 plastik minta di daur ulang.
Neutral,Neutral,Negative,Negative,sebab jenis plastik ini belum memiliki banyak jalur daur ulang sehingga dibiarkan menumpuk tidak terkumpul dengan baik dan mengakibatkan pencemaran di lingkungan nih sahabat.
Neutral,Negative,Neutral,Negative,terpopuler news sirkulasi daur ulang plastik belum maksimal via
Neutral,Negative,Negative,Negative,sebenernya tdk hanya sosialisasi kantong plastik aza. tapi yg perlu ngimana cara nya supaya kantong plastik dapat diganti dgn kantong dari bahan daur ulang dapat banyak seperti kantong plastik. dengarnya masih belum bisa mengantikan kantong plastik karena produksi belum banyak.
Negative,Negative,Negative,Negative,ternyata sampah plastik daur ulang di uk ngga diproses di dalam negeri malah dikirim ke asia. ini parah banget sekarang malaysia jadi salah satu tujuan karena rrt sudah nolak ekspor sampah plastik. sepertinya indonesia juga terima sampah ini tapi belum ada investigasi.
Neutral,Positive,Negative,Negative,saat ini waste4change bisa bantu daur ulang plastik dengan kode resin 1-5. styrofoam belum bisa kami bantu daur ulang. cek untuk program pengiriman daur ulang sampah!
Neutral,Negative,Neutral,Negative,darurat bener deh ini sampah plastik tapi masih ada aja yg gencar kampanye in galon sekali pakai meski alasan daur ulang dll yg kemasan gelas dan botol plastik apa kabar yg banyak berakhir di laut? belum lagi sampah mikro plastik lainnya
Positive,Positive,Neutral,Positive,repost indo with get repost ・・ sudah nabung sampah di butik daur ulang indo belum? . . plastik kemasan oke minyak jelantah oke.. . . info lengkap bisa komen atau
Neutral,Positive,Positive,Positive,salah tampung sampah plastik tak bisa di daur ulang. menyesal kemudian. mumpung belum terlambat terlalu jauh tindakan tegas hrs di lakukan.
Neutral,Positive,Positive,Positive,sudah taukah anda jenis plastik?? . jika belum coba simak dan perhatian gambar diatas dengan baik kira-kira penggunaan yang kita lakukan terhadap benda plastik selama ini dah sesuai atau belum?? . zerowaste
Negative,Negative,Neutral,Negative,laksono ini solusi jangka pendek. kalau mau penglohan sampah jangka panjang prosesnya masih lama. dsn juga industrinya belum mendukung. misal daur ulang sampah plastik kita belum punya. kalau mendatangkan perusahaan asing perlu dana. sabar lah dulu kita masih miskin.
Negative,Negative,Negative,Negative,mcr mas kalau sampeyan ngomong bio plastik argumen sampeyan sama kondisi dulu ga relevan. ini yang dimasalahin plastik yang udah 19 tahun mengambang masih belum terurai. apakabar plastik lain yang seangkatan? mau bilang daur ulang juga ini polusi udah di level yang mengkhawatirkan.
Neutral,Positive,Positive,Positive,udah kenal belum sama plastik yang tiap hari kalian gunakan gaes ?? kalau belum nih mimin punya info nya juga bahanya buat kalian so kurangin penggunaan plastik yah gaes. projectbindonesia butikdaurulang
Neutral,Neutral,Negative,Negative,kondisi ini menjadi semakin berat karena kebutuhan terhadap sampah kemasan sachet belum besar. ini berbeda dengan kebutuhan industri daur ulang terhadap sampah botol plastik pet.( sampahsachetsiapapunya adaapasampahsachet? kemanaperginyasampahsachet
Positive,Positive,Positive,Positive,karang taruna di kampung saya belum merasakan inovasi-inovasi bapak malah sekarang kami untuk membuat pabrik daur ulang sampah botol plastik harus mencari investor sendiri dan alhamdulillah sekarang pabrik itu sudah mulai beroperasi pak hehehe
Neutral,Positive,Positive,Positive,pagi tadi mendampingi ketum adupi christine halim diwawancarai oleh metro tv terkait pemanfaatan sampah plastik melalui proses daur ulang. host-nya wahyu wiwoho yang belum lama ini sembuh dari covid-19. dia
Positive,Positive,Neutral,Positive,sudah pernah liat kursi dari plastik daur ulang belum? . kalo belum yuks dateng ke event di grandcity mall dari tanggal 8-12 agustus. disana ada robries dan beberapa
Positive,Positive,Positive,Positive,peran industri daur ulang sampah khususnya plastik sangat penting dalam konsep ekonomi sirkular atau melingkar. kehadirannya mampu menghadirkan produk inovasi dari daur ulang sampah plastik.
Positive,Positive,Negative,Positive,masih banyak kota di indonesia yang belum memiliki fasilitas daur ulang. untuk itu pt inocycle technology group tbk (inov) terus mengembangkan sistem rantai nilai sampah plastik yang berkesinambungan. direktur inov victor choi mengatakan sebagai
Neutral,Positive,Positive,Positive,udah pada tahu belum nih mkgfriends sekarang loccitane id bekerjasama dengan untuk menawarkan fasilitas daur ulang wadah plastik bekas produk kesayangan kalian. ⠀⠀ yuk bawa kemasan kosong
Negative,Negative,Negative,Negative,plastik yang didaur ulang akan mengalami downcycling (bahan memiliki kualitas dan/atau fungsi yang lebih rendah daripada bahan asli) hingga akhirnya daur ulang lebih lanjut tidak mudah dilakukan dan akhirnya kembali menjadi tumpukan sampah pantangplastik breakfreefromplastic
Negative,Neutral,Neutral,Negative,penggunaan kantong plastik tinggi tapi tingkat daur ulang rendah
Negative,Negative,Negative,Negative,proses daur ulang sedotan plastik memerlukan biaya yang tidak sedikit. sementara nilai sedotan plastik untuk daur ulang sangat rendah. berdasarkan bentuknya sedotan plastik juga sulit di daur ulang.
Negative,Negative,Neutral,Negative,nilai cukai plastik daur ulang bakal lebih rendah
Positive,Neutral,Positive,Neutral,untuk mendaur ulang filter terracycle mensterilkan mencabik-cabik dan kemudian mencampur filter dng material daur ulang lainnya. memungkinkan filter utk dilebur ke dlm plastik industri yg semacam kayu plastik berkualitas rendah. terimakasihkretek
Negative,Neutral,Negative,Neutral,sayang kesadaran di indonesia masih rendah apalagi di daerah2 di luar jawa sampah plastik luar biasa banyak namun fasilitas daur ulang sangat minim atau bahkan tidak ada.
Negative,Negative,Negative,Negative,penggiling banyak yg merugi dan merusak rantai daur ulang plastik. kesadaran untuk berbisnis untuk kebaikan dan win2 solution masih rendah
Neutral,Positive,Neutral,Positive,video proses pembuatan jersey nike rendah enviromental 7 botol plastik dicampur sama 96% poliester daur ulang..
Neutral,Positive,Negative,Positive,bagja ada datanya ga mas? kalau menurut swi tingkat daur ulang galon pet 93% lo. yg rendah justru botol dan gelas plastik hihi
Positive,Positive,Positive,Positive,rakyat yang ekonomi rendah juga bisa menjaga alam dari hal yang terkecil dari *ga buang sampah sembarangan* biasakan daur ulang atau menggunakan kembali kurangi konsumsi plastik kertas air listrik atau apapun yang berlebihan
Negative,Negative,Negative,Negative,sampah plastik yang neutral valued dapat didaur ulang ketika labor wagenya rendah makanya u.s. pun ekspor sampah plastik neutral valued ke china. dan sekarang setelah china mengurangi impor sampah plastik sistem daur ulang dunia hancur.
Neutral,Neutral,Neutral,Negative,padahal sterofoam itu adalah plastik paling rendah. tdk bsa dijadikan biji plastik lagi. itu artnya tdk bsa di daur ulang lagi
Negative,Negative,Negative,Negative,ilustrasi dalam lamunan saya plastik kualitas rendah -&gt; siklus daur ulang -&gt; dijual/beli -&gt; bahan bakar -&gt; bakar terbuka -&gt; cemaran lingkungan kesehatan ‍-&gt; temuan dioksin mikroplastik -&gt; ..
Neutral,Negative,Negative,Negative,kenapa? karena tidak laku dijual karena sisa penggilingan karena sisa produk yang berkualitas rendah dsb. perjalanan sampah plastik di jalur sektor daur ulang cukup panjang bila dibandingkan dengan perjalanan sampah plastik di jalur menuju tpa.
Neutral,Positive,Negative,Positive,sampah plastik bisa di daur ulang bisa dimanfaatkan. memiliki nilai ekonomis. tapi masih rendah
Neutral,Negative,Negative,Negative,fakta lapangan kedua jenis sampah plastik termasuk kertas dll yang bernilai tinggi hasil pengamatan saya hanya sekitar diangka 50% saja nah 50% lainnya itu sampah yang bernilai rendah tidak laku dijual dipabrik2 daur ulang tentunya tidak akan dikumpulkan oleh temen2 pengepul.
Neutral,Negative,Neutral,Negative,karna sampah yg dipilah ki justru siklus daur ulang e lebih bisa menghasilkan uang. botol plastik yg udah kecampur sama sisa makanan harga jual e lebih rendah dari botol plastik yg mash utuh dan gak terkontaminasi sisa makanan.
Negative,Neutral,Neutral,Negative,corine tap mengatakan bahwa tipe sampah plastik itu berbeda-beda dalam hal potensi daur ulang. plastik dengan nilai lebih rendah bisa menghasilkan minat yang rendah pula untuk mengumpulkan. bijakberplastik theoceancleanup
Neutral,Negative,Negative,Negative,tapi jika nanti daur ulang utk plastik grade rendah sudah bnyk dikembangkan bisa kita sesuaikan juga. drpd skrg berpikir semua sampah plastik bs didaur ulang dan sembarangan pakai pdhl sampah grade rendah msh blm bnyk diolah kan malah bahaya. sampah menggunung.
Neutral,Positive,Negative,Positive,nomor 1 &amp; 2 yang bisa dibilang bisa didaur ulang botol plastik dan jug. karena hanya dua resin itu punya cukup permintaan pasarnya dan kapasitas daur ulang domestik yang mumpuni. sisanya masuk kategori plastik campur yang mana nilai jualnya lebih rendah
Negative,Negative,Negative,Negative,gua kerja di bagian lingkungan masalah plastik nih emang parah banget sih costnya gede banget kalo mau bikin tempat daur ulang yang proper. jadi yang paling cepet ya dibakar di insinerator. dan emang kesadaran orang tuh rendah banget. sampe berbusa gua tiap minggu sosialisasi
Positive,Neutral,Neutral,Positive,natural pal series emina bukan cuma kandungannya aja yang baik buat wajah kita tapi packagingnya juga baik buat kita dan alam loh kemasannya aja dibuat dari bahan natural dan rendah plastik apalagi bisa di daur ulang juga. jadi makin suka deh sustain journey palfromnature
Negative,Negative,Negative,Negative,pada saat yang sama (plastik sekali pakai) menjadi penyumbang terbesar kedua untuk sampah plastik hal ini merupakan bukti bahwa tingkat kesadaran di indonesia tentang daur ulang dan dampak lingkungan dari plastik masih sangat rendah.
Negative,Neutral,Negative,Negative,dengan begitu jenis plastik ps bisa mempengaruhi gen paru-paru hati dan sistem kekebalan tubuh. ditambah lagi jenis plastik ini mempunyai tingkat daur ulang yang rendah.
Neutral,Neutral,Negative,Negative,waketum adupi wiganda sementara sampah jenis sachet atau plastik multilayer ini nilai ekonomisnya sangat rendah. minat pemulung untuk memulung sampah sachet sangat kecil &amp; kebutuhan industri daur ulang terhadap sampah kemasan sachet jg sgt rendah sampahsachetsiapapunya
Neutral,Neutral,Negative,Neutral,bisa tapi emang dilakuin?
Neutral,Negative,Negative,Negative,daur ulang sampah plastik di indonesia rendah via
Negative,Negative,Negative,Negative,dengan banyaknya sampah plastik yang dihasilkan dan tingkat daur ulang plastik yang masih rendah sudah saatnya kita ambil bagian besar untuk kurangi sampah plastik agar bumi tetap terjaga sahabathijau!
Neutral,Negative,Negative,Negative,selain itu produk yang dibuat dari daur ulang plastik cuma bisa dibuat produk yg kualitasnya lebih rendah. seperti wadah plastik jadi mainan dan tambang. lalu botol plastik serat pengisi bantal dan bemper mobil.
Positive,Negative,Negative,Negative,untuk itu dorongan botol dan gelas plastik diperbesar (size up) agar mudah dikelola supaya tidak tercecer dan gampang didaur ulang pun mengemuka. karena produk danone aqua marketnya paling banyak tetapi daur ulangnya paling rendah. cc
Neutral,Negative,Negative,Negative,ada juga ibu christine halim ketua umum asosiasi daur ulang plastik indonesia sayangnya teknologi daur ulang masih rendah jadi hasilnya masih minim plastikuntukkebaikan circulareconomy
Negative,Positive,Negative,Positive,pslb3 botol plastik plastik daunan maupun perabotan plastik. itu bisa di daur ulang. bahkan bisa menjadi komoditas ekonomi sayangnya perhatian pemerintah sangat rendah sehingga pengusaha daur ulang plastik sering terkena dampak naik turunya harga plastik.
Neutral,Positive,Neutral,Positive,emisi plastik pet lebih rendah dan plastik pet pun mudah daur ulang gak salah le minerale pakai galon sekali pakai jenis plastik pet
Negative,Negative,Negative,Negative,satu goblok maanfaat dan fungsinya apa makan beling lebih baik di kasih ilmu makan plastik kresek biar bisa daur ulang dan bumi jadi bersih..
Neutral,Negative,Negative,Negative,bagja bener banget untuk tingkat daur ulang tuh botol dan gelas plastik sangat rendah buktinya sampah aqua jenis itu banyak di temukan dimana mana
Positive,Positive,Positive,Positive,selain mendorong perubahan perilaku masyarakat terhadap sampah plastik produsen juga perlu berkomitmen untuk membuat produk ramah lingkungan.
Neutral,Negative,Negative,Negative,tepatnya dari plastik kresek yg item. itu plastik golongan daur ulang level paling rendah alias racun | om
Negative,Negative,Negative,Negative,di negara dengan tingkat daur ulang yang sangat rendah tak ada pilihan lain selain mengurangi pemakaian plastik. klik:
Negative,Neutral,Neutral,Negative,update milari : peningkatan mutu aspal dengan daur ulang plastik mutu rendah.: deskripsi : ..
Neutral,Neutral,Positive,Neutral,chan haha ktg plastik itu udah paling rendah dlm siklus daur ulang. kalau plastik daur ulang jd plastik lg bisa tp turun 1 tingkat
Neutral,Positive,Negative,Negative,lasan main n4byl yantie stpl industri daur ulang juga sangat suka kalau ukuran sampah plastik pet besar seperti galon. selama ini industri daur ulang jarang mau daur ulang sampah plastik aqua botol apa lagi sampah plastik mereka banyak yg kotor nya minta ampun
Neutral,Positive,Positive,Positive,liat video daur ulang botol plastik dan gelas plastik buat jadi wadah tanaman aku pengen juga. tapi di rumah aku mah jarang bgt ada botol plastik apalagi gelas plastik.
Neutral,Positive,Neutral,Positive,kantong plastik bisa didaur ulang dan tidak jarang pula kantong plastik diproduksi dari hasil daur ulang. berapa kali siklus ini bisa dilakukan?
Neutral,Neutral,Negative,Negative,mengandung berbagai bahan kimia beracun yang bisa larut dan berbahaya untuk kesehatan. jenis plastik ini jarang diterima oleh program daur ulang.
Neutral,Negative,Negative,Negative,kebanyak sampah plastik aqua mini yg jarang industri mau daur ulang nih pasti
Neutral,Neutral,Positive,Positive,hampir semua sampah daur ulang bisa di terima di duitin. contoh yg jarang orng tau di duitin setau aku nerima ember jerigen plastik mie instan kertas botol kaca kaleng kotak multilayer (bekas susu) popok bayi bekas pakai sumpit kayu minyak jelantah
Neutral,Negative,Negative,Negative,gimana orang kebayakan sampah plastik aqua mini yg jarang industri mau untuk daur ulang
Neutral,Negative,Negative,Negative,plastik kemasan minuman aneka warna ini salah satu jenis sampah yg beredar dilautan kita jarang sekali ada yg menerima daur ulang kemasan aneka warna. bawa botol minummu sendiri daripada membeli minuman kemasan. *gambar hasil pembersihan pantai dikep seribu plasticfreefriday
Neutral,Positive,Negative,Negative,sekitar 70% sampah plastik di indonesia dapat dan sudah didaur ulang. tapi tidak dengan sedotan plastik! kenapa? karena sulit didaur ulang jadi pelaku daur ulang jarang yang bersedia ambil. selain juga..terlalu kecil! (?) recyclemorewasteless indonesiabersihsampah2025
Positive,Positive,Neutral,Positive,me: pengen deh sehat terus also me: jarang minum air putih yuk aquadulu dengan aqua life 100% plastik daur ulang dan 100% dapat didaur ulang jaga lingkungan dan jaga kesehatan kamu bijakberplastik
Neutral,Positive,Positive,Positive,grab it fast!! biru biru mini tas bulatnya ready nih gaeess salah satu bahannya dari rajangan sampah kemasan plastik lho.. jarang jarang produk yang kaya gini nih. cocok buat hang out anti-mainstream buat kalian yang kekinian projectbindonesia butikdaurulang
Neutral,Negative,Neutral,Negative,klo ad yg nanya knp jersey buatn nike yg pi cepet rusak? karena itu terbuat dr botol plastik yg d daur ulang makanya d nike store jarang ad
Negative,Negative,Negative,Negative,menfess jangan disamain sm indo nder mereka malah klw minum air mineral lebih sering pakai botol sekali pakai jarang yg pakai galon isi ulang karena sampah plastik mereka bisa daur ulang rakyatnya disiplin tau gimana milah sampah coba deh liat di drama pasti ada adegan ~
Negative,Neutral,Negative,Neutral,jarang bgt lht pemimpin daerah yg pegang2 tumbler kbnyakan pegang air mineral d botol plastik. tahukah daur ulang plastik tu mnyiksa tanah.
Negative,Negative,Negative,Negative,dzoel moelia sampah plastik bisa nda sih di daur ulang..pantas udah jarang yg pake kantong plastik..yooweisslah.. daruratgantipresiden daruratgantipresiden
Negative,Negative,Negative,Negative,: sampah / plastik pouch lebih susah terdaur ulang..dan jarang yg make buat plasik daur ulang..benarkah?
Negative,Negative,Negative,Negative,nah bener dosen aku jg ga setuju sm galon sekali pakai ini soalnya untuk daur ulang kaya gini jd bijih plastik aja alatnya msh jarang bgt di indo jangankan gitu bank sampah aja ga semua org tau jd pada asal aja buang ga dimanfaatin lg gedeg bgt
Neutral,Negative,Negative,Negative,galon sekali pakai berbahan pet bisa d daur ulang dan jarang di temukan d tumpukan sampah yg banyak ya tetep botol plastik
Neutral,Positive,Negative,Positive,padahal plastik bisa dimanfaatkan jadi produk lain yg bermanfaat tapi pelaku2 kerajinan kecil daur ulang plastik menjadi barang berguna jarang sekali mendapat dukungan dari semua pihak.
Neutral,Negative,Negative,Negative,retweeted walhi (): plastik kemasan minuman aneka warna ini salah satu jenis sampah yg beredar dilautan kita jarang sekali ada yg menerima daur ulang kemasan aneka warna. bawa botol minummu..
Neutral,Negative,Negative,Negative,ga gitu sih tapi galon sekali pakai berbahan pet bisa d daur ulang dan jarang di temukan d tumpukan sampah yg banyak ya tetep botol plastik
Neutral,Negative,Negative,Negative,galon sekali pakai berbahan pet bisa d daur ulang dan jarang di temukan d tumpukan sampah yg banyak ya tetep botol plastik
Neutral,Negative,Negative,Negative,galon sekali pakai berbahan pet bisa d daur ulang dan jarang di temukan d tumpukan sampah yg banyak ya tetep botol plastik
Negative,Negative,Negative,Negative,gunungan sampah plastik ini datang dari industri daur ulang di negara-negara maju. desa sumengko utara menjadi salah satu destinasi terakhir produk-produk plastik yang tidak berhasil didaur ulang. recyclingisnotenough breakfreefromplastic pantangplastik
Positive,Positive,Positive,Positive,proses daur ulang galon sekali pakai sendiri merupakan salah satu solusi pemanfaatan sampah plastik agar tidak membebani lingkungan bahkan di banyak negara maju siklus ekonomi daur ulang limbah plastik sudah dianggap sebagai salah satu solusi pengelolaan limbah yg cukup
Neutral,Positive,Neutral,Negative,botol plastik sampai kemasan sabun mandi merupakan contoh jenis plastik yang dapat di daur ulang. sebaliknya sendok plastik sekali pakai tidak bisa untuk didaur ulang. yuk baca penjabarannya dalam laporaninteraktif cnnindonesia di tautan berikut:
Positive,Neutral,Positive,Positive,lapangan tenis terapung di great barrier reef australia. lapangan ini dibuat dari bahan plastik daur ulang. ini adalah seruan sang produsen untuk tidak membuang sampah ke lautan. pada 2050 nanti plastik bisa lebih banyak daripada ikan di lautan.
Neutral,Neutral,Neutral,Positive,seluruh jam dinding di rumah entah mengapa mati berbarengan setelah menemani sejak lama. walau jam bisa liat ponsel tetap beda kalau tidak melihat dan mendengar detik. jam ini hasil daur ulang plastik untuk merayakan ultah btsarmy warnanya cantik
Negative,Negative,Negative,Negative,pelajaran yang bisa di ambil 1. daur ulang sampah plastik yang tidak bisa diurai kembali dalam kurun waktu singkat 2. hemat biaya memakai alat dan bahan seadanya 3. mengisi waktu luang kegabutan 4. bahagia itu sederhana
Negative,Neutral,Negative,Negative,millennials kill sedotan plastik di indonesia setiap hari digunakan sedikitnya 93 juta sedotan plastik yg jika tidak di daur ulang akan mencemari lingkungan. setiap tahun sekitar sepertiga biota laut termasuk terumbu karang dan bahkan burung laut mati karena sampah plastik.
Positive,Neutral,Positive,Neutral,menjadi entrepreneur di usia 66 tahun setelah diberhentikan dari pekerjaan sebelumnya di usia 64 tahun tidak mematahkan semangat paul tasner memulai bisnis daur ulang plastik dan mengubah sampah menjadi kemasan yang ramah lingkungan.
Positive,Positive,Neutral,Positive,selamat hari senin semua pernah terbayang tidak di benak kalian jika botol plastik di daur ulang menjadi jok mobil? audi membuktikan jika daur ulang botol plastik bisa menghasilkan jok dan komponen mobil lain yang keren loh. mpls
Negative,Neutral,Neutral,Neutral,makin ngebuat bumi penuh dengan sampah plastik yang tidak dapat di daur ulang
Positive,Positive,Positive,Positive,semakin hari semakin banyak masyarakat yang mengakrabi kegiatan daur ulang plastik. tidak hanya untuk tujuan ekonomi tetapi juga menyadari pentingnya membebaskan lingkungan dari sampah plastik. bethehero
Positive,Neutral,Positive,Positive,ayo daftarkan eventmu untuk program daur ulang. dengan mendaftarkan eventmu secara tidak langsung kamu akan meningkatkan angka daur ulang sampah dan turut melindungi bumi dari sampah plastik. ubah sampahmu jadi kebaikan mallsampah ubahjadikebaikan
Negative,Neutral,Neutral,Neutral,harusnya lsm tuh bisa lebih mendalami tentang daur ulang plastik dan tidak terburu2 mengambil kesimpulan janganmenggiringopini
Positive,Positive,Neutral,Positive,souvenir rups tahunan astra yaitu: tas dari bahan daur ulang botol plastik. ada laporan tahunan fisik di dalam tas. tidak ada snack mungkin karena kebetulan di bulan ramadan ya.
Neutral,Neutral,Positive,Positive,kita tidak bisa sepenuhnya anti plastik dalam setiap lini kehidupan kita sudah erat dengan plastik. salah satu yang bisa kita lalukan mungkin efisiensi daur ulang dan semacamnya kata mas yusuf. aku sepakat dengan poin ini. kopdartemankumparan beranimengubah mulaidarigue
Negative,Negative,Negative,Negative,daur ulang sampah tidak cukup melindungi laut dari pencemaran plastik :
Positive,Neutral,Negative,Positive,hi sobatbinamarga! penggunaan teknologi campuran beraspal menggunakan limbah plastik merupakan sebuah upaya untuk mengurangi sampah plastik di lautan (marine debris) di indonesia terutama limbah kantong kresek yang cenderung tidak berharga di pasaran industri daur ulang.
Neutral,Positive,Positive,Positive,manfaatkan kembali alias di daur ulang. tidak hanya bantu-bantu mengurangi sampah plastik di lingkungan tempat tinggal. kamu juga bisa jadikan sebagai lahan bisnis baru. sekarang banyak produk barang pakai seperti tas bahkan keranjang pakaian yang dibuat dari sampah plastik.
Negative,Negative,Negative,Negative,lego setop produksi balok dari botol plastik daur ulang diklaim tidak kurangi emisi karbon
Negative,Positive,Negative,Positive,sesekali masuk tv bicara daur ulang plastik saya tegaskan bahwa semua jenis sampah plastik itu bisa didaur ulang tapi ketika kita bicara daur ulang secara keseluruhan masalahnya sangat kompleks pengelolaan sampah plastik tidak bisa berjalan mandiri diserahkan kepara pengepul.
Positive,Positive,Positive,Positive,sobatair selalu buang sampah pada tempatnya kan ? sampah plastik merupakan masalah kita bersama. penguraiannya membutuhka waktu hingga 100 tahun sobatair. ayok kita pilah sampah plastik supaya bisa di daur ulang dan tidak mencemari lingkungan bumnuntukindonesia jasatirta2
Positive,Positive,Positive,Positive,selamat hari peduli sampah nasional! sampah plastik yg tidak dikelola merusak ekosistem. mengurangi produksi &amp; konsumsi penggunaan kembali daur ulang &amp; memberantas perdagangan limbah plastik ilegal penting untuk mencegah dampak negatifnya. hpsn2024 unwaste endenvcrime
Neutral,Neutral,Neutral,Neutral,misalnya ada pilihan jawaban sebagai berikut: a. produksi sampah b. sampah plastik c. daur ulang d. biji plastik e. nilai ekonomi mana yang termasuk kelompok kata yang berpasangan? daur ulang kenapa? karena keduanya selalu digunakan berpasangan dan tidak dapat tergantikan.
Neutral,Positive,Negative,Positive,menurut german association of local utilities plastik berwana hitam biasanya tidak terdeteksi oleh alat pemindai di tempat daur ulang sehingga plastik jenis ini tidak terdaur ulang.oleh sebab itu membeli kemasan plastik berwana cerah membantu kemasan plastik untuk didaur ulang.
Negative,Neutral,Negative,Negative,alasan sampah kemasan fleksibel plastik(multilayer) tidak dikumpulkan karena kebanyakan tidak layak didaur ulang&amp;sulit diidentifikasi yang layak daur ulang&amp;tidak.furec memiliki jawaban untuk menyelesaikan masalah sampah plastik jenis ini dengan menerapkan konsep dan logo furec.
Negative,Neutral,Negative,Neutral,daur ulang bukan solusi penyelesaian masalah sampah plastik pada tingkat produsen. seharusnya produsen memiliki pembungkus alternatif yg ramah lingkungan. mendaur ulang plastik tidak serta merta mengurangi timbulan sampah plastik. ecojustice dietkantongplastik goforzerowaste
Negative,Negative,Negative,Negative,sahabat air bersih di samping trending ukraine dan putin ada fakta miris dari bali nih. dari 33.336 kilogram plastik yang terkumpul 46 persen merupakan kantong plastik dan sachet plastik keduanya tidak memiliki nilai daur ulang yang tinggi di indonesia
Positive,Positive,Positive,Positive,plastik tergolong jenis pet dan kode daur ulang no. 1 itu sangat aman tidak menambah tumpukan plastik langsung bisa di daur ulang kok kayak galon sekali pakai nya le minerale janganmenggiringopini
Negative,Neutral,Negative,Neutral,kenapa tidak daur ulang? sayangnya daur ulang bukanlah solusi utama pengurangan sampah plastik. kebanyakan plastik dibiarkan mencemari lingkungan kita bahkan termakan oleh satwa di sekitar laut. pantangplastik breakfreefromplastic
Negative,Negative,Negative,Negative,8 3 miliar metrik ton plastik telah diproduksi sejak pertama kali ditemukannya pada tahun 1950an. 91% sampah plastik tdk di daur ulang dan karena sebagian besar plastik tidak dapat terurai oleh alam maka sampah plastik akan tetap ada hingga ratusan bahkan ribuan tahun mendatang.
Neutral,Negative,Negative,Negative,kantong plastik kresek berwarna terutama hitam mayoritas merupakan produk daur ulan. dalam proses daur ulang tersebut riwayat penggunaan sebelumnya tidak diketahui apakah bekas wadah pestisida
Positive,Neutral,Negative,Neutral,simbol segitiga dengan angka 1-7 ditengahnya sering kali dianggap sebagai simbol daur ulang oleh kebanyakan masyarakat.padahal simbol tersebut tidak berfungsi untuk menunjukkan kemampuan daur ulang suatu produk plastik melainkan berfungsi menunjukkan jenis plastik yang digunakan.
Negative,Negative,Negative,Negative,alangkah baiknya menghindari kemasan plastik kalo tidak ada inovasi daur ulang plastik siap2 potensi gundukan sampah plastik akan tiba rsud sultan fatah karangawen demak jateng
Positive,Neutral,Positive,Positive,potret lisa blackpink kenakan baju hasil daur ulang sampah plastik stylish abis!: ditulis oleh: lily ariani di dunia hiburan penampilan selebriti pasti menjadi sorotan. para selebriti pun senantiasa tampil menawan agar tidak mengecewakan termasuk
Positive,Positive,Positive,Positive,penataan taman oleh gober di area kantor kelurahan gumuruh dengan memanfaatkan kembali botol bekas air mineral dan sampah plastik yang tidak dapat di daur ulang dalam bentuk ecobrick. cc safarinii
Neutral,Positive,Neutral,Positive,beauty packed in recycled bottles botol lbp dibuat dari plastik daur ulang yang mungkin membuatnya tampak tidak 100% jernih. selain itu botol lbp juga dapat didaur ulang kembali lbplovers
Negative,Neutral,Neutral,Negative,danone prancis juga telah mengumumkan melakui akun twitternya pada wilayah operasi amerika menyatakan pihaknya sudah tidak lagi menggunakan plastik berbahan polikarbonat yang mengandung bpa (kode daur ulang no.7) peringatangalonisiulang
Negative,Negative,Negative,Negative,sudah sejak lama produsen plastik mengetahui bahwa praktik daur ulang plastik tidak ampuh untuk recovery material menjadi bahan baku. npr dan frontline melakukan investigasi dalam dokumenter plastic war di zerowastecities breakfreefromplastic zerowaste
Positive,Neutral,Positive,Positive,atasi permasalahan sampah plastik dengan pendekatan yang produktif. yuk sobatproksi manfaatkan sampah plastik untuk menciptakan barang daur ulang yang tidak hanya bermanfaat tetapi juga memiliki nilai ekonomis. selamat hari peduli sampah! 21 februari 2024
Positive,Neutral,Neutral,Positive,acer conscious technology memimpin kemajuan dengan ragam produk yang dibuat melalui daur ulang plastik dari lautan. kenali lebih dekat inovasi acer yang tidak hanya mengunggulkan kinerja tetapi juga dapat melindungi planet kita. acer conscioustechnology sustainability
Negative,Neutral,Negative,Neutral,tidak semua plastik bisa didaur ulang 5 fakta tentang daur ulang
Negative,Neutral,Negative,Neutral,laporan itu mengatakan bahwa memproduksi bahan bakar dari sampah plastik tidak memenuhi syarat sebagai daur ulang menurut definisi internasional.
Positive,Positive,Positive,Positive,sampah daur ulang adlh sampah yg bs didaur ulang dan sebagian besar daerah mengumpulkannya sesuai dgn jenisnya masing2 seperti botol kaca kaleng botol plastik dan sebagainya mengapa sampah di jepang harus dipisahkan? bagaimana jika tidak mematuhinya?
Positive,Positive,Positive,Positive,perusahaan bernama replas memproduksi cagak pembatas terbuat dari 98% plastik daur ulang.cagak pembatas ini kuat tidak akan pecah retak lapuk/perlu diwarnai. ini menunjukkan plastik yang telah digunakan dapat diolah menjadi barang bermanfaat&amp;bernilai jual tinggi.
Positive,Positive,Positive,Positive,sejumlah ilmuwan australia telah mengembangkan teknologi yang menurut mereka bisa mendaur ulang semua plastik termasuk yang selama ini tidak dapat didaur ulang. seperti apa? sampahplastik
Neutral,Negative,Negative,Negative,yuk kurangi pemakaian lima benda berikut tak bisa didaur ulang loh tak hanya botol plastik yang tidak bisa melalui proses daur ulang lima benda ini pun juga
Negative,Negative,Negative,Negative,1) sistem daur ulang pada nyatanya tidak dilakukan dengan baik sehingga pada akhirnya menjadi sampah dan tidak berbeda dengan plastik sekali pakai biasa. 2) tak semua plastik bisa didaur ulang. 3) plastik daur ulang punya masa laik guna dengan kualitas yang berkurang (downcycle)
Positive,Neutral,Positive,Positive,inovasi lain oleh peneliti adalah daur ulang limbah plastik menjadi bahan bakar cair melalui proses pirolisis. asal mula plastik adalah terbuat dari minyak bumi. dan kita bisa membuat bahan bakar dari limbah plastik. tidak perlu impor bbm. haripedulisampahnasional
Neutral,Neutral,Negative,Neutral,proses daur ulang plastik saya tidak tahu
Positive,Positive,Neutral,Neutral,desain baru ini memungkinkan untuk lebih ramah lingkungan. sebab dalam rantai daur ulang plastik pet memiliki sifat ringan mudah dibentuk mudah didaur ulang serta tidak mudah pecah.
Positive,Positive,Positive,Positive,anak-anak muda ini mengembangkan bisnis yang ramah lingkungan. sampah plastik tidak selalu mubazir. model bisnisnya dari penyedia barang curah layanan pengangkut sampah hingga daur ulang sampah plastik. majalahtempo
Positive,Positive,Positive,Positive,kenali arti kode plastik dari segi penggunaan keamanan daur ulang dan potensi bahayanya apabila tidak tepat digunakan.
Negative,Neutral,Negative,Negative,teknologi daur ulang sampah medis berbahan plastik dengan metode rekristalisasi tengah dikembangkan. metode itu dinilai mudah dan tidak membutuhkan energi tinggi. kesehatan adadikompas
Positive,Positive,Positive,Positive,tidak hanya mengumpulkan sampah plastik tim sumpah sampah juga menciptakan mesin untuk daur ulang sampah plastik. saksikan susicekombak setiap hari sabtu pukul 20.05 wib di metrotv. mgndigital knowledgetoelevate
Negative,Neutral,Negative,Negative,mitos daur ulang sampah plastik: mengapa gerakan ini tidak membantu lingkungan
Negative,Neutral,Negative,Neutral,pengelolaan sampah plastik tidak cukup sekadar menerapkan sistem daur ulang. perlu ada regulasi untuk menekan produksi sampah. korantempo
Neutral,Negative,Negative,Negative,adupi (asosiasi daur ulang plastik indonesia) tidak mudah lulus seleksi tidak hanya di bagian beli giling dan di bagian cuci saja. namun juga harus mampu bikin produk baru dan punya nilai tambah serta bisa diekspor. jadi bedakan industri daur ulang plastik dan kertas
Positive,Positive,Positive,Positive,halo sobat laut selamat hari lingkungan hidup sedunia ayo kita jaga bumi dengan: tidak menggunakan plastik sekali pakai daur ulang sampah kita dua langkah mudah tersebut dapat mencegah masuknya sampah ke tpa lhoo marinedebris sampahkaut tknpsl
Neutral,Neutral,Negative,Negative,imbauan agar tidak menggunakan kantong plastik daur ulang untuk wadah daging kurban sebagai tindak lanjut public warning dari bpom tentang kantong plastik. dagingkurban
Negative,Neutral,Negative,Neutral,isu lingkungan itu sangat serius dan mengkhawatirkan terutama penggunaan bahan bakar tidak dapat di daur ulang dan masalah plastik. kalau bumi rusak tidak ada tempat untuk baku hantam.
Negative,Neutral,Negative,Neutral,penanganan sampah plastik tidak bisa bergantung pada daur ulang semata. diperlukan alternatif lain untuk mengurangi sampah plastik. harilingkunganhidupsedunia adadikompas
Neutral,Positive,Positive,Positive,padahal ingat sampah plastik itu hanya sekitar 12% dari total sampah anorganik dan sampah plastik ini sangat dibutuhkan industri daur ulang jadi aneh bila dipermasalahkan hanya dengan sebuah kalimat terurai dan tidak terurai . featuredkompasiana
Negative,Negative,Negative,Negative,penanganan sampah plastik tidak bisa bergantung pada daur ulang semata. diperlukan alternatif lain untuk mengurangi sampah plastik. internasional adadikompas
Negative,Negative,Negative,Negative,riset : daur ulang sampah plastik tidak efisien dan membuang waktu riset sains daurulang plastik sampah
Negative,Neutral,Negative,Negative,justin wiganda ketua asosiasi daur ulang plastik indonesia (adupi) sementara kemasan sachet atau multilayer yang kebutuhan daur ulang nya sangat kecil justru tidak dilarang sampahsachetsiapapunya kemanaperginyasampahsachet manatanggungjawabprodusen adaapasampahsachet ?
Negative,Neutral,Negative,Neutral,alan marty kepala peneliti di carbios perusahaan daur ulang plastik dari perancis mengatakan masa depan plastik tidak bisa tergantung daur ulang semata. harus ada terobosan lain yaitu menguraikan plastik dengan menggunakan enzim. adadikompas harilingkunganhidupsedunia
Negative,Negative,Negative,Negative,plastik sangat tidak ramah lingkungan dan tdk bisa di daur ulang oleh alam.. kita harus dukung larangan produksi berbahan plastik
Negative,Negative,Negative,Negative,iya juga sih.. produksi.. berarti menambah folume bahan plastik yg di produksi padahal plastik tidak bisa di daur ulang oleh alam.. . siap.. mestinya di larang di produksi harus kita dukung larangan produksi plastik di muka bumi terutama di negara kita
Neutral,Neutral,Positive,Neutral,setiap plastik (sampah) tidak boleh terbuang harus di resicle (daur ulang) klo memang tidak bisa di resicle plastik itu harus diamankan jangan sampai terbuang ke laut
Negative,Neutral,Negative,Neutral,selama beberapa dekade kita berfokus pada usaha untuk meningkatkan daur ulang tetapi bukti yang bertambah menunjukkan bahwa daur ulang saja tidak akan cukup untuk menyelesaikan permasalahan sampah plastik.
Negative,Negative,Negative,Negative,dental abbeh daripada pakai plastik kan bisa pakai kertas. jaman dulu orang2 kan pake kertas ada tuh kantong kertas kertas bisa di daur ulang plastik tidak
Positive,Positive,Positive,Positive,tujuan ekonomi sirkular adalah untuk mengurangi gap antara kapasitas industri daur ulang dan limbah plastik daur ulang dari kondisi saat ini ekonomi linier yang tidak memberikan insentif nyata untuk daur ulang; hampir semua produksi untuk akhirnya dibuang (sampah).
Positive,Neutral,Positive,Positive,menteri kelautan dan perikanan susi pudjiastuti mempromosikan sepatu dari daur ulang plastik. susi mengatakan kita tidak boleh membuang sampah sembarangan. kalau kita tidak bisa mempergunakan sampah tersebut untuk
Negative,Negative,Negative,Negative,laporan yang sama juga menyebutkan hanya 20% plastik yang memiliki nilai memadai untuk didaur ulang. artinya untuk melawan monster plastik di lautan daur ulang plastik saja tidak cukup kita harus menekan penggunaan plastik sekali pakai. akujagalaut
Positive,Neutral,Positive,Neutral,keempat belajar cara daur ulang sampah plastik jika tidak mau banyak sampah plastik semakin menumpuk di rumah atau disekitar lingkungan tempat kamu tinggal. kenapa tidak sekalian saja dimanfaatkan untuk digunakan kembali alias di daur ulang. enasea
Negative,Positive,Positive,Positive,ya pengelolaan sampah plastik bisa kita lakukan dgn pemilahan inovasi/ teknologi daur ulang hingga bagaimana meminimalisir sampah plastik yang tidak bisa didaur ulang. plastikuntukkebaikan sedekahbotolplastik
Positive,Neutral,Neutral,Neutral,mulailah dari hal kecil yaitu membaca. sebenernya knapa sih kita masih pakai plastik? plastik bisa di daur ulang gak sih? sampah plastik apa yg bisa di daur ulang sampah plastik mana yang tidak knapa tidak bisa di daur ulang? cara daur ulang plastik gimana?
Neutral,Positive,Positive,Positive,daur ulang plastik kita tidak dapat menghindari penggunaan plastik sepenuhnya darlings bisa mendaur ulang plastik yang gunakan atau bisa mengumpulkan dan memisahkan sampah plastik berdasarkan jenis-jenisnya siapdarling
Positive,Positive,Positive,Positive,nah loh dari pasar ternyata. kira-kira apa ya solusinya. mengurangi penggunaan plastik atau daur ulang sampah plastik nih. kenapa tidak dua-duanya aja ya nggak? apapun caranya selagi itu berdampak dan tidak merugikan siapapun patut lah dicoba. bri harisampahnasional
Negative,Negative,Negative,Negative,greenpeace mengimbau masyarakat agar kurangi konsumsi plastik satu-satunya kunci mengatasi masalah sampah plastik adalah mengurangi konsumsinya. daur ulang tidak akan pernah cukup sebagai solusi sampah plastik lingkungan
Neutral,Positive,Positive,Positive,jurnal plastik | 7 fakta plastik (dan daur ulang) part 1 video ini akan membahas 7 fakta mengenai plastik dan daur ulang yang banyak orang tidak tahu! apa saja fakta-fakta itu? saksikan selengkapnya dalam video ini.
Neutral,Positive,Negative,Negative,narasi yg di buat produsen galon bpa pengalihan jelas galon pet kode daur ulang 1 mudah di daur ulang dan jadi primadonanya industri daur ulang. beda cerita dngn kemasan kecil seperti sampah plastik aqua gelas yg gak laku di tambah galon pc perkode 7 yg tidak bisa di daur ulang
Neutral,Positive,Positive,Positive,ternyata botol plastik bekas aqua bisa di daur ulang seperti bros yg saya pakai ini dan tas 2 cantik. bermanfaat sekali sebab bila tidak di daur ulang akan menjadi sampah plastik. padahal sampah plastik butuh beratus
Negative,Neutral,Negative,Neutral,halo sobat bc pontianak seperti yang kita ketahui sampah plastik menimbulkan banyak efek negatif bagi lingkungan. kantong plastik merupakan bahan yang tidak diminati untuk di daur ulang sehingga plastik banyak
Negative,Negative,Negative,Negative,niat daur ulang itu mulia tapi sayangnya hanya 9% sampah plastik di dunia yang terdaur ulang. artinya perubahan level ini tidak berskala besar.
Negative,Negative,Negative,Negative,plastik daur ulang tidak aman bagi manusia dan bukan solusi untuk mengatasi krisis polusi akibat penggunaan plastik menurut penelitian terbaru
Negative,Negative,Negative,Negative,daur ulang saja sama sekali tidak cukup. karena ada 90% plastik yang diproduksi itu berakhir mencemari lingkungan dibakar menjadi polusi udara emisi gas beracun dan jadi mikroplastik yang tercecer
Neutral,Positive,Neutral,Positive,daur ulang botol plastik bekas yang tidak terpakai. bagus dimanfaatkan dipekarangan rumah mjd penggati pot like - follow - share youtube : tukang sampah berdasi tolakgalonsekalipakai papuaterancamdicaplokchina gerakanrevolusiakhlaq robohkanoligarki
Negative,Neutral,Negative,Neutral,sampah plastik tidak mudah di daur ulang kembali karena ada beberapa jenis yang membutuhkan proses.. sampah plastik juga sangat susah untuk diuraikan oleh tanah.. jadi ayokk kurangi pemakaian kantong plastik indonesia semangatsalingbantu
Negative,Neutral,Negative,Neutral,daur ulang sampah tidak cukup melindungi laut dari pencemaran plastik lewat
Negative,Negative,Negative,Negative,saat di rujak sedang menggali ulang sejarah bantar gebang eh malah ketemu ini. tahun 1993 sudah ada yang menyimpulkan bahwa daur ulang itu tidak menyelesaikan sampah plastik. yg bisa menyelesaikan itu hanya perubahan pola konsumsi.
Negative,Negative,Negative,Negative,perusahaan-perusahaan ternama seperti pepsi terus meningkatkan penggunaan kemasan plastik sekali pakai. solusi yang kerap ditawarkan mereka? hanya daur ulang. breakfreefromplastic ourocean ourocean2018 rethinkingconvenience isthisyours
Negative,Negative,Negative,Negative,tahun 1993 sebetulnya sudah sadar bahwa daur ulang tidak memecahkan sampah plastik dan hanya memperpanjang umurnya (bayangkan manusia punya umur 500thn dan tiap hari bisa nganak 10). cara mengubahnya: pola konsumsi harus berubah.
Neutral,Neutral,Positive,Positive,sahabatdikbud bagaimana ya caranya mengubah limbah plastik di sekitar kita menjadi karya yang artistik dan menarik? yuk ikuti kelas seni daur ulang bersama baja panggabean di pertunjukan daring siang ini hanya di youtube . bahagiadirumah
Neutral,Positive,Neutral,Positive,lampu gantung vintergata dengan desain bentuk serta warna yang menarik bisa memberikan kesan mewah pada ruang makan minimalis kamu. vintergata yang terbuat dari plastik daur ulang tidak hanya menyebarkan cahaya tapi juga memberikan ruang makan kamu suasana penuh kehangatan.
Negative,Negative,Negative,Negative,tingkat daur ulang sampah plastik di indonesia hanya 9 persen
Positive,Neutral,Positive,Neutral,bisnis 1. kisah sukses pedagang kue kering untuk natal dan tahun baru 2. dipecat dari kantor orang ini akhirnya sukses membuka usaha daur ulang plastik. 3. hanya bermodal batok kelapa orang ini akhirnya kaya mendadak kuissmartbisnis kuy ah sae1 ajax
Negative,Negative,Negative,Negative,bila kebijakan perusahaan dan pemerintah hanya sebatas daur ulang dan menggunakan plastik ramah lingkungan maka target indonesia mengurangi 70% sampah plastik di lautan pada 2025 hanyalah sekadar angan-angan bapakperusakalam bapakperusakalam
Negative,Negative,Negative,Negative,daur ulang tidak akan memperbaiki masalah plastik di laut dan menyalahkan negara di wilayah bumi bagian selatan untuk praktik pengelolaan limbah mereka yang buruk hanya mereproduksi kebiasaan kolonial memindahkan masalah kepada orang lain dan menyalahkan korban.
Neutral,Neutral,Neutral,Positive,taukah kamu kalau sampah plastik bisa di daur ulang menjadi paving block? gimana caraya? simak video berikut! tonton terus vaksinslankuntukindonesia setiap hari jumat pukul 20.05 wib hanya di ⁣⁣ mediagroupxslank
Negative,Neutral,Negative,Neutral,perubahan besar selalu dimulai dgn tindakan sederhana. pengendalian sampah bkn hanya melalui kegiatan daur ulang. mengurangi timbulan sampah plastik juga salah satu cara u/ mengatasinya. sudah saatnya u/ memikirkan keberlanjutan lingkungan dgn memperhatikan sampah yg dihasilkan
Positive,Neutral,Neutral,Positive,tak hanya jersey kini sepatu juga berbahan daur ulang plastik
Negative,Negative,Negative,Negative,tambahan: bahwa daur ulang itu hanya memperpanjang umur penggunaan plastik tapi tidak menghilangkan masalah sampah plastik itu sendiri.
Positive,Neutral,Positive,Positive,hingga saat ini india termasuk salah satu negara terdepan dalam program daur ulang limbah plastik. menurut catatan program lingkungan pbb atau unep india mendaur ulang sekitar 60 persen limbah plastiknya jauh di atas rata-rata dunia yang hanya 22 persen
Negative,Negative,Negative,Negative,dan daur ulang pun hanya jadi plastik lagi dan plastik lagi. gitu aja terus sampa 450-500 thn kedepan. sementara di thn2 yg sama produsen keluarkan terus plastik plastik dan plastik baru. lama2 lbh banyak plastik daripada segenap makhluk hidup di bumi ini.
Positive,Positive,Positive,Positive,telat banget tau tapi ternyata id sempet berkolaborasi dengan le minerale. sebagian bahan sepatunya terbuat dari daur ulang botol plastik. kolaborasi ini limited hanya 500 pasang dan sold out dalam hitungan detik. aerostreet kolaborasi2nya memang
Negative,Neutral,Negative,Negative,salam zero waste! industri bahan bakar fosil (alias plastik) dan brand ternama mengajukan solusi palsu yang hanya akan memperburuk masalah iklim kita. apa yang disebut bioplastik dan daur ulang bahan kimia tidak akan menyelesaikan masalah hanya malah menambahnya.
Positive,Positive,Positive,Positive,pemanfaatan sampah nonorganik seperti plastik &amp; botol plastik bekas bukan hanya dilakukan oleh industri daur ulang berskala besar semata. nyatanya sampah tersebut pun bisa menghasilkan nilai ekonomi di tangan pelaku umkm gas pol lingkungan
Negative,Negative,Negative,Negative,dua hal: meningkatkan kesadaran masyarakat soal plastik dan membentuk people power untuk melawan hegemoni plastik. yang tak kalah penting: menekan pabriknya. banyak yang bikin produk plastik tapi hanya sekali daur ulang atau bahkan gak bisa didaurulang sama sekali.
Negative,Negative,Negative,Negative,faktanya ada 67 ton sampah plastik dihasilkan tiap harinya. namun hanya sekitar 9% yang didaur ulang. namun tahukan teman-teman terkait fakta daur ulang plastik? simak di poster yaa chemicalrecycling falsesolution breakfreefromplastic recycling
Negative,Negative,Negative,Negative,menurut atha rasyadi jurukampanye urban greenpeace indonesia bila kebijakan perusahaan &amp; pemerintah sebatas daur ulang dan menggunakan plastik ramah lingkungan target indoensia mengurangi 70% sampah plastik di lautan tahun 2025 hanya impian. breakfreefromplastic isthisyours
Negative,Negative,Negative,Negative,dan harap diingat saja saudara2 bahkan utk kegiatan daur ulang itu hanya demi memperpanjang pemakaian plastik. proses daur-ulang pun butuh energi (lagi) dan hasilkan emisi. jadi jgn sampai berpuas diri dan tetap berupaya lbh ya pemkot surabaya .
Positive,Neutral,Positive,Neutral,yang kedua adalah; stop pembakaran sampah limbah rumah tangga atau sampah plastik dan lebih baik di daur ulang nih awaiters! bukan hanya mengurngi asap polusi tapi juga mengurangi banyaknya penggunaan plastik menjadi barang baru yang lebih berguna nih awaiters! gogreen
Negative,Negative,Negative,Negative,selain itu untuk saat ini daur ulang juga bukanlah satu-satunya solusi yang dapat ditawarkan mengingat hanya 9% sampah plastik yang berhasil di daur ulang di seluruh dunia. maka yang seharusnya dapat dilakukan adalah pembatasan terhadap penggunaan plastik itu sendiri.
Neutral,Neutral,Positive,Positive,gerakan eco-friendly sedang menjamur di kalangan masyarakat. tak hanya membeli anda juga bisa membuat sendiri pouch dari plastik bekas. berikut selengkapnya. haribumi
Negative,Neutral,Negative,Negative,kresek dia tak pernah tau akan di isi apa yang dia tau hanya akan berakhir di tong sampah.. dia hanya berusaha sebaik mngkin jlnkan tugasnya tanpa mkir makanan sampah atau emas kah yg masuk.. dia hanya berharap di daur ulang utk jd plastik yg lbh mulia..
Negative,Negative,Negative,Negative,hay barudak unpas ceumin mau sharing nih kamu tau ga sih? lebih dari 1 juta plastik digunakan setiap menit. 50% dari plastik itu adalah plastik sekali pakai yang langsung berakhir di tong sampah. hanya sekitar 5% yang dapat di daur ulang. boleh kepoin akun ig nya
Positive,Neutral,Neutral,Positive,hot item! . adidas ultraboost 20 shoes fv8359 yang sedang hype ini tidak hanya menampilkan warna yang bold dan eyecathing tetapi juga dibuat sebagian dari parley ocean plastic. yaitu bahan daur ulang yang berasal dari plastik-plastik yang ditemukan di pesisir pantai.
Negative,Negative,Negative,Negative,sampah plastik ancaman paling gede saat ini makanya permenlhk 75 ini dirancang untuk mengurangi sampah melalui perbaikan manajemen daur ulang reuse dll. tapi kok sampah malah nambah banyak ya? why?
Negative,Negative,Negative,Negative,@ emridwan pertanyaannya plastik daur ulang itu apa 100% didaur ulang atau hanya akan berakhir di kali
Negative,Neutral,Negative,Neutral,temuan kunci dalam laporan ini di antaranya adalah: 1) tak ada komitmen untuk mulai menghentikan penggunaan kemasan plastik sekali pakai dari setiap perusahaan yang disurvei. solusi yang ditawarkan hanya daur ulang breakfreefromplastic ourocean ourocean2018 pantangplastik
Positive,Neutral,Positive,Positive,aku bantu infoin yaa kak bahwa untuk grab recycle hanya untuk penanggulangan daur ulang sampah plastik dan karton/kardus yaa kak untuk info lebih detailnya bisa cek pada halaman berikut ini terima kasih -mamat
Negative,Negative,Negative,Negative,hanya 20 persen sampah plastik di indonesia yang didaur ulang. humaniora adadikompas
Neutral,Positive,Neutral,Positive,btw ini botol daur ulang dari botol aqua gitu ya buat mengurangi sampah plastik. dan baru ada di bali . gak hanya sama aqua kok kerjasamanya.
Negative,Neutral,Neutral,Neutral,dr. hartuti purnaweni mpa (ketua program studi doktor ilmu lingkungan undip) mengungkapkan dalam mengelola sampah tak hanya 3r yaitu reuse (penggunaan kembali) reduce (mengurangi) dan recycle (daur ulang) tapi juga refuse (menolak) yaitu menolak pemakaian plastik berlebihan.
Positive,Neutral,Positive,Positive,karena daur ulang plastik itu asik jadi next-nya kita mau bikin sesuatu lagi nih beauty lovers! nggak hanya itu kamu juga bisa kontribusi loh yuk sama-sama merawat diri sekaligus merawat bumi
Positive,Neutral,Positive,Positive,menurut jacqueline mcglade chief scientist di unep banyak dari plastik yang berlabelkan biodegradable hanya akan hancur/terurai pada temperatur 50°c dan itu bukan laut. menurut un solusi utama untuk plastik di laut adalah pengumpulan dan daur ulang sampah yang lebih baik.
Neutral,Negative,Neutral,Negative,boneka plastik daur ulang hanya benda mati.
Positive,Positive,Positive,Positive,deasy esterina memanfaatkan limbah plastik untuk membuat tas yang penjualannya tak hanya di dalam negeri tapi juga mancanegara.
Negative,Negative,Negative,Negative,iya terlalu kasar. padahal bisa di daur ulang itu sendok plastik. hanya mengeluh dan marah2 di sosmed. bukan mencari solusi yang baik.
Neutral,Negative,Neutral,Negative,aqua botol plastik daur ulang yang hanya dijual di bali!
Positive,Neutral,Positive,Positive,pembakaran plastik itu melepaskan zat-zat kimia berbahaya ke luar angkasa gk hanya pemanasan global namun juga senyawa berbahaya seperti dioksin. paling tepat masalah pada sampah plastik adalah di daur ulang.
Negative,Negative,Negative,Negative,saat ini hanya ada 10% sampah plastik yang dilakukan daur ulang. mariberbagiperan sustainabilityday2020 unileverindonesiafoundation
Positive,Neutral,Positive,Neutral,bahan eco fabric dari plastik daur ulang menegaskan komitmen macron dan sociedad terhadap lingkungan. jersey baru ini bukan hanya soal penampilan tetapi juga perwujudan dari komitmen klub terhadap masa depan yang lebih hijau. thefootballicious realsociedad
Positive,Neutral,Positive,Positive,/organisasi yang menunjukkan bahwa kamu punya kepedulian terhadap keberlanjutan. - jangan hanya menyebutkan tapi tunjukkan impact-nya. contoh: sebagai ketua komunitas lingkungan di kampus aku memimpin proyek daur ulang yang berhasil mengurangi sampah plastik hingga 30%-
Negative,Negative,Negative,Negative,hal ini mengindikasikan bahwa daur ulang saja tidak cukup untuk mengatasi krisis polusi plastik. banyak ahli seperti prof. budi handoko dari universitas majapahit berpendapat bahwa penggunaan plastik sekali pakai seharusnya dilarang total bukan hanya dikenai pajak.
Negative,Positive,Negative,Positive,kebijakan ini sama dgn larangan kantong plastik kresek malah sampah kantong daur ulang nyampah dimana2 &amp; utk bungkus sampah hrs beli plastik lg pdhl kantong plastik minimarket bs dipake utk kantong sampah sbnrnya solusinya hanya perusahaan dipaksa bangun pabrik daur ulang!
Positive,Positive,Positive,Positive,ei jadi keinget aku follow bbrapa akun sosmed club bola nya jepang mereka sering ngadain kampanye daur ulang seperti memilah pembuangan sampah botol gak hanya itu mereka jg kampanye mengenai mendaur ulang sampah plastik yang menurutku itu sangat bermanfaat sekali lo..
Negative,Neutral,Negative,Negative,daur ulang sampah plastik hanya menunda plastik untuk sampai di tempat pembuangan akhir.
Neutral,Positive,Positive,Positive,proses ini membuat plastik terurai secara komponennya berbeda dengan proses daur ulang biasanya yang hanya mengurai plastik menjadi partikel yang lebih kecil. komponen plastik tersebut akan berubah menjadi gas hidrokarbon yang kemudian diembunka dan menghasilkan minyak mentah
Negative,Negative,Negative,Negative,gsp ri id muba lasan udien k1r4r4 lalu untuk isu sampah plastik 22nya menghasilkan sampah plastik yg sangat banyak. hanya beda du galon doang. 1 isi ulang 1 ga. infrastruktur daur ulang sampah plastik hanya tersedia di kota besar sept sby dan jkt dgn kapasitas terbatas juga.
Negative,Negative,Negative,Negative,bicara mengenai daur ulang. sampah plastik yang terdaur ulang di jerman ternyata hanya sebesar 14-16 persen. 60 persennya justru dibakar dan sisanya di-impor ke luar negeri. faktanya mayoritas sampah yang di impor oleh jerman terdapat di wilayah asia tenggara.
Neutral,Neutral,Positive,Positive,kami tidak hanya berkontribusi secara aktif meningkatkan pengumpulan sampah plastik tetapi juga membantu mitra kami mengurangi penggunaan plastik baru dengan menyediakan solusi plastik daur ulang ujar laurent.
Neutral,Neutral,Positive,Positive,sampah anorganik seperti plastik hanya bisa diurai dengan cara tertentu misalnya daur ulang sampah. dalam piramida pengelolaan sampah 3r recycle atau daur ulang berada pada tahap terakhir. hal ini dimaksudkan agar sampah dapat dimaksimalkan penanganannya di awal.
Neutral,Positive,Neutral,Positive,inisiatif ini tidak hanya mengembalikan akses pendidikan bagi para siswa tetapi juga menghadirkan inovasi ramah lingkungan melalui batu bata plastik daur ulang yang mampu mengurangi emisi karbon hingga 22 ton.
Negative,Neutral,Negative,Negative,kalo hanya plastik dengan kode tertentu yang bisa di daur ulang dengan mudah sementara lainnya butuh penanganan khusus atau justru tidak bisa di daur ulang sama sekali.!! solusinya dicari yg bisa menggantikan yg tdk bisa di daur ulang ini
Neutral,Neutral,Positive,Positive,inilah bentuk kepedulian lewat kreativitas mengubah sampah jadi pesan dan menjadikan seni sebagai solusi. temukan wajah plastik di pasar gotong royong hanya di aplikasi media pintar perjuangan. dukung gerakan daur ulang dukung seniman lokal dukung bumi kita bersama.
Negative,Neutral,Negative,Neutral,mau nya setiap daerah udah ada pengolahan daur ulang sampah plastik. memang sangat mengkawatirkan. setiap selokan penuh dengan plastik bekas minuman. sy hanya mampu membersih kan sekitar tmpt tinggal sj
Neutral,Neutral,Negative,Negative,10) tidak perlu terkadang kemasan hanya isi angin penuh tipu daya dgn promosi berlebihan dicetak ke kemasan yg sulit di daur ulang. lebih sulit terurai drpd plastik biasa.. kemasan besar lebih baik bahkan jika prlu menggunakan plastik yg tebal hingga bisa di daur ulang.
Neutral,Neutral,Positive,Neutral,apalah eq yg hanya plastik daur ulang inih
Positive,Positive,Positive,Positive,menurutsaya masalah sampah plastik di indonesia tak serta merta bisa diatasi hanya dengan mencari alternatif lain pengganti plastik. menggalakkan daur ulang dan edukasi pemilahan dan pembuangan sampah pada tempatnya saya nilai lebih bisa diutamakan.
Negative,Negative,Negative,Negative,sayangnya target tersebut tak diiringi dengan dukungan kebijakan dari pemerintah. asosiasi daur ulang plastik indonesia (adupi) mengeluhkan sikap pemerintah yang hanya mendorong namun tidak ada insentif maupun kemudahan terhadap pelaku usaha.
Negative,Neutral,Negative,Neutral,airlangga: industri daur ulang plastik hanya dikenakan ppn pengeluaran
Negative,Negative,Negative,Negative,peluang ekonomi daur ulang plastik tuh sebenernya banyak bgt. kenapa hanya muncul larangan tanpa ada solusi pengolahan limbahnya ya
Negative,Negative,Negative,Negative,fakta yang bikin miris ya apalagi sampah plastik kan sangat sulit di daur ulang dari jumlah sampah yang ada hanya 10-15% yang bisa di daur ulang tasinibagalfamart
Positive,Neutral,Positive,Neutral,3. jerman semua toko di jerman yang menyediakan kantong plastik harus membayar pajak daur ulang dan menargetkan pengurangan penggunaan tas plastik dari 71 kantong plastik per orang pertahun menjadi hanya 40 kantong plastik saja pada 2025.
Negative,Neutral,Neutral,Neutral,industri daur ulang plastik merupakan salahsatu industri yg terdampak besar selama masa pandemi covid-19 dengan utilisasi produksi hanya mencapai 30-40 persen.
Negative,Negative,Negative,Negative,ini menarik sejatinya industri kemasan plastik hanya membuat fatamorgana soal daur ulang plastik. selebihnya mereka rekayasa sana sini biar seolah² ramah thd lingkungan. biaya daur ulangnya pun mahal secara teknologi.
Negative,Neutral,Negative,Neutral,saat ini perusahaan tersebut hanya sekedar menghimbau untuk melakukan daur ulang sedangkan 90% plastik yang pernah diproduksi tidak pernah didaur ulang dan menumpuk begitu saja. daur ulang saja tidak cukup harus dikurangi dari sumbernya.
Negative,Neutral,Negative,Negative,plastik ramah lingkungan bukan hanya plastik yg mudah hancur poin lain bahan yg mudah hancur sangat tdk diutamakan oleh pabrik daur ulang lestari bangsa danonebloggeracademy dbaday3 dba2018
Negative,Negative,Neutral,Negative,oecd mencatat 460 juta ton plastik digunakan tahun lalu. jumlah sampah plastik terus meningkat pertahunnya oleh karena itu kita harus mengurangi penggunaan plastik karena hanya 9% sampah plastik yang berhasil di daur ulang di seluruh dunia indonesia semangatsalingbantu
Negative,Negative,Negative,Negative,tinggal pelarangan export bahan mentah plastik pet daur ulang ke ln untuk pertumbuhan investasi industri daur ulang ke seluruh wilayah nusantara yang saat ini hanya tumbuh di jawa timur dan banten.. bagaimana mau bersih indonesia jika nilai ekonomisnya habis di transportasi?
Positive,Neutral,Positive,Positive,nah tas plastik yang kayak gini yang boleh dipakai karena hanya rasanya kayak plastik tapi dibuat dari bahan yang bisa di daur ulang (biodegradable - 100% dari tanaman)
Positive,Neutral,Positive,Positive,terimakasih buat 17 peserta yang sudah melakukan pendaftaran pada acara pelatihan daur ulang plastik tanggal 27 april 2019 ditunggu para pendaftar lainnya maksimal dibatasi hanya untuk 20 peserta saja
Negative,Negative,Negative,Negative,[21/8 11:01 am] : tahukah bahwa sampah plastik kita mencapai hingga 9 juta ton per tahunnya atau setara dengan berat dari 3 juta ekor gajah? rendahnya tingkat daur ulang sampah plastik di indonesia yang hanya berada
Positive,Positive,Positive,Positive,sampah plastik ;masalah daur ulang di hilir bukan hanya regulator larangan di hulu. jakarta &amp; tangerang punya legulator larangan kantong plastik tapi tidak punya pabrik pengolahan sampah yang baik. hulu &amp; hilir harus seimbang. mohon maaf jangan fokus pada hulu aja. pemiludamai
Positive,Neutral,Negative,Neutral,mengurangi tidak kalah penting dengan mengolah nya.. . repost from balroom (repost media app) . tahukah anda bahwa hanya 9% plastik yang benar-benar didaur ulang? daur ulang pada dasarnya adalah
Negative,Neutral,Negative,Negative,daur ulang bukan solusi tepat kok bisa? direktur eksekutif gidkp tiza mafira mengatakan selama ini daur ulang plastik di indonesia hanya sekitar 9 persen. sedangkan produksi plastik sekali pakai semakin beragam. greenersnews
Negative,Negative,Negative,Negative,sangat mendukung faktanya yg begini2 hanya grenwashing a.k.a pencitraan cek tkp lapangan apakah jumlah botol sampah plastik berkurang banyak? 100% daur ulang terhadap berapa% produksi sampah nya aqua ngak jgn gedabrus greenwashing nya kebangetan
Neutral,Negative,Negative,Negative,yang aku ambil hikmah dr tweetnya mba dian sbnernya gak salah to malah bagus dia berusaha buat meminimalisir penggunaan plastik tp mengapa bnyk yg salty inget nih indonesia penghasil terbesar plastik sampah kedua namun hanya 6-11 % aja yg di daur ulang
Negative,Neutral,Negative,Negative,membuktikan bahwa sampah plastik memang sulit terurai. menurut data hanya 9% sampah plastik di dunia yang pernah didaur ulang dan sekitar 8 juta ton sampah plastik masuk ke laut setiap tahunnya. kita perlu mengurangi penggunaan plastik sekali pakai dan meningkatkan daur ulang
Positive,Neutral,Positive,Neutral,ternyata hanya dengan plastik daur ulang juga bisa buat emoney ya
Negative,Negative,Neutral,Negative,dan kenapa alumunium? karena kita mesti diurut dari awal pilihan kemasannya hanya plastik yang sekarang beredar. kita mesti mulai dari awal banget. ini bukan soal daur ulang tp soal kesadaran kita.
Positive,Neutral,Positive,Neutral,luar biasa sekali! bsi memang tidak hanya fokus pada keuntungan tapi juga peduli dengan lingkungan. pengurangan emisi karbon dan daur ulang limbah plastik yang signifikan ini patut diacungi jempol. teruskan inisiatif hijau ini! kinerjabsi2024q2moncer
Positive,Positive,Neutral,Positive,bukan hanya pakar tapi sumber² yg membahas plastik pet mengatakan kalau jenis pet itu yang paling unggul dan mudah untuk daur ulang
Positive,Positive,Positive,Positive,sampah plastik bukan hanya masalah lingkungan tetapi juga masalah pengelolaan sampah. pengembangan teknologi daur ulang bisa mengubah sampah menjadi sumber daya yang dapat digunakan kembali dan mendorong ekonomi sirkular.
Positive,Positive,Positive,Positive,sedikit sentuhan kreativitas dan kemauan dari sampah plastik yang terbuang bisa menjadi sesuatu yang berguna dan berhargaa..
Positive,Positive,Positive,Positive,punya kebiasaan pilah sampah gelas /botol plastik utk kmdn disalurkan ke pemulung yg khusus bahan plastik tsb yg kmdn sesuai mata rantai alami proses daur ulang. kegiatan yg sederhana nmn smg bs berdampak. namanya aja ssjb (sedikit sedikit jadi bukit)
Positive,Positive,Positive,Positive,mengapa daur ulang? selain jumlah sampah non-organik yang semakin besar tiap tahunnya faktanya masih sedikit jumlah sampah yang terdaur ulang di indonesia. di sisi lain waktu penguraian sampah plastik &amp; kaleng mencapai puluhan hingga ratusan tahun lho! masyarakatbijaksampah
Neutral,Negative,Negative,Negative,pelaku usaha daur ulang sampah plastik makin banyak. namun bahan baku yang tersedia sedikit. majalahtempo
Neutral,Neutral,Positive,Positive,pengusaha plastik yang daur ulang di bekasi ga sedikit padahal loh..
Neutral,Positive,Positive,Positive,sekilo sampah plastik dihargai 17 ribu rupiah atau lebih sedikit. sampah lalu diurai menjadi biji plastik. konon daur-ulang
Neutral,Neutral,Negative,Negative,ie tau darimana kalo emang plastik daur ulang?. emng sedikit trust issue sih sama brand yg klaim pake kata kata itu
Neutral,Neutral,Positive,Positive,tahu gak sobat laut kalau setiap hari jutaan ton plastik merusak alam. setiap sampah plastik yang kita buang sedikit demi sedikit merusak ekosistem kita mari mulai dari hal kecil: 1. kurangi penggunaan plastik 2. daur ulang dan pilih alternatif ramah lingkungan
Negative,Negative,Negative,Negative,jangan mau terkecoh slogan: daur ulang plastik adalah solusi. it is not. daur ulang bisa membantu tapi cuma sedikit sekali. tuntut perubahan desain pengurangan produksi dan jangkauan extended producer responsibility yang lebih luas. plasticpollution
Neutral,Neutral,Positive,Positive,pemanfaatan kembali sampah plastik di tps 04 bambu apus menjadi sedikit upaya untuk mengurangi masalah sampah plastik. humaniora adadikompas
Neutral,Negative,Negative,Negative,fess menurut w si worth it. dengan begitu seenggaknya w sedikit membantu biar ga makin mencemari alam. btw yg beda bahannya ya itu plastik hasil daur ulang hingga 25%. harga emg lebih mahal krn ya utk buat produk daur ulang butuh alat yg lebi canggih &amp; pastinya butuh cost lebihh ig
Neutral,Positive,Neutral,Positive,saya mau mengemukakan pemikiran sedikit tentang sampah daur ulang dan gaya hidup. semakin hari walau sampah (terutama plastik) semakin banyak tapi selalu ada inovasi baru sebagai alternatif pengganti plastik yang lebih ramah lingkungan tapi seberapa efektif?
Neutral,Positive,Positive,Positive,lbh baik pemprov dki bangun tpst terintegrasi dgn pabrik daur ulang sampah anorganik-organik &amp; pltsampah di 5 wilayah kota shg residu sampah sedikit hemat angkutan sampah ada tambahan pad dr daur ulang plastik-logam-kaca &amp; pupuk organik kurangi pencemaran air &amp; udara (bau).
Neutral,Positive,Positive,Positive,mestinya setiap kab/kota bangun pabrik daur ulang sampah anorganik-pabrik pupuk organik-pltsampah-tpst shg residu sampah sedikit sampah plastik terolah tingkatkan pad tpst lbh bersih.
Negative,Negative,Negative,Negative,baiknya setiap wilayah di dki punya tpst terintegrasi dgn pltsampah &amp; industri berbahan baku sampah anorganik shg sisa daur ulang sampah sedikit &amp; tdk perlu dibawa ke tpst bantar gebang. setiap rw punya bank sampah yg menukar sampah plastik-logam-kaca dgn tiket transj &amp; krl.
Negative,Negative,Negative,Negative,bisa didaur ulang tapi nyatanya? masih sedikit banget yang didaur ulang kenapa mindsetnya gak diubah dengan mengurangi penggunaan plastik di awal sebisa mungkin kalo plastiknya gak pernah dibuat gak bakal jadi sampah gak perlu ada daur ulang kan?
Neutral,Neutral,Negative,Negative,pengen punya usaha daur ulang plastik buat jadi furniture .. tapi.. plastik basah ada bau sedikit gua udah muntah2..
Positive,Positive,Positive,Positive,sampah plastik hanya bisa diselesaikan dgn membentuk bank sampah yg menukar sampah anorganik dgn poin e-money yg bisa dipakai utk belanja apa saja dimana saja. bank sampah kerjasama dgn industri daur ulang sampah shg sampah di tpa sangat sedikit jumlahnya.
Neutral,Positive,Positive,Positive,saat ini sampah plastik sudah banyak diolah menjadi produk daur ulang. tidak sedikit pula produk hasil daur ulang tersebut menjadi barang yang bermanfaat untuk kehidupan sehari-hari.
Negative,Positive,Positive,Positive,sedikit info. gelas plastik masih bisa di daur ulang. tapi sebagai campuran bahan untuk produk plastik lain. ngak bisa di daur ulang jadi gelas amdk lagi.
Neutral,Positive,Positive,Positive,mulai peduli terhadap lingkungan di sekitar yuk banyak limbah limbah plastik yang menybabkan lingkungan menjadi tercemar. mari kita daur ulang sampah plastik agar volume nya bisa sedikit berkurang indonesia semangatsalingbantu
Neutral,Positive,Positive,Positive,tweet misal panel surya pasti ada penggunaan plastik atau besi dll. seandainya bahan2 itu hasil dari proses daur ulang sedikit banyak pasti berimbas ke harga produknya. jadi daur ulang itu bisa jadi langkah untuk mengatasi green inflation krn bisa menekan beban biaya produksi
Neutral,Neutral,Positive,Positive,sedikit usul: mengingat bahwa indonesia adalah negara maritim yang sebagian besar berupa pulau2 kecil &amp; pelabuhan2 rakyat maka perlu digalakkan sistem produksi perahu2 nelayan &amp; transportasi yang menggunakan bahan daur ulang plastik &amp; mudah bongkar-pasang
Neutral,Neutral,Positive,Positive,lalu dengan memindahkan ke pot mini &amp; memberi sedikit pupuk yg diolah sendiri dibantu juga dengan alat sederhana hasil daur ulang limbah plastik semoga dapat membantu. bercocok tanam salah satu metode perlawanan terhadap penindasan &amp; keserakahan penguasa. salam lestari semesta!
Neutral,Neutral,Positive,Positive,sedikit saran sampah plastik di jadikan daur ulang jadi lebih bermanfaat jangan di bakar
Positive,Positive,Positive,Positive,semoga dengan belajar daur ulang sampah plastik ini dapat sedikit membantu perbaikan iklim pertamina bagus banget bikin event yg peduli sama lingkungan energizingyouraction
Negative,Neutral,Negative,Negative,gak butuh waktu yang lama loh untuk memilah jenis sampah sebelum kita masukkan ketempat sampah tapi banyak sampah plastik yang sulit buat di daur ulang dan hal itu masih sedikit orang yang paham indonesia semangatsalingbantu
Positive,Positive,Positive,Positive,menurut pendapat saya klo kita mengurangi plastik mungkin bosa tapi sedikit tidak signifikan mungkin lebih tepat cari cara mengolah kembali sampah plastik daur ulang
Positive,Positive,Positive,Positive,2. penghematan energi : daur ulang botol plastik menghemat energi yang dibutuhkan untuk produksi botol plastik baru. 3. konservasi sumber daya alam : penggunaan ulang botol plastik berarti lebih sedikit sumber daya alam yang digunakan untuk produksi baru.
Negative,Positive,Negative,Positive,s iya mas kalo nggak baca artikelnya nangkepnya ntar buang plastik sembarangan itu bagus. terlepas dari memang butuh proses daur ulang &amp; modifikasi aku cuma mikir apa bisa di indonesia nerapkan selain pt chandra asri itu tadi? 'proyek' aspal yang dananya nggak sedikit maksudku.
Neutral,Positive,Neutral,Positive,beli yg agak mahal sedikit. saya beli merk luby jauh lebih awet dr yg 50ribuan yg bahannya plastik daur ulang.
Positive,Positive,Neutral,Positive,hyundai motor company merilis foto terbaru (15/2) yang sedikit memperlihatkan kabin ioniq 5. adapun beberapa parts pada kabinnya terbuat dari bahan hasil daur ulang botol plastik. kabarotocom hyundai hyundaiioniq5
Positive,Positive,Positive,Positive,iya bahkan dengan daur ulang plastik saja kita bisa membuat banyak macam barang yg berguna mulai dr baju alat tulis dan penghapus dll kalau dibakar malah jadi minyak yg gak terlalu berguna hasilnya pun sedikit dan malah meningkatkan polusi udara
Negative,Negative,Negative,Negative,bukan cuma daur ulang sih harusnya aqua dan air mineral lainnya harus segera punya trobosan jualan air dalam kemasan yang ga pake plastik atau minimal mengurangi cthnya pake kertas dan sedikit plastik kaya kemasan susu uht
Positive,Positive,Positive,Positive,tren pariwisata dan ekonomi kreatif telah bergerak ke arah gaya hidup berkelanjutan (sustainable lifestyle). mulai dari konsumsi yang bertanggung jawab penggunaan energi baru dan terbarukan hingga daur ulang dan menggunakan lebih sedikit plastik.
Positive,Positive,Positive,Positive,@ xltk pemulung bisa jualin dan dijadiin biji plastik dijadiin bahan daur ulang atau export permintaannya gede (makanya bos pemulung kaya2). plastik lemineral galonnya lebih tipis jd kebutuhan pembuatan botolnya juga lebih sedikit
Negative,Negative,Negative,Negative,ketika anda memiliki 23 ton sampah yang dibuat setiap hari di favela brasil ini dan tidak ada infrastruktur untuk mendaur ulangnya yang anda butuhkan hanyalah sedikit kreativitas dan kesenangan untuk membuat orang bersemangat tentang daur ulang!
Negative,Negative,Negative,Negative,repost . hai hooman.. jangan lupa minum . . 93 juta lebih batang sedotan dipakai setiap hari nya bukan jumlah yang sedikit ditambah dampak yang ditimbulkan. sedotan plastik merupakan
Positive,Positive,Neutral,Positive,vit lebih ringan daripada aqua. le minerale pakai galon plastik sekali pakai relatif lebih aman tapi sedikit lebih mahal karna galonnya bisa di daur ulang. dan ada kandungan bikarbonat yang buat rasa manis.
Positive,Neutral,Positive,Positive,emang dgn tidak mengunakan sendok plastik / sedotan plastik sudah dilebelkan sebagai penyelemat bumi? agak sedikit yg harus diluruskan (yg salah bukan menggunakannya) tapi setelah menggunakannya mau dikemanakan? dibuang langsung? di pilah buat disetir ke tempat daur ulang? atau?
Negative,Negative,Negative,Negative,di tahun 2018 sampah plastik yang didaur ulang itu cuma 10% dari total yg dihasilkan. 14% dibakar buat energi sisanya masuk ke landfill semua. oh iya yg diekspor tanpa diolah oleh us itu dimasukin kategori daur ulang. jadi yg murni didaur ulang sedikit.
Negative,Neutral,Negative,Neutral,hal yang kita anggap . ah cuma selembar plastik aja ga ngaruh itu pikiran yang salah. sedikit sedikit bisa jadi bukit begitu pula dengan sampah. bahkan bertahun-tahun sampah plastik yang kita hasilkan belum
Positive,Positive,Positive,Positive,meskipun emang plastik pengaruhnya sedikit buat hewan laut aku tetep bakal pilah sampah sih pake si octopus . udah ada fasilitas buat daur ulang sayang banget kalo ga di pake mana kita dapet duit dari pilah sampah itu mana gaperlu cape anterin sampahnya uda ada yg dtg kerumah
Negative,Neutral,Negative,Neutral,iyaa bisa kok tapi apakah semua daerah sudah memiliki mesin untuk daur ulang? permasalahannya saja pemulung yg ada di kota di daerah masih sedikit di bandingkan yang banyaknya sampah plastik hehe
Positive,Neutral,Positive,Neutral,id karena sampah plastik di indonesia telah melebihi batas yang seharusnya. ekosistem mulai rusak sedikit demi sedikit dan manusia bumi harus menanggung akibatnya. untuk itu pentingnya daur ulang untuk menjaga lingkungan. recyclemexwaste4change
Negative,Negative,Negative,Negative,kami menyadari sebagai salah satu produsen air minum dalam kemasan (amdk) menjadikan kami penyumbang sampah plastik yang tidak sedikit jumlahnya. untuk itu kami selalu berupaya untuk bisa..
Negative,Negative,Negative,Negative,daur ulang sampah plastik tuh agak susah mencemari lingkungan pula ya kalau aku sih pilih pake galon aqua aja sedikit banyak mengurangi kan mayan
Negative,Positive,Neutral,Positive,produksi plastik lebih hemat daripada produksi kertas (itu pun jika bermaksud mengganti kantong plastik dgn kertas). sekarang ini tidak sedikit rang-orang berburu plastik sebagai olahan daur ulang. apa perlu sampai urusan plastik dikuasai ri?
Neutral,Neutral,Positive,Positive,"dosen stti bontang sukses daur ulang limbah plastik menjadi bahan bakar minyak ketika orang lain melihat sampah sebagai sesuatu yang tidak lagi memiliki nilai ekonomi. sekolah tinggi teknologi industri (stti) bontang justru melihat sebaliknya. sampah ketika dikelola secara baik dan benar, maka dapat memberikan nilai ekonomi bagi masyarakat. kampus yang berada di bawah atap yayasan pendidikan islam (yabis) bontang itu, sukses mengubah limbah sampah plastik menjadi bahan bakar minyak (bbm). hasil inovasi mereka bahkan sudah diusulkan pada lomba yang diadakan pemerintah kota (pemkot) bontang pada oktober mendatang. ahmad yani, irhamni nuhardin, fitria, ratnawati, dan irianto, adalah empat nama di balik inovasi tersebut. hanya bermodalkan kompor gas, tabung freon, selang, dan tabung biskuit, keempat dosen stti bontang itu sukses menghasilkan bbm dari limbah sampah plastik. irhamni nuhardin mengatakan, hasil penelitian pengolahan limbah sampah plastik menjadi bbm telah diikutkan pada lomba inovasi, penelitian dan teknologi tepat guna (si peena) kota bontang. pada lomba tahun ini, pemkot bontang mengusung inovasi tema pengembangan teknologi berwawasan lingkungan. tiga hasil penelitian lain yang diajukan stti bontang yakni desalinasi air laut menggunakan energi matahari sebagai sumber air tawar masyarakat kepulauan kota bontang, pemanfaatan limbah organik untuk produksi bahan bakar gas dengan penambahan effective microorgabism-4, dan rancang bangun sistem distilasi air laut menggunakan energi surya dengan metode desalinasi single stage flash. “semua usulan hasil penelitian itu sudah masuk si peena. dan semuanya berwawasan lingkungan,” ungkap perempuan berkerundung tersebut. pengembangan teknologi berwawasan lingkungan merujuk peraturan wali kota (perwali) bontang nomor 30 tahun 2018 tentang pengurangan penggunaan produk plastik sekali pakai. melalui pengembangan teknologi itu, diharapkan volume sampah di bontang dapat ditekan setiap tahunnya. “kami ingin mengelola sampah agar memiliki nilai ekonomi di masyarakat,” ucapnya. untuk diketahui, volume sampah di kota bontang setiap tahunnya terbilang cukup tinggi. dalam sehari saja, jumlah sampah yang dihasilkan masyarakat mencapai 90 ton. “sekitar 20 ton di antaranya adalah sampah plastik,” terangnya. selama ini, sampah plastik di bontang hanya dicacah dan dikirim ke pulau jawa. padahal jika dikelola secara baik dan benar, sampah-sampah itu dapat dimanfaatkan sehingga memberikan nilai ekonomi yang cukup tinggi. “dari situ lah kami mencoba mengolah sendiri limbah sampah plastik di kota bontang,” katanya. dosen dan tim penelitian stti bontang ahmad yani menuturkan, sampai sejauh ini, hanya ada pengolahan limbah untuk gas metan di bontang,kata dia, jika limbah sampah plastik di kota taman –sebutan bontang- dikelola sendiri dengan pengembangan teknologi, maka sampah dapat memberikan nilai ekonomi. “saat ini, harga bahan bakar minyak jenis premium dijual sekitar rp 7 ribu per liternya. kalau limbah sampah plastik kita kelola sendiri, maka harganya bisa kita tekan,” katanya. di sisi lain, masyarakat tidak perlu khawatir lagi menggunakan plastik. sebab, limbah sampah itu sudah dapat dikelola menjadi bbm. apalagi bbm yang dihasilkan bukan hanya premium, tetapi juga bisa berupa solar dan pertalite. “selama ini kami hanya keterbatasan alat saja,” ujarnya. untuk mengolah sampah menjadi bbm, baik irhamni, ahmad yani, dan ketiga rekannya, hanya memanfaatkan barang bekas yang dibeli di tempat loakan seperti tabung freon, kaleng biskuit, dan selang besi. “semua bahan itu kami beli sekitar rp 350 ribu. hasil uji coba yang kami lakukan, bahan bakar minyak yang dihasilkan ternyata bisa dipakai buat motor,” katanya. ahmad yani berkeyakinan, jika alat pengolahan sampah dapat dimodifikasi lagi sedemikian mungkin, maka masyarakat bontang dapat memanfaatnya secara baik dan aman. sekarang tinggal bagaimana dukungan pendanaan dari stakeholder terkait. “apabila alat yang sederhana ini ada di setiap kelurahan dan rt, maka akan ada banyak sampah yang bisa dikurangi,” ucapnya. satu kilogram sampah menghasilkan 350 mililiter bbm pemanfaatan teknologi yang dibuat irhamni dan kawan-kawannya terbilang cukup sederhana. limbah sampah plastik yang telah dicacah dimasukkan ke tabung freon yang dipanaskan di atas kompor gas. hasil pembakaran kemudian dialirkan melalui sebuah selang besi yang didinginkan di dalam kaleng biskuit. setelah itu, minyak dari olahan itu ditampung menggunakan toples. ahmad yani menerangkan, idealnya untuk pengolahan sampah plastik satu kilogram dapat menghasilkan bbm satu liter. namun karena masih terbatasnya alat, maka satu kilogram sampah baru mampu menghasilkan 350 mililiter bbm. “saat pengujiannya, masih perlu dilakukan penyempurnaan. nantinya, sisa hasil pembakaran dapat dimanfaatkan untuk paping blok,” katanya. irhamni menceritakan, pengolahan limbah sampah sudah pernah dia pelajari saat mendalami ilmu teknik kimia, khususnya tentang konversi energi. kata dia, pada prinsipnya, energi dapat berubah dari satu bentuk ke bentuk lainnya, tetapi energi tidak dapat dimusnahkan (dihancurkan). “sampah plastik itu dibuat dari bahan minyak. sekarang bagaimana mengembalikannya ke pengolahan minyak lagi,” katanya"
Neutral,Positive,Positive,Positive,"daur ulang kreatif: cara memanfaatkan botol bekas menjadi barang bernilai guna botol plastik bekas sering kali menjadi limbah yang mencemari lingkungan. padahal, dengan sedikit kreativitas, botol bekas bisa diubah menjadi barang yang lebih bermanfaat, seperti pot tanaman, tempat penyimpanan, atau bahkan kerajinan dekoratif. artikel ini akan membahas cara-cara memanfaatkan botol bekas dengan mudah serta langkah-langkah pembuatannya. tahapan memanfaatkan botol bekas 1. menentukan ide pemanfaatan sebelum mulai, tentukan fungsi baru dari botol bekas. beberapa ide kreatif meliputi: pot tanaman vertikal tempat penyimpanan alat tulis wadah sabun cair lampu hias dari botol plastik 2. mengumpulkan alat dan bahan persiapkan botol bekas yang akan digunakan serta alat pendukung seperti: gunting atau cutter lem tembak cat atau spidol untuk dekorasi tali, kain, atau bahan tambahan lainnya 3. membersihkan dan menyiapkan botol cuci botol dengan sabun untuk menghilangkan sisa isi dan bau. keringkan sebelum digunakan agar lebih mudah diolah. 4. memotong dan membentuk sesuai kebutuhan gunakan gunting atau cutter untuk memotong botol sesuai desain yang diinginkan. hati-hati saat memotong agar hasilnya rapi dan tidak melukai tangan. 5. menghias dan menyempurnakan bentuk tambahkan warna, gambar, atau elemen dekoratif agar hasilnya lebih menarik. jika digunakan sebagai pot tanaman, buat lubang kecil di bagian bawah untuk drainase air. 6. menggunakan dan merawat hasil daur ulang setelah selesai, gunakan hasil kreasi sesuai fungsinya. jika membuat pot tanaman, pastikan tanaman mendapatkan perawatan yang baik agar tumbuh subur. dengan kreativitas, botol bekas tidak hanya menjadi sampah tetapi bisa berubah menjadi barang yang bermanfaat dan estetis. selain membantu mengurangi limbah plastik, ini juga bisa menjadi peluang usaha bagi yang ingin mencoba bisnis daur ulang. cara tips ideas"
Neutral,Positive,Positive,Positive,manfaatkan bahan limbah plastik galon air minum dg cara daur ulang di ubah mnjadi aquarium yg estetik. videoreels motivasi daurulanglimbahplastik jangkauanluassemuaorang
Positive,Neutral,Positive,Positive,"hallosobatliterasi pembuatan pajangan boneka dari plastik. berkreatifitas dengan daur ulang limbah plastik yang di mana plastik itu sendiri adalah sampah yang membutuhkan waktu sangat lama untuk terurai, sampah plastik, meskipun sudah disebut sampah dalam hal seni kreatif dapat digunakan pemanfaatannya. salah satu bentuk memanfaatkan sampah tersebut kita mengenal daur ulang (recycle). kegiatan mendaur ulang sampah merupakan tindakan positif atas bentuk kepedulian terhadap lingkungan salamliterasi literasiuntukkesejateraan berkreatifitas daurulanglimbahplastik perpusnas perpustakaandesa perpustakaankiematubu afaafa"
Neutral,Neutral,Positive,Positive,dari limbah menjadi mekar! ide daur ulang plastik cerdas untuk taman anda!
Positive,Neutral,Positive,Positive,"limbah plastik dibuat jadi action figure api unggun terakhir mau dikemanain limbah plastik yang berlimpah? salahsatu ide yang muncul adalah membuat project mainan daur ulang dengan superhero indonesia. nah, buat saya, superhero indonesia itu adalah anak pramuka yang dengan ikhlas menyumbangkan jiwa raganya untuk menjaga keutuhan bangsa dan negara dengan nilai trisatya dan dasa darma dalam prilaku kehidupannya sehari-hari. kira larasati adalah salah satu dari tokoh dalam novel benteng api unggun terakhir dan sang saka yang siap menjadi pilot project daur ulang limbah plastik sebagai action figure pramuka zaman now. character 3d-nya sudah jadi, tinggal berikutnya bagaimana caranya di perbanyak dan dibagikan gratis sebagai contoh produk daur ulang limbah plastik. workinprogress daurulanglimbahplastik merchandising sayapilihbumi"
Positive,Neutral,Positive,Positive,badan riset dan inovasi nasional atau brin telah mengembangkan teknologi radiasi nuklir untuk mengolah daur ulang limbah plastik menjadi bahan komposit plastik kayu. humaniora adadikompas
Positive,Positive,Positive,Positive,"usaha daur ulang plastik botol plastik rongsokan menjadi sapu plastik, masya allah. ini termasuk cara untuk memanfaatkan limbah plastik. jenis plastik yang digunakan adalah botol plastik air mineral, kalau kelasnya masuk jenis pet (polyethylene terephthalate). yang jadi juragan usaha sapu plastik ini adalah mas danang, yang kamis lalu baru saja masuk islam, dengan pengikraran di pesantren darush sholihin. nantikan video usaha mas danang ini di channel rumaysho tv. moga segera tayang insya-allah. —- karangtengah, wonosari, gunungkidul 17 muharram 1442 h"
Positive,Negative,Positive,Positive,"sma pangudi luhur jakarta kini menggunakan meja dan kursi belajar yang terbuat dari 950 kg limbah plastik daur ulang! . inisiatif ramah lingkungan ini merupakan hasil kolaborasi , , dan , yang berhasil mengubah sampah plastik menjadi 71 set meja dan kursi untuk ruang kelas. langkah inovatif ini tidak hanya membantu mengurangi limbah, tetapi juga memberikan solusi berkelanjutan bagi dunia pendidikan. . source by wastgood . space to grow into an architect & designer . arsitekturpedia duniaarsitektur arsitektur arsitek arsitekjakarta arsitekindonesia infoarstek infosayembara infodunia tokoharsitek"
Positive,Neutral,Positive,Positive,"inovasi ramah lingkungan hadir di ntb. sebuah sekolah dasar di lombok barat, sdn 04 medas, menjadi bangunan pertama di dunia yang dibangun menggunakan bata dari limbah plastik daur ulang (ecobrick). viral fyp facebookviral fakta kreatif kisahinspiratif ntb"
Neutral,Positive,Positive,Positive,"mesin pencacah plastik yang kita buat bertujuan untuk membantu pengusaha daur ulang sampah menjadi cacahan kecil. mesin pencacah plastik mempermudah pekerjaan pencacahan botol bekas dan plastik sebelum dijual kembali. mesin pencacah plastik bisa menjadi solusi untuk memanfaatkan limbah untuk didaur ulang. dengan mesin pencacah yang satu ini, plastik plastik terbuang bisa dijadikan produk yang memiliki nilai jual. telephone receiver info dan konsultasi : telp/wa : cs 1: wa.me/+6281234280625 cs 2: wa.me/+6282142267610 cs 3: wa.me/+6282334870125 cs 4: wa.me/+6281217850288 office building workshop : jl madiun - ponorogo km 10 selatan puskesmas geger 300 meter ,ds. jatisari kec. geger kab. madiun"
Neutral,Neutral,Positive,Neutral,cara mendaur ulang plastik bekas semuaorang pengikut jangkauanluas fbpro viral sorotan
Neutral,Positive,Positive,Positive,"projek ke-2 ghb (daur ulang limbah plastik) dalam proses mencuci, mengeringkan serta membuat ring dari badan gelas plastik gayahidupberkelanjutan daurulanglimbahplastik kelasx5 sman1punggur"
Neutral,Neutral,Positive,Positive,peduli lingkungan tanggul ceblok (pltc) daur ulang limbah sampah plastik recycling symbol daurulanglimbahplastik viral fyp hdpe
Neutral,Neutral,Positive,Positive,mendaur ulang sampah plastik jadi kursi daurulangsampah sampahplastik processing manufacturing factory facebook fbpro kursi kreatif kreasi
Neutral,Positive,Positive,Positive,plastik daur ulang
Neutral,Neutral,Positive,Positive,membuat sikat pembersih dari plastik daur ulang recycling symbol
Positive,Neutral,Positive,Positive,"wastgood menghadirkan meja dan kursi belajar hasil daur ulang 950 kg sampah plastik untuk sma pangudi luhur, jakarta selatan. wastgood yang berfokus pada daur ulang sampah plastik, berkolaborasi dengan desainer bas junianto dan cundra setiabudhi untuk menghadirkan furnitur ramah lingkungan di sma pangudi luhur jakarta. founder wastgood, arif, mengatakan bahwa inisiasi proyek ini telah direncanakan selama lima bulan. mulai dari proses pengumpulan limbah, desain, hingga pembuatan prototipe. sma pangudi luhur sendiri, kata arif, memiliki program daur ulang sampah, baik sampah organik maupun nonorganik. “pengajar sma pangudi luhur, pak gigih, memang sudah lama pengin buat meja dari daur ulang. nah, mas cundra sebagai alumni sma pangudi luhur menghubungi wastgood untuk kerja sama mewujudkan mimpinya, salah satunya untuk membuat bangku dan meja daur ulang,” ujar arif kepada daai tv, selasa (11/2). fyp bonus faktaunik fakta foto viral tranding"
Neutral,Neutral,Positive,Neutral,bonsai dari daur ulang limbah plastik.. :)
Neutral,Neutral,Positive,Positive,ide p5 gaya hidup berkelanjutan membuat bunga dari plastik bekas yang sangat kreatif
Neutral,Neutral,Neutral,Positive,cara membuat sarung tangan plastik dari proses mendaur ulang kantong kresek bekas daurulang sarungtangan plastikbekas
Positive,Positive,Positive,Positive,"plastikku adalah uangku? daur ulang dapat uang? ternyata botol plastik sekali pakai masih berharga setelah digunakan! faktanya, botol plastik bekas memiliki nilai ekonomis karena dapat didaur ulang menjadi produk baru! dengan teknologi daur ulang, limbah plastik yang kita hasilkan dapat digunakan kembali sebagai bahan baku untuk membuat produk-produk plastik baru! melalui transisi dari ekonomi linier menjadi ekonomi sirkular, kami dapat memperoleh keuntungan dari mendaur ulang botol plastik bekas kita! tertarik menjadi pengusaha dengan modal sampah plastik? temukan dan pelajari lebih lanjut dengan mengikuti webinar ini! bit.ly/plastikku-uangku universitasindonesia"
Positive,Positive,Positive,Positive,sampah plastik jadi limbah sampah plastik jadi gaun cuan gebrakan yang sangat menginspirasi ini datang dari bareng adik-adik berkebutuhan khusus menciptakan gaun indah mendulang cuan dari daur ulang sampah botol plastik. yuk simak di video inspirasi berani berubah program kolaborasi bersama media digital dan beraniberubah perubahanperilaku inspirasi umkm
Positive,Neutral,Positive,Positive,"oriflame kereenn :smiling face with heart-eyes::smiling face with heart-eyes::smiling face with heart-eyes: sepatu kets nya terbuat dari sampah plastik daur ulang dr lautan. jd ngurangiin limbah plastik dibikin sepatuu kalo dijual di katalog indonesia, siapa maoo komeen cobaa biar kita mintaa ke global grinning squinting facegrinning squinting face"
Neutral,Neutral,Positive,Positive,cara membuat bunga unik dari plastik bekas craft tutorial daurulang kerajinantangan
Positive,Neutral,Positive,Negative,"korek gas telah menjadi bagian tak terpisahkan dari kehidupan sehari-hari, menyimpan sejumlah masalah lingkungan yang serius. komponen utama dari korek gas adalah bahan plastik yang sulit didaur ulang. proses daur ulang plastik menjadi tantangan tersendiri karena aditif dan campuran bahan lain yang sulit dipisahkan. akibatnya, banyak korek gas yang terbuang dan menjadi sumber polusi lingkungan. tapi hal unik dilakukan pak timan, petugas ups badan air kecamatan kemayoran, jakarta pusat. di tangannya, sampah korek gas punya nilai lebih. tak sekadar menjaga kondisi kali agar terbebas dari sampah, pak timan mengambil langkah untuk mengolah limbah menjadi kerajinan tangan unik dan kreatif. yuk, bersama pak timan untuk lebih bijak lagi untuk memilah, mengolah, dan menjadikan sampah lebih bermanfaat. sampah limbah mainan miniatur kreatif kerajinan reduce reuse recycle 3r jakartasadarsampah jagajakarta dkijakarta suksesjakartauntukindonesia"
Negative,Neutral,Neutral,Negative,sampah plastik di daur menjadi beras plastik. hati hati..
Neutral,Neutral,Positive,Positive,"pemanfaatan limbah plastik folded hands ajar adik"" di rumah, kasih modal ketrampilan buat bekal mereka nanti, dimulai dari yg sederhana. membuat bunga dari kresek, semua kresek di setrika dulu sehingga bahan kreseknya kaku, potnya kami buat dari lidi sate, kemudian di hias dengan percahan kain tenun prakarya bungadarikresek fyp bonusfoto"
Neutral,Neutral,Positive,Positive,proses pembuatan spakbor motor dari plastik bekas
Positive,Positive,Positive,Positive,"warga rawamangun daur ulang sampah plastik⁣ ⁣ sekitar 50 orang warga rawamangun mengikuti workshop (loka karya) daur ulang limbah plastik bersama suku dinas lingkungan hidup kota administrasi jakarta timur dan dewan paroki gereja keluarga kudus di aula betlehem, gereja keluarga kudus, jl. balai pustaka baru, kelurahan rawamangun, kecamatan pulogadung, jakarta timur, sabtu (18/1/2020).⁣ ⁣ ""tujuan dari workshop ini agar masyarakat mengetahui mana sampah yang dapat didaur ulang, yang memiliki nilai,"" pungkas kepala suku dinas lingkungan hidup kota administrasi jakarta timur, herwansyah. ⁣ ⁣ adapun workshop yang diajarkan berupa daur ulang sampah berbahan plastik seperti tutup botol, galon dan plastik. ⁣ ⁣ bahan tersebut dilelehkan dioven untuk kemudian dibentuk sesuai selera dan diberikan warna-warna menarik, menjadi wadah buah, talenan, nampan, papan nomor rumah dan bangku.⁣ ⁣ kegiatan daur ulang sampah ini dilakukan berdasarkan instruksi gubernur dki jakarta nomor 70 tahun 2017, tentang pemilahan sampah organik, anorganik, sampah bahan berbahaya dan beracun.⁣ ⁣ ⁣ .anwar551⁣ 552jt⁣ ⁣ ⁣ ⁣ jaktim jakarta sampah daurulang"
Positive,Neutral,Positive,Positive,"sahabatpembangunan, paviliun indonesia di expo 2025 osaka hadir sebagai simbol kekuatan maritim dan komitmen terhadap masa depan berkelanjutan. dirancang dengan prinsip ramah lingkungan, paviliun ini menggunakan material inovatif seperti kayu plana yang terbuat dari 60% sekam padi, 30% limbah plastik daur ulang, dan 10% bahan tambahan. seedling sistem pencahayaan dan pendingin hemat energi juga diterapkan untuk mengurangi emisi karbon. selain itu, penggunaan material daur ulang dan berkelanjutan menjadi wujud nyata indonesia dalam menjaga bumi :globe showing Asia-Australia: indonesiapavilion2025 bappenasri indonesiaexpo2025 paviliunindonesia"
Neutral,Positive,Neutral,Positive,"selain 100% solar movement, jam ini juga dibuat dari bahan daur ulang untuk mengurangi jumlah limbah plastik di luar sana, bahkan strapnya terbuat dari hasil daur ulang botol plastik. klik untuk belanja! ustyleme urbanicon"
Neutral,Neutral,Positive,Positive,"viral! aksi prakarya kreatif bocah cilik daur ulang sampah plastik dengan hasil yang aestetik seorang bocah cilik melakukan aksi prakarya kreatif saat membuat sepatu yang diunggah ke akun tiktok pribadinya (@/sipalinglokal). di dalam video yang diunggahnya, ia membuat sepatu dari sampah plastik, barang yang dianggap sudah tidak wajar namun berhasil mencipta karya yang begitu aestetik."
Positive,Neutral,Positive,Positive,"mahasiswa teknik lingkungan itera juara lomba daur ulang sampah itera news. tim mahasiswa program studi teknik lingkungan institut teknologi sumatera (itera) meraih juara ii lomba daur ulang sampah dalam festival lingkungan maharipal 2019 yang diadakan di uin raden intan lampung, beberapa waktu lalu. mahasiswa yang terlibat dalam tim tersebut yakni azura purnama, septiana kusuma dewi, rahmah, saptina lilyana, anggraini, amida, gita wulan, karissa rana, nasrul putra dan ainan azka. dalam kegiatan tersebut, tim mahasiswa teknik lingkungan itera menciptakan paving block berbahan sampah plastik yang dinilai lebih kuat disbanding paving blok berbagan semen. tyan nufutomo selaku dosen pendamping mahasiswa menyebut, ide pembuatan paving block berbahan limbah plastik mereka dapatkan dari melihat referensi yang sudah dilakukan di salah satu daerah di jawa tengah. untuk itu mereka ingin mencoba menerapkannya di lampung, sebagai bagian dari upaya pengurangan sampah plastik yang sulit terurai. “tujuan daur ulang sampah ini karena kami melihat masih adanya permasalahan sampah plastik yang terus menumpuk di berbagai tempat di masyarakat. kami ingin mengolah sampah tersebut menjadi sebuah benda yang lebih bermanfaat, seperti menjadi paving block,” ujar tyan, rabu (24/4/2019) baca selengkapnya di"
Neutral,Positive,Positive,Positive,bunga dari botol bekas kemasan air mineral. kreasi daur ulang sampah plastik diy craft daurulang kreasi
Positive,Neutral,Positive,Positive,siap kirim ke seluruh indonesia yuk yang mau usaha daur ulang limbah plastik ikuti workshop di cv berkah plastik winking face ada bimbingan dan penjelasan oleh mentor2 profesional dan owner langsung dr cv berkah plastik usaha daur ulang limbah plastik kami siap membantu dan membimbing ✓ bagi pemula yang mau menggeluti bisnis limbah plastik ✓ kami juga menyediakan mesin pencacah plastik dengan berbagai kapasitas dan ukuran sesuai kebutuhan owner. ✓ kami siap menerima dan menampung hasil cacahan plastik dengan harga pabrikan. lokasi /office : • jl. wilalung ds. menawan merak 05/01 kec.dempet kab.demak jateng • jl. jeruk vii no 28 semarang monggo yg mau berkunjung silakan tanya2 gratis dan kami siap melayani 24 jam insya allah amanah dan terpercaya silakan yang minat mau tanya2 atau konsultasi boleh tlp telephone 085701155220 wa mobile phone with arrow 081393031380 / 087887427903 terimakasih.. .matursuwun folded handsgrinning face with smiling eyes limbahplastik cacahanplastik usahaplastik bisniscacahanplastik peluangusaha bisnissemarang bisnisdemak purwodadi demak semarang daurulanglimbahplastik daurulang mesinpencacahplastik jualmesincacahanplastik jualmesinpencacahplastik jualmesingilinganplastik mesincacahplastik gilinganplastik bijiplastik sampahplastik mesincacahplastikkalimantan bisniskalimantan
Positive,Neutral,Positive,Positive,"menilik uniknya ajang balap perahu yang manfaatkan limbah plastik di uganda uganda mengadakan balapan perahu plastik daur ulang pada sabtu (22/2) sebagai bagian dari upaya yang sedang dilakukan untuk memerangi pencemaran air. acara tersebut digelar di danau victoria dekat distrik wakiso di uganda tengah, menarik peserta dari berbagai sekolah dasar dan menengah yang berlokasi di sekitar perairan itu. romina wilke koehler, anggota dewan dari 7 hills international school, yang merupakan salah satu penyelenggara acara tersebut, mengatakan ini adalah edisi keempat dari ajang balapan itu. ""kami bertanya kepada setiap sekolah bagaimana mereka akan membuang plastik (yang digunakan). kami tidak ingin mereka mengumpulkan plastik kemudian membuangnya lagi,"" jelas koehler. dia menyebutkan bahwa sejumlah sekolah telah mengembangkan cara-cara inovatif untuk mendaur ulang sampah plastik, mengubahnya menjadi kerajinan tangan, kursi, dan meja. ""kita perlu menemukan cara untuk mengurangi pencemaran pada perairan kita. kita bergantung pada air untuk penghidupan, jadi sangat penting untuk berbicara dengan generasi penerus kita tentang cara melindunginya (perairan),"" ujarnya. koehler menyatakan optimismenya bahwa lebih banyak orang akan berkontribusi dalam mengurangi polusi melalui inisiatif seperti ini. peter julius ogenrwot, seorang guru dari sekolah menengah chrysalis di distrik omoro, uganda utara, mengatakan bahwa mereka mendengar tentang acara tersebut dari media sosial dan memutuskan untuk berpartisipasi. ""kami memulai dengan klub daur ulang, dan kini kami membuat kursi dan tempat sampah dari botol plastik yang dikumpulkan dari sekitar sekolah,"" ujarnya. dia menekankan bahwa ajang balap perahu ini memberikan kesempatan bagi para siswa untuk memahami pentingnya konservasi air dan daur ulang sampah plastik."
Neutral,Neutral,Neutral,Positive,membuat gagang kapak dari plastik daur ulang
Neutral,Neutral,Positive,Positive,"kotak penyimpanan soket listrik ini terbuat dari pot plastik daur ulang, kecil, ringan dan praktis"
Neutral,Neutral,Positive,Positive,ide kreatif dengan memanfaatkan plastik bekasthumbs upsmiling face kreatif edukasi inspirasi poo viral kerajinantangan amazing trending
Positive,Positive,Positive,Positive,"taiwan berhasil menciptakan sebuah mesin pendaur ulang yang dinamakan ""trashpresso"". alat ini dapat mengubah sampah plastik serta material lainnya menjadi bahan bangunan seperti tegel/ubin, batu bata dan lain-lain. mesin daur ulang ini uniknya dapat dipindah ke mana saja menggunakan tenaga matahari dan dapat digunakan secara otomatis. beberapa tahap dalam proses daur ulang trashpresso adalah pencucian, pemotongan, penghilangan endapan dan zat tidak berguna lainnya, dan pembentukan ulang. dengan cara ini, limbah plastik yang membutuhkan waktu ribuan tahun untuk terurai dapat diubah menjadi tegel berbentuk segi enam yang cantik dan berkualitas. 5 botol plastik dapat didaur ulang menjadi 1 buah tegel, 50 tutup botol dan gelang plastik juga dapat didaur ulang menjadi 1 buah tegel. dalam waktu 1 jam, 50 kg sampah dapat diubah menjadi materi yang dapat digunakan kembali!"
Neutral,Neutral,Positive,Positive,lomba fhesyen show smp n 12 bitung baju sampah plastik daur ulang
Positive,Neutral,Positive,Positive,"daur ulang sampah plastik mnjdi furniturthumbs up bersama kita bisaflexed biceps artinya, jika pemerintah mau diskusi bersama masyrkat yg memang cinta n bergelut dibidang sampah plastik, yakin..sampah plastik bisa ditanggulagithumbs upflexed biceps"
Neutral,Neutral,Positive,Neutral,hasil akhir dari daur ulang sampah plastik
Positive,Neutral,Positive,Neutral,antusias mereka membuat kami selalu bersemangat mengajarkan daur ulang sampah plastik
Neutral,Neutral,Neutral,Positive,daur ulang sampah plastik jadi kursi daur daurulang sampah kreatif kerajinan inspirasi tutorial kata bijak & nasihat hidup
Positive,Positive,Positive,Negative,"hai sahabatbahari, tahu nggak sih kalau sampah plastik itu terbagi menjadi beberapa jenis lho! jenis sampah plastik digolongkan berdasarkan bahan baku, material hingga kegunaannya. bahkan beberapa sampah plastik ini ternyata bisa di daur ulang. nah, jadi jangan sampai sampah plastik dibuang sembarangan bahkan mencemari laut kita ya. yuk bersama ikut mimin untuk selalu membersihkan sampah plastik yang tersebar di pesisir dan laut kita.winking face ekonomi biru untuk indonesia kkpaccelerate ekonomibiru kkpgoid menterikkp saktiwahyutrenggono sampahplastik"
Positive,Neutral,Positive,Neutral,kami sebuah perusahaan pengolahan dan daur ulang sampah plastik .. kami membuka peluang kerja utk bekerja dan belajar memahami pola pengolahan dan daur ulang sampah .. yang berminat .. silahkan hubungi no kontak yang tertera atau datang langsung ke alamat kami .. yuk kapan lagi bisa bekerja sambil belajar memahami pola pengolahan dan daur ulang sampah plastik.
Positive,Negative,Neutral,Negative,"sampah plastik memiliki dampak buruk bagi bumi. apa saja dampak tersebut dan bagaimana cara mengatasinya..? plastik merupakan jenis sampah yang menjadi perhatian utama karena terus meningkat dan menimbulkan berbagai dampak buruk pada lingkungan dan semakin di luar kendali. hal tersebut sejalan dengan penelitian yang di publikasikan oleh tim cnn di mana di prediksi 710 juta ton plastik akan mencemari lingkungan dan meningkatkan polusi plastik pada tahun 2040. adapun dampak buruk akibat sampah plastik antara lain: pencemaran udara karena pembakaran sampah plastik, ekosistem di laut terganggu akibat sampah plastik yang di buang ke laut, mengganggu kesehatan manusia serta sampah plastik yang sulit terurai juga mempengaruhi kesuburan tanah. selain dampak yang ditimbulkan, besarnya jumlah sampah plastik lambat laun dapat menenggelamkan bumi ini. hal tersebut terjadi karena sejak tahap produksi, konsumsi hingga pembuangannya sampah plastik menghasilkan emisi karbon yang tinggi sehingga berkontribusi terhadap perubahan iklim. semakin tinggi emisi karbon yang dihasilkan dari tumpukan sampah plastik maka akan semakin tinggi puka konsentrasi gas rumah kaca yang ada di atmosfer. tingginya gas rumah kaca tersebut akan menimbulkan pemanasan global dan menyebabkan lapisan es di daerah kutub mencair. mencairnya es di kutub kemudian menyebabkan kenaikan air laut sehingga menenggelamkan daerah-daerah terkhusus daerah yang rendah. jika kita tidak mau itu terjadi, maka kita harus mengatasi penumpukan sampah plastik dengan mengurangi konsumsi plastik, meningkatkan tingkat penggunaan kembali plastik, meningkatkan pengumpulan dan daur ulang sampah plastik serta memperluas sistem pembuangan yang aman. jpickalimantan dayakvoices dayakbercerita bumi bumiuntukkita lindungibumi bumiadalahkehidupan stopsampahplastik daurulangsampahplastik"
Neutral,Neutral,Positive,Positive,"membuat sapu dari botol bekas yukk kurangi sampah plastik, mari kita daur ulang sesuatu yg bisa dimanfaatkan smiling face with smiling eyes #diysapu daurulangsampahplastik botolbekas honemade inspirasi"
Neutral,Neutral,Positive,Positive,hasil daur ulang sampah plastik. assalamualaikum selamat siang saudaraku tetap semangat jalin terus tali silahturahmi folded hands fbpro jangkauan bersihituindah sorotan sorotan
Neutral,Neutral,Positive,Neutral,"langkah langkah konkrit menekan penggunaan plastik yang berlebihan agar alam tetap tersenyum dan bersahabat dengan kitasmiling face with halo; 1. membawah kantong plastik sendiri 2. membawah botol minuman atau tumbler sendiri ketika haus.jadi tidak mesti membeli air kemasan plastik. 3. tidak menggunakan sedotan plastik jika ke rumah makan,restauran atau warung 4. hindari membeli makanan atau minuman kemasan plastik. 5. daur ulang sampah plastik.(pisahkan sampah non organik dan organik di rumah masing masing)"
Neutral,Neutral,Positive,Positive,punya banyak sampah plastik dirumah ? yukk kita bikin kreasi bareng-bareng smiling face ternyata barang-barang bekas dirumah yang kita anggap sampah itu bisa kita daur ulang loh jadi barang yang memiliki nilai guna dan bisa memiliki nilai jual juga beaming face with smiling eyes to tucraft luwuutara daurulangsampahplastik pemanfaatanlimbahplastik
Neutral,Neutral,Positive,Positive,daur ulang sampah plastik sederhana. salam support buat kamu yg lagi berusaha berguna. fbpro
Neutral,Neutral,Positive,Positive,karya ibu dan alamsyah:smiling face with heart-eyes: hasil daur ulang sampah plastik jadi keranjang sayur sekaligus hiasan dapurbeaming face with smiling eyes . . . daurulangsampahplastik pedulilingkungan lingkunganbersihtanpasampahplastik
Positive,Neutral,Positive,Positive,ujian praktek kelas xi seni terapan daur ulang sampah plastik kresek insyaallah tahun depan kelas xi dibagi banyak kelompok supaya banyak penampilan pesertanya smiling face with heartssmiling face with heartssmiling face with hearts maafkamimasihperdana sman1singkohor
Positive,Positive,Positive,Positive,kreasi daur ulang sampah plastik menjadi kerajinan tangan bunga dari penutup botolhand with index finger and thumb crossed p-5 kelas 3 sd advent sentani timur
Neutral,Positive,Positive,Positive,"main-main ke pabrik daur ulang sampah botol plastik di indonesia!recycling symbol kemarin abis visit pabrik yang gede dan canggih banget punya & di cikarang, sekalian belajar proses recycle sampah botol plastik untuk jadi botol daur ulang. gokil sih, salah satu pengalaman paling seru!fire factoryvisit mahijaparahitanusantara amandinabuminusantara recyclinghero circulareconomy"
Positive,Neutral,Neutral,Positive,daur ulang sampah plastik kreasi anak sd
Neutral,Neutral,Positive,Positive,"daur ulang sampah plastik adalah upaya untuk mengelola dan menggunakan kembali plastik bekas. daur ulang plastik dapat mengurangi dampak negatif terhadap lingkungan dan pencemaran udara, air, dan tanah. daurulangsampahplastik foto teks fyp trending semuaorang sorotan"
Neutral,Positive,Positive,Positive,"botol plastik vs botol kaca dalam konteks air minum dalam kemasan yang biasa disediakan di kamar-kamar hotel, apakah penggunaan botol kaca lebih ramah lingkungan dibandingkan penggunaan botol plastik? botol plastik penggunaan botol plastik mempunyai beberapa kelebihan seperti praktis, tamu bisa bawa untuk kepentingan di luar hotel, pengangkutan lebih ringan karena hanya perlu 1 trip saja (saat antar botol yang isi) sehingga jejak karbonnya lebih sedikit. kelemahannya ada pada timbulan sampah plastiknya. namun hal ini bisa disiasati dengan manajemen pengelolaan sampah yang baik dengan cara recycling/daur ulang. botol plastik air minum kemasan yang berbahan pet dapat didaur ulang beberapa kali dan sudah menjadi sumber pendapatan dari industri daur ulang dalam ekosistem circular economy. bagaimana dengan botol kaca? walaupun sedikit lebih mahal, botol kaca menjadi pilihan yang baik terutama untuk mengurangi sampah botol plastik sehingga terkesan ramah lingkungan walaupun tidak praktis dari sisi tamu karena tidak bisa dibawa keluar lingkungan kamar. jangan lupa juga bahwa pengangkutan botol kaca menyumbang carbon footprint yang lebih besar karena berat muatan yang lebih tinggi dan memerlukan 2 kali trip (angkut botol berisi dan angkut botol kosong). dalam proses sanitasi botol untuk penggunaan ulang juga memerlukan air dalam jumlah banyak dan zat kimia pembersih yang masuk ke tanah. tutup botol kaca yang berbahan dari logam juga merupakan sampah, namun bisa didaur ulang dengan pengelolaan yang baik. jadi kesimpulannya mana yang lebih baik? keduanya sama-sama baik dan sama-sama punya kelemahan. yang diperlukan adalah kesadaran dan prilaku kita dalam mengelola sampah dengan bijak. sebagai tamu hotel, saya lebih suka kemasan plastik karena lebih praktis. botol kosong akan saya masukkan di tempat sampah daur ulang/recycling bin yang biasanya juga tersedia di hotel."
Neutral,Negative,Negative,Negative,daur ulang sampa plastik menjadi beras. waspadaberasimpor semuaorang
Positive,Neutral,Positive,Positive,"backhand index pointing rightmasya allah..tabarakallah ini hasil karya daur ulang sampah plastik siswa kelas 4b kusmiling face with hearts ini hasil karya siswi perempuanthumbs upface blowing a kiss ini dari pembungkus makanan ringan, pembungkus mie instant, dan lain-lain terimakasih anak2 hebatnya ibu gurusmiling face with heartsthumbs up p5 hasilkaryasiswakelas4b daurulangsampahplastik kolasebajubatik"
Positive,Neutral,Positive,Positive,"sahabat, melawan polusi sampah plastik dapat dilakukan dengan daur ulang dan mengoptimalkan potensi nilai ekonomisnya lho! salah satu caranya melalui model daur ulang. rantai daur ulang menjadi kunci utama dalam penerapan ekonomi circular. dengan melakukan daur ulang sampah plastik dan menggunakan kembali produk daur ulang dapat mengurangi penumpukan sampah di tpa. model daur ulang ini juga memiliki nilai ekonomi bagi masyarakat serta dapat mendukung industri-industri pengolahan sampah."
Neutral,Neutral,Positive,Positive,daur ulang sampah plastik
Neutral,Neutral,Positive,Positive,"daur ulang sampah plastik menjadi karya yang estetik. by.cia, onel and mommy smiling face with hearts fyp bonus jangkauanluas hasilp5 daurulangsampah kolasedariplastik"
Neutral,Neutral,Positive,Positive,daur ulang sendok plastik sampah untuk dekorasi dinding recycling diy crafts
Positive,Positive,Positive,Positive,proyek penguatan profil pelajar pancasila (p5) tema kewirausahaan daur ulang sampah gelas plastik menjadi tempat tissue yg bernilai dan kelihatan mewah :smiling face with heart-eyes::smiling face with heart-eyes::smiling face with heart-eyes: keren sekali ibu wakakur anha kusuma nu amoorea dan bapak/ibu guru kira2 harganyanya berapa ya?? smanko p5 kewirausahaan daurulangsampahplastik
Neutral,Neutral,Positive,Positive,daur ulang sampah plastik menjadi tali rafia berat semoga bermanfaat
Neutral,Neutral,Positive,Positive,"proses daur ulang sampah plastik menjadi sesuatu yg bermanfaat,keren bebthumbs upthumbs up tintin"
Neutral,Neutral,Positive,Positive,daur ulang sampah plastik menjadi barang yang mempunyai nilai jual
Positive,Neutral,Positive,Positive,"sampah plastik yang menjadi masalah di berbagai tempat, diolah oleh seorang pria di bali menjadi peluang. putu eka darmawan menyebut dirinya sebagai pemulung. eka telah membuat berbagai produk daur ulang plastik, mulai dari furnitur, bahan konstruksi dan interior, hingga campuran aspal dan produk fesyen. plastik yang telah dicacah dimasukkan ke mesin pengering bersuhu lebih dari 200 derajat celsius. dari situ, plastik kemudian dicetak menjadi papan berukuran 100x50cm dengan tebal sekitar 1,4cm. “papan plastik itu digunakan sebagai pengganti kayu. saat ini sedang booming, banyak permintaan untuk digunakan sebagai furnitur,” kata eka."
Positive,Neutral,Neutral,Positive,sampah plastik kini jadi masalah global. jerman juga mulai kewalahan menindak pengusaha yang mengekspor sampah secara ilegal ke asia. kini sebuah lembaga penelitian jerman membuat kapal yang bisa mendaur ulang sampah plastik langsung di lokasi. dwinovator
Positive,Positive,Positive,Positive,"ini tempat daur ulang sampah plastik terbesar di asia tenggara! recycling symbol kerennya, pabrik ini bisa olah plastik yang udah kotor dan susah didaur ulang. dan semuanya bakal jadi botol plastik baru lagi OK hand light skin tonehundred points ini dia pt eterna persada indonesia by pan era group!"
Positive,Neutral,Positive,Positive,"on progress ""program pananggulangan sampah plastik di wewidangan desa adat sumbersari"" daur ulang sampah plastik jenin mpl ( multy layer plastic ) bupda sumbersari tps3r bupda ptesab rahayu sumbersarikedas kramadesaadatsumbersari folded handsfolded handsfolded hands"
Neutral,Negative,Neutral,Negative,sampah plastik tidak bisa di daur ulang lebih baik di buat haskar seperti ini bungkus soklin di jadikan haskar ambal
Neutral,Positive,Positive,Positive,"ecobrick : ecobrick adalah barang bekas daur ulang berupa botol bekas yang di isi oleh plastik sampah kemasan yang tidak bisa di urai oleh lingkungan puluhan tahun. dan bisa di manfaatkan untuk pembuatan produk kursi, meja, pernik pernikahan, aksesoris gapura gerbang, dll. ini sangat bermanfaat karena mengurangi limbah plastik sampah yang tidak bisa terurai hingga puluhan tahun. bagi yang memerlukan untuk daur ulang atau aksesoris lainnya bisa menghubungi kami. kami menyediakan ecobrick dalam bentuk botol 600ml, botol 1500ml, dan sampah plastik bersih untuk isi ulangnya. berat antara 200gr - 250gr harga variasi mulai rp.5.00 - rp10.00 ecobrick riverside 014 : 085775413180"
Positive,Positive,Positive,Positive,"sampah plastik masih menjadi masalah global atas dampaknya terhadap lingkungan. kerja sama dan inovasi berbagai lapisan masyarakat perlu dilibatkan untuk menanggulangi permasalahan sampah plastik. dalam hal ini, pemerintah juga berupaya memanfaatkan potensi sampah plastik menjadi bernilai ekonomis dengan menggandeng pengusaha dan masyarakat yakni mengurangi sampah plastik melalui cara daur ulang dan memanfaatkannya sebagai potensi komoditas ekspor. ⁣ ⁣ melalui asistensi yang dilakukan oleh bea cukai wilayah sumatera utara dan bea cukai kualanamu kepada pt polindo utama, berhasil dilaksanakan pelepasan ekspor perdana pada sabtu (10/10) berlokasi di medan berupa produk polyethylene terephthalate (pet) hasil dari daur ulang sampah plastik yakni sebanyak 2 kontainer produk pet dengan masing-masing berat 22 ton ke negara tujuan taiwan. hasil dari daur ulang produk pet ini kemudian bisa dimanfaatkan menjadi berbagai bentuk kemasan, serat bahan pembuat pakaian dan sepatu olahraga. hal positif lainnya yaitu dengan dilibatkannya umkm untuk mengumpulkan persediaan sebelum diproduksi dan diekspor.⁣ ⁣ kerja sama berbagai pihak ini tentunya sejalan dengan misi pemerintah dalam penanggulangan dampak negatif sampah terhadap lingkungan melalui pengembangan sehingga memiliki nilai jual serta menciptakan kepastian layanan dan dukungan investasi yang menciptakan lapangan kerja.⁣ ⁣ sahabat bc, yuk sampaikan dukunganmu di kolom komentar agar segala upaya pemerintah dalam dorongekspor berbagai komoditas yang berpotensi ekspor terus berjalan optimal!⁣ ⁣ ⁣ ⁣ ⁣ beacukaimakinbaik⁣ ekspor plastik⁣ recycling"
Neutral,Neutral,Neutral,Positive,daur ulang sampah plastik di negara lain
Positive,Neutral,Positive,Positive,sedang pelatihan cara daur ulang sampah plastik folded hands:smiling face with heart-eyes: daurulangsampahplastik reelfyp jangkauanreel fbpro captionkonten pengikut mengikuti semuaorang monetisasi
Neutral,Neutral,Neutral,Positive,pengisian bahan bakar alternatif (petasol) yang dihasilkan dari daur ulang sampah plastik ke toyota fortuner. lengkapnya di:
Positive,Neutral,Positive,Positive,edukasi & praktek daur ulang sampah plastik menjadi paving blok tps3r sahabat langgeng bersama mahasiswa kkn unsika tahun 2025 kknunsika2025 unsika daurulangsampahplastik tps3r konservasi gogreen
Neutral,Neutral,Positive,Positive,bunga hias gantung dari daur ulang sampah plastik bekas bungkus deterjen dan plastik kresek kerajinan bungahiasplastik viral fbpro fyp
Neutral,Neutral,Positive,Positive,proses proses daur ulang sampah di gudang penggilingan plastik corner plasindo.. salam bakul rongsokan flexed biceps fyp videopanjang vod fbpro
Neutral,Neutral,Positive,Neutral,daur ulang sampah.. jarang update soalnya ngumpulin sampah dulusmiling face with open handssmiling face with open hands.. yuk daur ulang sampah menjadi lebih berguna smiling face with smiling eyessmiling face with smiling eyes duarulang sampah plastik fyp jangkauanluas
Neutral,Positive,Neutral,Positive,yang punya barang seperti ini silahkan tawarkan.. daur ulang sampah botol plastik pet jangkauan
Neutral,Neutral,Neutral,Positive,"dari manusia dikembalikan lagi ke manusia oleh alam, tapi bedanya alam masih baik, dengan cara mengembalikan sampah plastik yg bisa d daur ulang, atau di manfaatkan dengan cara di jual ke pengepul atau rongsokan, gmna gak baiknya alam coba kalian pikir, alam aja masih sayang ke kalian"
Neutral,Neutral,Neutral,Positive,ecobrik daur ulang sampah plastik ecobrik gunting2 daurulangsampahplastik
Positive,Neutral,Neutral,Positive,"pabrik daur ulang sampah plastik baguna yang berlokasi di kecamatan damar, diresmikan langsung oleh anggota dpr ri rudianto tjen, pada sabtu (16/4/2022). kedatangan rudianto tjen didampingi ketua dpc pdip belitung timur, fezzi uktolseja dan anggota dprd provinsi nata sumitra bersama rombongan disambut langsung oleh ketua baguna dpc pdip belitung timur kamarudin muten. “ide pabrik menurut saya sangat luar biasa. dimana kalau kita melihat sampah ini kan sebagai pengganggu bagi kehidupan kita, nah saat ini sampah plastik dapat diolah dan dapat memberi nilai tambah ekonomi bagi masyarakat,” ujarnya kepada wartawan. dia menilai, dengan dibelinya sampah plastik oleh pabrik daur ulang sampah plastik baguna senilainya rp1500 perkilogram. “tentunya yang kami harapkan ini bisa menggerkan ekonomi rakyat, tidak hanya di belitung timur saja tetapi seluruh pulau belitung dan bangka belitung umumnya,” ujarnya. dia juga akan menyampaikan, dengan adanya ide pabrik sampah plastik ini nantinya, juga akan dibicarakan ditingkat pusat. dia berpikiran, bila dibuat pabrik daur ulang sampah plastik disetiap dpc se indonesia, tentunya sesuatu yang luar biasa untuk menambah nilai ekonomi masyarakat. pdiperjuangan bangunlahjiwadanbadannya 49tahunpdiperjuangan"
Positive,Neutral,Positive,Positive,"sahabatdisdik ternyata sampah daur ulang bisa sangat burguna loh untuk melakukan aktivitas yang menyenangkan. seperti adik-adik kita di sdn sukabumi selatan 07 yang mengadakan "" fashion show daur ulang sampah plastik"" disamping menyenangkan kita juga bisa sambil melatih kreatifitas kita . repost : disdikdki"
Neutral,Neutral,Positive,Neutral,daur ulang sampah plastik fyp vod monetisasi fouryou kerja daurulangsampahplastik
Positive,Neutral,Positive,Neutral,pembelajaran di luar kelas menonton video tentang bahaya sampah plastik dan cara daur ulang sampah..
Neutral,Neutral,Neutral,Positive,meja & kursi rangka hollow papan plastik daur ulang sampah fyp daurulangsampahplastik cilegon recycle fbpro
Positive,Neutral,Neutral,Neutral,"proses pemasangan pondasi mesin pencacah plastik,daur ulang sampah. pemula daurulangsampahplastik oppa mechyrongsok fyp fbpro"
Neutral,Neutral,Positive,Positive,daur ulang sampah plastik fbpro kontenkreator monetisasi semua orang
Positive,Neutral,Positive,Positive,"p5 : daur ulang sampah plastik untuk tempat sampah dan pot bungasmiling face with open hands yuuk, jaga lingkungan dengan 3r (kurangi, gunakan kembali, daur ulang)smiling face with open hands sdnkrenceng1 proyekprofilpelajarpancasila gayahidupberkelanjutan daurulang daurulangsampah daurulangsampahplastik"
Positive,Neutral,Positive,Positive,"dosen stti bontang sukses daur ulang limbah plastik menjadi bahan bakar minyak ketika orang lain melihat sampah sebagai sesuatu yang tidak lagi memiliki nilai ekonomi. sekolah tinggi teknologi industri (stti) bontang justru melihat sebaliknya. sampah ketika dikelola secara baik dan benar, maka dapat memberikan nilai ekonomi bagi masyarakat. kampus yang berada di bawah atap yayasan pendidikan islam (yabis) bontang itu, sukses mengubah limbah sampah plastik menjadi bahan bakar minyak (bbm). hasil inovasi mereka bahkan sudah diusulkan pada lomba yang diadakan pemerintah kota (pemkot) bontang pada oktober mendatang. ahmad yani, irhamni nuhardin, fitria, ratnawati, dan irianto, adalah empat nama di balik inovasi tersebut. hanya bermodalkan kompor gas, tabung freon, selang, dan tabung biskuit, keempat dosen stti bontang itu sukses menghasilkan bbm dari limbah sampah plastik. irhamni nuhardin mengatakan, hasil penelitian pengolahan limbah sampah plastik menjadi bbm telah diikutkan pada lomba inovasi, penelitian dan teknologi tepat guna (si peena) kota bontang. pada lomba tahun ini, pemkot bontang mengusung inovasi tema pengembangan teknologi berwawasan lingkungan. tiga hasil penelitian lain yang diajukan stti bontang yakni desalinasi air laut menggunakan energi matahari sebagai sumber air tawar masyarakat kepulauan kota bontang, pemanfaatan limbah organik untuk produksi bahan bakar gas dengan penambahan effective microorgabism-4, dan rancang bangun sistem distilasi air laut menggunakan energi surya dengan metode desalinasi single stage flash. “semua usulan hasil penelitian itu sudah masuk si peena. dan semuanya berwawasan lingkungan,” ungkap perempuan berkerundung tersebut. pengembangan teknologi berwawasan lingkungan merujuk peraturan wali kota (perwali) bontang nomor 30 tahun 2018 tentang pengurangan penggunaan produk plastik sekali pakai. melalui pengembangan teknologi itu, diharapkan volume sampah di bontang dapat ditekan setiap tahunnya. “kami ingin mengelola sampah agar memiliki nilai ekonomi di masyarakat,” ucapnya. untuk diketahui, volume sampah di kota bontang setiap tahunnya terbilang cukup tinggi. dalam sehari saja, jumlah sampah yang dihasilkan masyarakat mencapai 90 ton. “sekitar 20 ton di antaranya adalah sampah plastik,” terangnya. selama ini, sampah plastik di bontang hanya dicacah dan dikirim ke pulau jawa. padahal jika dikelola secara baik dan benar, sampah-sampah itu dapat dimanfaatkan sehingga memberikan nilai ekonomi yang cukup tinggi. “dari situ lah kami mencoba mengolah sendiri limbah sampah plastik di kota bontang,” katanya. dosen dan tim penelitian stti bontang ahmad yani menuturkan, sampai sejauh ini, hanya ada pengolahan limbah untuk gas metan di bontang,kata dia, jika limbah sampah plastik di kota taman –sebutan bontang- dikelola sendiri dengan pengembangan teknologi, maka sampah dapat memberikan nilai ekonomi. “saat ini, harga bahan bakar minyak jenis premium dijual sekitar rp 7 ribu per liternya. kalau limbah sampah plastik kita kelola sendiri, maka harganya bisa kita tekan,” katanya. di sisi lain, masyarakat tidak perlu khawatir lagi menggunakan plastik. sebab, limbah sampah itu sudah dapat dikelola menjadi bbm. apalagi bbm yang dihasilkan bukan hanya premium, tetapi juga bisa berupa solar dan pertalite. “selama ini kami hanya keterbatasan alat saja,” ujarnya. untuk mengolah sampah menjadi bbm, baik irhamni, ahmad yani, dan ketiga rekannya, hanya memanfaatkan barang bekas yang dibeli di tempat loakan seperti tabung freon, kaleng biskuit, dan selang besi. “semua bahan itu kami beli sekitar rp 350 ribu. hasil uji coba yang kami lakukan, bahan bakar minyak yang dihasilkan ternyata bisa dipakai buat motor,” katanya. ahmad yani berkeyakinan, jika alat pengolahan sampah dapat dimodifikasi lagi sedemikian mungkin, maka masyarakat bontang dapat memanfaatnya secara baik dan aman. sekarang tinggal bagaimana dukungan pendanaan dari stakeholder terkait. “apabila alat yang sederhana ini ada di setiap kelurahan dan rt, maka akan ada banyak sampah yang bisa dikurangi,” ucapnya. satu kilogram sampah menghasilkan 350 mililiter bbm pemanfaatan teknologi yang dibuat irhamni dan kawan-kawannya terbilang cukup sederhana. limbah sampah plastik yang telah dicacah dimasukkan ke tabung freon yang dipanaskan di atas kompor gas. hasil pembakaran kemudian dialirkan melalui sebuah selang besi yang didinginkan di dalam kaleng biskuit. setelah itu, minyak dari olahan itu ditampung menggunakan toples. ahmad yani menerangkan, idealnya untuk pengolahan sampah plastik satu kilogram dapat menghasilkan bbm satu liter. namun karena masih terbatasnya alat, maka satu kilogram sampah baru mampu menghasilkan 350 mililiter bbm. “saat pengujiannya, masih perlu dilakukan penyempurnaan. nantinya, sisa hasil pembakaran dapat dimanfaatkan untuk paping blok,” katanya. irhamni menceritakan, pengolahan limbah sampah sudah pernah dia pelajari saat mendalami ilmu teknik kimia, khususnya tentang konversi energi. kata dia, pada prinsipnya, energi dapat berubah dari satu bentuk ke bentuk lainnya, tetapi energi tidak dapat dimusnahkan (dihancurkan). “sampah plastik itu dibuat dari bahan minyak. sekarang bagaimana mengembalikannya ke pengolahan minyak lagi,” katanya,,"
Neutral,Neutral,Positive,Positive,bunga hasil daur ulang sampah plastik smiling face with smiling eyessmiling face with hearts mungkin teman² ada yg suka khsmiling face with smiling eyessmiling face with heartsgrinning face
Positive,Neutral,Neutral,Positive,"tolong dukung dng hatimured heart siapa yg bisa mendukung mereka? *designer/siswa tata busana yg butuh aplikasi untuk tema baju daur ulang bisa beli disini. *sekolah bisa study tour ke workshop ini dan diajari membuat kreasi dari sampah plastik. *artis/influencer pakailah baju aplikasi daur ulang ketika manggung, biar karya mereka semakin dihargai. *kita yg nonton ini bisa like n komen agar video ini bisa tersebar sampai ke orang2 yg peduli atau membutuhkan karya mereka jika membutuhkan nomor pengelola bisa dm cacagown ig .craft ssk susukan,tegalarum,borobudur"
Neutral,Neutral,Positive,Positive,"daur ulang sampah plastik menjadi papan. semoga bermanfaat. video dari sidalang sidalang singkatan dari “kreasi daur ulang” adalah salah satu proyek dari tunas nusa foundation yang dicetuskan pada tahun 2011 di jakarta. proyek ini dirancang agar mampu mendukung tiga aspek pembangunan berkelanjutan (sustainable development), yakni lingkungan, ekonomi dan sosial. mengingatkan kembali tanggungjawab korporasi dan individual terhadap produksi sampahnya melalui mekanisme kreasi sampah menjadi kerajinan berkualitas dan siap jual oleh komunitas ibu, remaja dan anak di lokasi terpilih."
Positive,Neutral,Neutral,Positive,"daur ulang sampah plastik.. rumah plastik mandiri (ig) jalan candi kuning, dusun pondok, desa petandakan, buleleng, bali, singaraja 8119."
Positive,Neutral,Positive,Neutral,tempat daur ulang sampah plastik terbesar di asia tenggara?! jerhemyowen vlogowen education fbreels reels
Neutral,Neutral,Positive,Positive,setidaknya aku berani tampil lomba fashion show. dari bahan daur ulang sampah plastik dan dapat juara 2. walaupun tremor dan panas dingin..face with tears of joy foto lama. waktu hari ibu. yok manfaatkan sampah yg ada di sekitar kita. fashionshow daurulangsampahplastik cintaibumikita semuaorang jangkauanluas
Positive,Neutral,Positive,Positive,proses daur ulang sampah menjadi ecobrik OK hand dengan mendaur ulang sampah kita sudah menjaga lingkungan bebas dari sampah plastik smiling face with halo kelas4ceria sdinpres28nania daurulangsampah sampahecobrik
Neutral,Neutral,Positive,Positive,cinta tanah airku indonesia hanya bisa daur ulang sampah plastik untuk kurangi sampah plastik dinegeri tercintaku indonesia.. lop yu indonesiaku daurulangsampah vod jangkauanluas fbpro godblessyou
Neutral,Neutral,Positive,Positive,"p5, daur ulang sampah plastik, fyp reels vidio daurulang sampahplastik fbpro jangkauanluas semuaorang"
Neutral,Neutral,Positive,Positive,proses daur ulang sampah plastik menjadi barang berguna daurulang recycle sampah
Neutral,Positive,Positive,Positive,part 3 daur ulang sampah botol plastik menjadi bunga cantik hibiscus vod fyp daurulangsampah semuaorang pengikut pemula monetisasi
Neutral,Neutral,Positive,Positive,"sampah yang hanya dipandang sebelah mata tetapi kalau bisa cara memanfaatkan nya bisa menjadi nilai ekonomi, tidak bisa dimanfaat kan sebagi daur ulang kerajinan , bisa dijual dengan pengempul sampah (kang rongsokan) dampak positif nya lingkungan menjadi bersih bebas sampah plastik.. . . tanpa disadari sampah yg berserak kalau dijual uangnya bisa buat tambah2 beli jajan anak :smiling face with heart-eyes::smiling face with heart-eyes: semoga menjadi motivasi untuk lebih peduli dengan lingkungan folded hands"
Neutral,Neutral,Neutral,Neutral,daur ulang sampah plastik? reels video viral
Neutral,Neutral,Neutral,Neutral,daur ulang sampah plastik..
Positive,Neutral,Positive,Positive,"aksi122 bersama kita bisa buat perubahan every week we clean we educate we chnage relawan 5 org, anak² 3 org sampah plastik 4 kg, daur ulang 2 kg terima kasih buat relawan yg hadir kali ini, tetap semangat.."
Positive,Neutral,Positive,Positive,"wastgood yang berfokus pada daur ulang sampah plastik, berkolaborasi dengan desainer bas junianto dan cundra setiabudhi untuk menghadirkan meja dan kursi belajar ramah lingkungan di sma pangudi luhur jakarta. founder wastgood, arif, mengatakan bahwa inisiasi proyek ini telah direncanakan selama lima bulan. mulai dari proses pengumpulan limbah, desain, hingga pembuatan prototipe. proses produksi meja dan kursi belajar daur ulang ini memakan waktu selama dua bulan. arif menjelaskan, limbah tutup botol kemasan yang digunakan, sebagian dikumpulkan dari sampah yang dihasilkan di sma pangudi luhur. sementara itu, sisanya dikumpulkan dari warga sekitar, hingga bekerja sama dengan bank sampah dan pengepul. hasilnya, wastgood berhasil mengumpulkan total hampir 1 ton sampah sebelum akhirnya dipilah dan diproses menjadi furnitur. “kita pilah (sampah plastik) warna abu dan biru karna paling banyak,” kata arif. melalui kolaborasi tersebut, wastgood berhasil mendaur ulang lebih dari 950 kg sampah plastik, lalu mengubahnya menjadi 171 set meja dan kursi. arif menjelaskan, keunggulan meja dan kursi belajar daur ulang dibandingkan dengan meja dan kursi pada umumnya, adalah tahan air dan tidak akan lapuk. “khusus untuk produk di sma pangudi luhur juga papan plastiknya di-coating agar lebih kuat dan tahan lama. semoga aksi kecil ini dapat memberikan dampak yang besar bagi keberlanjutan,” tutup arif. gimana menurutmu, sahabat daai?:smiling face with heart-eyes: saksikan konten-konten inspiratif dan menenangkan hati di platform daai+ discover inspiring content. wastgood smapangudiluhur daurulang daaitv sebarkankebaikan discoverinspiringcontent"
Neutral,Neutral,Positive,Positive,daur ulang sampah plastik jd hiasan taman yg cuantiik
Neutral,Neutral,Positive,Positive,"mendaur ulang kembali adalah salah satu usaha untuk mengatasi limbah yang semakin banyak setiap harinya. adapun sampah plastik bisa diolah beraneka ragam, mulai pembuatan tas, dompet, mainan anak-anak, bunga hias, pot, dan lain sebagainya. sederhana ialah kata yang tepat dari pemanfaatan daur ulang sampah plastik. kali ini saya membuat tas love 3d dari bungkus dancow"
Neutral,Neutral,Positive,Positive,"daur ulang sampah jadi tikarthumbs up light skin tone jadi siapa saja yg ada pakai plastik so klin, cappucino, kopi sachet, dan lainnya tolong disimpan ya,, jangan di buang karna kita bisa menggunakannya untuk daur ulang smiling face with smiling eyes kerajinantangan sangatkreatif"
Neutral,Neutral,Positive,Positive,"bikin karya daur ulang itu menyenangkan dan hasilnya juga keren! sparkles selain mengurangi sampah plastik, kita juga bisa belajar tentang kreativitas. yuk, coba bikin sendiri di rumah! daurulangsampahplastik inspirasi mecotikecoprint recyclesampahplastik"
Positive,Neutral,Neutral,Positive,persiapan panen karya p5 gaya hidup berkelanjutan (daur ulang sampah plastik) untuk kelas 8 dan kearifan lokal (ekplorasi giat kreasi nelayan) untuk kelas 7. smpn 27 pekanbaru smg kegiatan berjalan lancar dan membawa manfaat..aamiin.. smpnegeri duatujuh pekanbaru
Neutral,Neutral,Neutral,Positive,karya seni daur ulang menggunakan sampah plastik menjadi gaun cantik ala putri smiling face with hearts reels fyp pengikut jangkauan daurulangsampahplastik fbpro
Positive,Neutral,Positive,Positive,"tema lingkungan mengubah sampah plastik menjadi sebuah pembelajaran manfaat dari kegiatan ini adalah 1. mengurangi sampah plastik. 2. meningkatkan kreativitas anak-anak diajak untuk berkreasi dengan bentuk, warna, dan desain dari potongan plastik untuk membuat baju unik. 3. meningkatkan kesadaran lingkungan 4. mengajarkan daur ulang anak-anak dapat belajar bahwa sampah plastik bisa diolah kembali menjadi sesuatu yang bermanfaat dan kreatif. 5. melatih motorik halus dengan memotong, menempel, dan menyusun plastik di kertas hvs, anak-anak melatih koordinasi tangan dan mata mereka. 6. mengenalkan seni dan estetika anak-anak belajar menciptakan sesuatu yang indah dan menarik dengan bahan yang tidak terpakai. ikuti terus kegiatan kami ya anakpaudkreatif daurulangsampahplastik anaktkhebat salamkreatif"
Positive,Neutral,Positive,Neutral,mari daur ulang sampah plastik materidaurulang mi-kelas 3
Positive,Neutral,Positive,Positive,karya anak bangsa:smiling face with heart-eyes: daur ulang sampah plastik thumbs up p5 costumkarnaval karyadariplastik krui daurulangsampah lampung
Positive,Neutral,Positive,Positive,"ppg pai projek p5 ""daur ulang sampah plastik menjadi tempat pensil yang cantik"" ppgpai ppg p5 sekolah"
Neutral,Neutral,Positive,Neutral,tps3r sagala terpadu tahap 2 mengubah sampah menjadi barang yg bernilai tinggi siapkan dukungan saudara-saudaraku di kolomkomentarfolded hands agar inovasi ini bisa berkembang. left arrow curving right .lake daur ulang sampah samaph plastik vod bbm serdang bedagai dolok sagala dolok masihul inovasi jangkauan sorotan
Neutral,Neutral,Neutral,Positive,daur ulang sampah plastik menjadi papaping block plastik monetisasi facebookpro reels fyp jnagkauanluas
Positive,Neutral,Positive,Positive,daur ulang sampah plastik reelsfbpro jangkauanluas edukasisampahplastik semuaorang
Positive,Neutral,Neutral,Positive,purwarupa jam tangan hasil daur ulang sampah plastik yang akan diluncurkan dalam waktu dekat. (bbc)
Neutral,Neutral,Positive,Positive,bunga hias dari daur ulang sampah plastik bekas bungkus makanan kucing kerajinan bungahiasplastik viral reels fbpro fyp
Neutral,Neutral,Neutral,Positive,daur ulang sampah plastik kresek.. hematbiaya
Positive,Neutral,Positive,Positive,tutorial lengkap membuat bunga hias dari daur ulang sampah plastik bekas bungkus makanan kucing tutorial kerajinan bungahiasplastik viral vod fbpro fyp jangkauanluas
Positive,Neutral,Positive,Positive,proses daur ulang sampah plastik menjadi pipa paralon fyp reels fbpro viral trending amazing tutorial tipstrik idekreatif idecerdas idejenius teknik teknologi daurulangsampahplastik sampahplastikjadipipa pabrik produksi working tools foryou jangkauanluas
Neutral,Neutral,Positive,Positive,daur ulang sampah plastik jadi kantong plastik baru reels make craft plastic bag reusable plasticbag old new handmade creative handcraft asmr satisfying
Neutral,Neutral,Neutral,Positive,kreasi daur ulang sampah plastik. art sculpture mask trible ethnic daurulang daurulangsampah daurulangsampahplastik mikroplastik
Neutral,Neutral,Neutral,Positive,kreasi daur ulang sampah plastik tutorial bunga dari plastik bekas kemasan pantyliners diy craft daurulang
Neutral,Neutral,Positive,Positive,hasil daur ulang sampah plastik menjadi ecobrick dan menjadi sebuah karya yang menarik ecobrick sampahplastik sampahdaurulang karyamenarik reelsfacebook sorotanpublik
Neutral,Neutral,Positive,Positive,daur ulang sampah plastik menjadi kursi plastik kekinian recyclebin cuanbos 300tfyp tararara
Positive,Neutral,Positive,Positive,"ready ya plastik daur ulang cocok buat taplak meja atau alas duduksmiling face with hearts cus miliki bun, membeli berarti anda sudah ikut menyelamatkan bumi :globe showing Europe-Africa: dari limbah plastik smiling face with hearts to tucraft plastik daur ulang"
Neutral,Negative,Negative,Negative,kaya begini kasihan sampah plastik di daur ulang.. bukan djadikan beras rolling on the floor laughingrolling on the floor laughing
Neutral,Neutral,Positive,Positive,"proses daur ulang sisa"" plastik . . salam pejuang fyppalms up together light skin tone plastikdaurulang prosesdaurulang pembuatanplastik fyp reelsfyp fypviral reels jangkauanluas sorotan"
Neutral,Positive,Neutral,Positive,menir plastik pet biji plastik pet pet powder (menir) plastik polyethylene terephthalate info lengkap silahkan inbox atau wa saja wa 085283181178 plasticrecycling plastikdaurulang
Neutral,Positive,Positive,Positive,beginilah cara mengolah botol plastik bekas/ botol menjadi biji plastik daur ulang dan inilah hasilnya backhand index pointing downbackhand index pointing downbackhand index pointing down selamat menonton jangan di skip biar tahu semuanya caranyathumbs upbeaming face with smiling eyesflexed biceps cara mengolah botolbekasplastik jadi biji plastik daurulang vod fyp viral lewatberanda jangkauan semuaorang mamanyaputra
Neutral,Positive,Neutral,Positive,"tersedia bahan daur ulang kelas a. harga sangat terjangkau. kami memiliki: hdpe seperti: film hdpe pada gulungan bersih penggilingan ulang botol pil hdpe penggilingan ulang drum biru hdpe penggilingan ulang warna susu hdpe penggilingan ulang hdpe hitam butiran hdpe pet: serpihan pet bal benang pet - pe penggilingan ulang gulungan pet 659 gulungan kemasan pet pp seperti: penggilingan ulang baki pp alami pelet pp alami ldpe seperti: gulungan ldpe - nilon campuran film bal ldpe warna film bal ldpe alami (super a) film ldpe pada gulungan butiran ldpe hips seperti: gulungan hips dalam bal abs seperti: abs gf purge abs dalam bal pelet pc-abs dan penggilingan ulang lldpe, sisa jaring ikan, pvb, nilon, dll asal: spanyol kami kirim ke eropa, negara-negara asia, dan as kontak hubungi kami sekarang untuk mengetahui harga dan semua detailnya."
Neutral,Positive,Positive,Positive,daur ulang plastik menjadi piring cantik
Neutral,Positive,Positive,Positive,dekorasi pohon natal dari botol plastik daur ulang :smiling face with heart-eyes:thumbs up
Neutral,Neutral,Neutral,Positive,adelia chantika cantik hand with index finger and thumb crossed light skin tonesmiling face with hearts p5 (proyek penguatan profil pelajar pancasila) pakai bju bekas plastik/daur ulang setiap langkahmu adalah bukti cerdasmu.terus maju kesayangan red heartsmiling face with hearts fbpro fotomanizanakkusmiling face with hearts p5
Neutral,Positive,Positive,Positive,ide kerajinan daur ulang botol plastik yang menakjubkan untuk taman
Positive,Positive,Positive,Positive,"daur ulang kantong plastik kresek, daur ulang botol plastik mesin daur ulang kantong plastik kresek dan botol plastik adalah teknologi yang dirancang untuk mengolah sampah plastik menjadi bahan baku yang dapat digunakan kembali. mesin ini bekerja dengan cara menghancurkan, mencuci, dan mencairkan plastik yang sudah tidak terpakai, baik itu kantong plastik kresek maupun botol plastik, menjadi pellet atau material plastik yang siap digunakan dalam proses produksi. proses daur ulang ini tidak hanya mengurangi jumlah sampah plastik yang mencemari lingkungan, tetapi juga mengurangi kebutuhan akan bahan baku plastik baru, yang berdampak positif terhadap penghematan sumber daya alam. keunggulan mesin daur ulang plastik ini terletak pada kemampuannya untuk mengolah berbagai jenis plastik dengan efisiensi tinggi, mengubahnya menjadi produk yang bermanfaat kembali. mesin ini sering digunakan di industri daur ulang untuk mendukung kelestarian lingkungan, mengurangi polusi plastik, serta menghasilkan bahan baku yang dapat dimanfaatkan oleh berbagai sektor industri, mulai dari pembuatan produk plastik baru hingga barang-barang komposit lainnya. dengan teknologi yang semakin berkembang, mesin ini juga dapat dilengkapi dengan sistem pemisahan otomatis untuk memproses berbagai jenis plastik secara terpisah, sehingga meningkatkan kualitas hasil daur ulang. daurulangplastik recyclingplastic kantongplastikkresek daurulangbotolplastik lingkunganbersih plastikdaurulang inovasidaurulang hematsumberdaya jagabumi ecofriendly"
Neutral,Neutral,Positive,Positive,"""daur ulang sampah plastik"" sampah plastik banyak yg daur ulang menjadi sesuatu yg bermanfaat, fyp fbpro kreator ia . . selamat siang kawan."
Neutral,Neutral,Neutral,Positive,"tugas daring sibocil kemarin ""membuat kolase dari plastik daur ulang"",alhamdulillah..sudah sehat lagi setelah beberapa hari sakit . tugas membuatkolase plastikdaurulang kinerjabonus jangkauanluas semuaorang"
Positive,Neutral,Positive,Positive,"[ indonesia darurat sampah plastik ] . hai sohib! . sampah plastik selalu menjadi masalah utama dalam pencemaran lingkungan baik pencemaran tanah maupun laut. sifat sampah plastik tidak mudah terurai, proses pengolahannya menimbulkan toksit dan bersifat karsinogenik, butuh waktu sampai ratusan tahun bila terurai secara alami. . untuk pencemaran di laut, indonesia merupakan penghasil sampah plastik laut terbesar kedua di dunia. penelitian dari uc davis dan universitas hasanuddin yang dilakukan di pasar paotere makassar menunjukkan 23% sampel ikan yang diambil memiliki kandungan plastik di perutnya. . jika diolah dengan baik, sampah plastik daur ulang dapat menghasilkan keuntungan sebesar rp 16.379.472 per bulan dari produksi 48 ton sampah plastik. . pemerintah pusat maupun daerah melakukan berbagai upaya untuk dapat mengurangi dampak negatif sampah plastik. seperti yang dilakukan di bali, tepatnya kabupaten badung, disana dilakukan pengelohan sampah menjadi bahan makar minyak (bbm). begitu juga kota surabaya, diluncurkan suroboyo bus, untuk tiketnya dapat diperoleh dengan menukarkan sampah plastik. . sampahplastik pencemaranlingkungan pencemaran plastikdaurulang suroboyobus"
Neutral,Neutral,Positive,Positive,jemur plastik? face with hand over mouth yang pasti plastik ini mau di daur ulang menjadi sesuatu yg bermanfaat reels tagar fbpro plastikdaurulang
Neutral,Neutral,Neutral,Positive,aneka bunga plastik daur ulang karya siswa smp negeri 2 bunta. reelfbpro monetisasi fyp plastikdaurulang
Neutral,Neutral,Positive,Positive,selamat pagi all yang minat inbox ne tas anyaman dari bahan plastik daur ulang produksi umkm manado/likupang mau request warna juga boleh foto jangkaunluas kerajinantangan tasanyaman plastikdaurulang sorotan monet
Neutral,Neutral,Positive,Positive,demi tugas sekolah ka2k membuat kerajinan daur ulang sampah plastik sachet dihari bumi sedunia nanti tgl 22smiling face with hearts film fyp fbpro monetisasi
Neutral,Positive,Neutral,Positive,chandelier dibangun dari botol pet plastik daur ulang
Neutral,Negative,Negative,Negative,"rak serbaguna 4 susun buana warna harga backhand index pointing right rp. 50.00 diproduksi dari biji plastik bukan plastik daur ulang, hingga lebih kokoh dan tidak mudah pecah, anti rayap, anti lembab, tidak berbau. awas tertipu barang murah tapi mudah pecah dan gampang kendur. 4 susun / tingkat dimensi (pxlxt): 36 cm x 30 cm x 78 cm ada roda nya sehingga mudah di pindahkan.. * modern design * durable material * easy to assemble * making the room tidy ready stock fire"
Positive,Positive,Positive,Positive,"usaha daur ulang plastik botol plastik rongsokan menjadi sapu plastik, masya allah. ini termasuk cara untuk memanfaatkan limbah plastik. jenis plastik yang digunakan adalah botol plastik air mineral, kalau kelasnya masuk jenis pet (polyethylene terephthalate). yang jadi juragan usaha sapu plastik ini adalah mas danang, yang kamis lalu baru saja masuk islam, dengan pengikraran di pesantren darush sholihin. nantikan video usaha mas danang ini di channel rumaysho tv. moga segera tayang insya-allah. —- karangtengah, wonosari, gunungkidul 17 muharram 1442 h"
Positive,Neutral,Positive,Positive,"kamu pasti sering lihat kursi plastik ini di warung makan atau rumah-rumah, tapi tahukah kamu kalau kursi ini bisa dibuat dari sampah plastik daur ulang? recycling symbol dari plastik bekas, dilelehkan, dicetak, sampai jadi kursi yang kuat dan tahan lama! prosesnya bener-bener keren dan gak banyak orang tahu! exploding head menurut kalian, apakah ini solusi bagus buat mengurangi sampah plastik? komen di bawah ya! jangan lupa like, share, dan subscribe biar makin banyak yang peduli dengan lingkungan! seedlinggreen heart hashtag: daurulang sampahplastik recycling ecofriendly plastikdaurulang sustainability gogreen diy faktamenarik shorts"
Neutral,Neutral,Positive,Positive,"hoax beras dari plastik bekas !! ayo membaca dan cek & ricek sebelum ikut-ikutan membagikan konten dengan narasi yang keliru. jika ada mengira video ini adalah proses pembuatan beras palsu dari plastik maka anda keliru. ini adalah video daur ulang plastik. dalam industri daur ulang plastik, plastik bekas (seperti botol, ember, dll.) dicuci, dicacah, dilelehkan, lalu dicetak menjadi butiran kecil yang disebut biji plastik (plastic pellets). biji plastik ini bentuknya mirip beras, sehingga banyak orang yang salah paham kalau itu adalah ""beras palsu"". tapi fungsi biji plastik ini bukan untuk konsumsi, melainkan untuk bahan baku pembuatan produk plastik baru seperti ember, botol, perabot, dan lain-lain. literasiitupenting cekkebenaransebelumshare"
Neutral,Negative,Neutral,Negative,"kantong plastik masih banyak digunakan untuk membungkus daging qurban. namun plastik berpotensi menghasilkan banyak limbah yang yang sulit terurai secara alamiah. saat ini muncul plastik oxodegradable yang disebut dapat terurai lebih cepat. meski demikian, plastik jenis ini sebetulnya adalah plastik konvensional yang diberi tambahan material katalis, agar dapat mengakselerasi fragmentasi plastik menjadi serpihan kecil. jika plastik oxo tidak terbiodegradasi penuh dalam waktu yang cukup, maka timbul resiko masuknya mikroplastik ke dalam lingkungan dan rantai makanan. plastik oxo tidak dapat didaur ulang. kontaminasi plastik oxo terhadap proses daur ulang plastik dapat menyebabkan turunnya kualitas plastik daur ulang. perlakukan plastik oxo plastik biasa. jangan dibuang sembarangan, apalagi ke sungai/ lautan. gunakan wadah alternatif pengganti kantong plastik seperti besek bambu, daun (pisang, jati, pandan), atau wadah makanan. jadikan qurban kita sebagai qurban ramah lingkungan. biro kerja sama, hukum, dan humas lipi"
Neutral,Neutral,Positive,Positive,takjub banget lihat proses pembuatan jaring nyamuk dari biji plastik daur ulang
Neutral,Neutral,Positive,Positive,ready stock biji plastik abs gading abs hitam abs abu semua bahan baku ini diproduksi dari limbah pabrik gagal produksi dari bekas bahan baku original sekali pakai | kualitas alot dan tidak mudah pecah karena masih menyerupai bahan baku original | bagi yang berminat dapat hubungi marketing kami +62 812 8664 0700 | kalau bisa daur ulang untuk apa original gogreen savetheworld greenlifestyle plastikdaurulang lebihbaikdaurulang
Neutral,Neutral,Neutral,Positive,bahan daur ulang plastik bagian 4
Neutral,Neutral,Positive,Positive,daur ulang sampah plastik go green
Neutral,Neutral,Positive,Positive,ide daur ulang terbaik - cara terbaik untuk mendaur ulang ban dan plastik fire:smiling face with heart-eyes:
Neutral,Positive,Neutral,Positive,apakah kamu tahu maksud dari kode nomor pada kemasan plastik? tujuan dari kode nomor itu berguna untuk mengidentifikasi jenis plastik apa yang digunakan pada sebuah produk plastik. berikut terdapat 7 tanda atau simbol daur ulang yang ada pada kemasan plastik: energijatim recycle plastik daurulang plastikdaurulang
Neutral,Positive,Positive,Positive,ide daur ulang tutup botol plastik red heart diy craft tutorial daurulang idekreatif barangbekas tutupbotol hiasandinding
Neutral,Positive,Neutral,Positive,"cari pusat grosir perabotan plastik ramah lingkungan? ijm menawarkan berbagai pilihan menarik untuk memenuhi kebutuhan rumah anda. dari kursi santai hingga meja plastik, semua produk kami dirancang untuk memberikan kenyamanan dan kepraktisan dengan harga terjangkau! dapatkan kualitas tanpa kompromi dan jadikan setiap sudut rumah anda lebih fungsional dan stylish. kelebihan produk kami tidak hanya terletak pada desainnya yang menarik, tetapi juga pada material plastik kuat yang tahan lama dan dari bahan daur ulang berkualitas. dengan proses pengiriman yang cepat dan aman, anda bisa segera menikmati perabotan baru tanpa menunggu lama! jangan lewatkan kesempatan ini untuk mempercantik rumah anda dengan perabotan plastik yang praktis dan ramah lingkungan. kunjungi kami sekarang dan bawa pulang perabotan impian anda! house with gardengreen heartshopping cart perabotanrumah perabotanterjangkau perabotanplastik ramahlingkungan plastikdaurulang perabotanaman perabotanberkualitas rumahminimalis dekorasirumah interiorrumah rumahsehat pilihanhemat furniturerumah perabotrumahmodern ecofriendly produkdaurulang rumahnyaman rumahtangga solusirumah plastikaman desainrumah kebutuhanrumah rumahramahlingkungan furnitureminimalis belanjahemat"
Neutral,Neutral,Positive,Positive,proses daur ulang kantong plastik yang menakjubkan
Neutral,Neutral,Positive,Positive,"siap santai sepanjang waktu? kursi santai plastik ijm adalah pilihan sempurna untuk anda! dengan desain yang mudah ditumpuk dan mampu menahan beban hingga 100 kg, kursi ini cocok untuk segala kebutuhan, baik di dalam maupun luar ruangan. terbuat dari bahan plastik daur ulang berkualitas, anda tidak hanya mendapatkan kenyamanan tetapi juga berkontribusi pada lingkungan! chairsparkles jangan tunggu lagi! klik link di bio dan checkout sekarang di e-commerce ijm! perabotanrumah perabotanterjangkau perabotanplastik ramahlingkungan plastikdaurulang perabotanaman perabotanberkualitas rumahminimalis dekorasirumah interiorrumah rumahsehat pilihanhemat furniturerumah perabotrumahmodern ecofriendly produkdaurulang rumahnyaman rumahtangga solusirumah plastikaman desainrumah kebutuhanrumah rumahramahlingkungan furnitureminimalis belanjahemat"
Neutral,Positive,Neutral,Positive,ho ternyata begini daur ulang botol bekas jadi tali plastik
Neutral,Neutral,Positive,Positive,cara daur ulang plastik bekas jerigen menjadi barang berguna dirumah idekreatif tutorial
Neutral,Positive,Neutral,Positive,proses daur ulang botol plastik
Neutral,Neutral,Neutral,Positive,nadya bikin challenge dari daur ulang plastik
Neutral,Positive,Neutral,Positive,"levi’sregistered berinovasi dengan melakukan wastelesstrade mark yaitu menggunakan botol plastik daur ulang. dalam memproduksi 1 potong celana, levi’sregistered menggunakan 3-8 botol plastik daur ulang untuk produk-produk seperti 511trade mark skinny jeans dan trucker jackets. kamu juga bisa berpartisipasi mendukung wastelesstrade mark dengan melakukan recycle jeans dan mendapatkan voucher hingga rp 250.00 untuk penukaran jeans levi’sregistered lama kamu. cek syarat & ketentuan di"
Neutral,Neutral,Positive,Positive,plastik bekas di daur ulang jadi kursi plastik yang kokoh ilmupengetahuan idekreatif viralvideo fyp fyppage fanpageku fbpro facebook berbayar monetisasi interaksi lampungcintadamai reaction reactionvideo reactionviral tutorial idekreatif uasis
Neutral,Neutral,Positive,Neutral,cara kreatif daur ulang plastik yang perlu anda coba!
Neutral,Positive,Positive,Positive,karya seni daur ulang dari limbah botol plastik
Neutral,Neutral,Neutral,Positive,kacamata hitam paling ramah lingkungan dari plastik daur ulangrecycling symbol glasses
Neutral,Neutral,Neutral,Positive,"banyak cara untuk menyelamatkan bumi. dan tahukah kamu bahwa bravia tv adalah tv yang ramah lingkungan? faktanya: 1. kadar plastik daur ulang ""sorplastrade mark” sony yang tinggi 2. berkat injeksi udara eksternal, bagian resin ditekan oleh udara untuk mengurangi lekukan dan limbah. 3. kemasan ramah lingkungan 4. memberikan kualitas gambar dan penghematan energi yang baik jadi, menikmati tontonan sambil menyelamatkan lingkungan? kenapa tidak! sonybravia sonyindonesia braviaxr tvbravia"
Positive,Positive,Positive,Positive,"referensi kostum daur ulang dari kresek dan tutup botol plastik. buat kamu yang bingung cari ide kostum daur ulang, untuk event sekolah, karnaval,dll semoga menginspirasi..hand with index finger and thumb crossed fyp jangkauanluas viral"
Neutral,Positive,Neutral,Positive,"genox single shaft shredder v600 fire punya limbah plastik menumpuk? atau ingin mulai usaha daur ulang? light bulb genox v600 adalah solusi tepat untuk anda! glowing star keunggulan genox v600: check mark button bisa hancurkan berbagai jenis plastik (hdpe, pp, pet, dll) check mark button mesin kuat & awet, cocok untuk kerja berat check mark button hemat energi & perawatan mudah check mark button efisiensi tinggi, hasil potongan rapi & merata check mark button cocok untuk industri daur ulang skala kecil hingga menengah dengan genox v600, proses daur ulang jadi lebih cepat dan menguntungkan! money bag telephone receiver tertarik? tanya harga & info lengkap sekarang! 0812293309009 085211603197"
Positive,Positive,Positive,Positive,memberikan pelatihan kepada para bunda rumah cerdas di kec. mojolaban sukoharjo . . membuat kerajinan daur ulang sampah dari botol sprite bekas dan bungkus plastik kemasan . . botol kemasan di buat menjadi bunga dan bungkus plastik dibuat gantungan kunci bentuk ikan . . semoga ilmu yang di berikan berguna dan selalu digunakan untuk menambah hiasan rumah dan mendapat tambahan rejeki . . kapan tempat kamu mengundang kami folded handsfolded hands . . terima kasih rumah cerdas telah mengundang kami handshake . distro daur ulang sampah solo pelatihandaurulang pelatihankreasisampah belajarkreasisampah belajardaurulang bungadaribotolbekas kursuskreasidaurulang plastikdaurulang galeridaurulangsampah daurulanglimbahplastik belajarkreasidaurulang pelatiahnkreasidaurulang daurulangbotolsprite kemasanbungkus plastikbungkus daurulangsampah distrodaurulangtokodaurulang ramahlingkungan kerajinandaurulang sampahbawaberkah daurulanglimbahplastik recycleplastic limbahplastik manfaatsampah
Neutral,Neutral,Neutral,Positive,membuat jalan dengan balok-balok yang terbuat dari plastik daur ulang
Neutral,Neutral,Positive,Positive,bangku unik dari sampah plastik daur ulang di belanda daurulang sustainability belandahijau inovasiramahlingkungan ecofriendly plastikdaurulang desainberkelanjutan virtualbrowsing
Neutral,Neutral,Positive,Positive,"nama produk : plastik bahan daur ulang kode produk : plastik03 informasi produk 1. bahan : - terbuat dari daur ulang plastik kemasan nabati - anti air 2. fungsi : - bahan daur ulang - bisa membuatn produk daur ulang sendiri - karya sanitasi - koleksi 3. ukuran : p x l ( 130cm x 80cm) 4. cocok untuk kegiatan sehari - hari, souvernir, kegiatan kemasyarakatan, dll 5.harga normal rp. 16.00,- harga spesial hari ini untuk anda diskon 30%, harga menjadi rp. 13.00,- ( belum ongkir ) order pesanan gunakan wa, tulis : [ nama + no. hp + kode barang + nama barang + alamat lengkap ] admin online : fast respon : chat whatsapp : 0811 - 355 - 66 - 4 online order : senin - minggu ( 09.00 - 17.00 ) store fisik & pengiriman : distro daur ulang sampah solo jl. larasati 1 no. 12 kec. serengan kota solo follow kami juga di=> •facebook : distrodaurulangsampah •instagran : anda mengalami kendala dalam order atau komplain silahkan hubungi tim support kami : 0821 - 3751 - 6256 ( wida ) ==> senin - minggu ( 09.00 - 21.00 ) plastik bungkusplastik bungkuskopi daurulangbungkusplastik bahandaurulang plastikdaurulang daurulanglimbahplastik kreasidaurulang bungkusmilo bungkusnabati bungkusdaurulangsampah distrodaurulangtokodaurulang ramahlingkungan kerajinandaurulang sampahbawaberkah daurulanglimbahplastik recycleplastic limbahplastik manfaatsampah"
Neutral,Neutral,Positive,Neutral,"menilik uniknya ajang balap perahu yang manfaatkan limbah plastik di uganda uganda mengadakan balapan perahu plastik daur ulang pada sabtu (22/2) sebagai bagian dari upaya yang sedang dilakukan untuk memerangi pencemaran air. acara tersebut digelar di danau victoria dekat distrik wakiso di uganda tengah, menarik peserta dari berbagai sekolah dasar dan menengah yang berlokasi di sekitar perairan itu. romina wilke koehler, anggota dewan dari 7 hills international school, yang merupakan salah satu penyelenggara acara tersebut, mengatakan ini adalah edisi keempat dari ajang balapan itu. ""kami bertanya kepada setiap sekolah bagaimana mereka akan membuang plastik (yang digunakan). kami tidak ingin mereka mengumpulkan plastik kemudian membuangnya lagi,"" jelas koehler. dia menyebutkan bahwa sejumlah sekolah telah mengembangkan cara-cara inovatif untuk mendaur ulang sampah plastik, mengubahnya menjadi kerajinan tangan, kursi, dan meja. ""kita perlu menemukan cara untuk mengurangi pencemaran pada perairan kita. kita bergantung pada air untuk penghidupan, jadi sangat penting untuk berbicara dengan generasi penerus kita tentang cara melindunginya (perairan),"" ujarnya. koehler menyatakan optimismenya bahwa lebih banyak orang akan berkontribusi dalam mengurangi polusi melalui inisiatif seperti ini. peter julius ogenrwot, seorang guru dari sekolah menengah chrysalis di distrik omoro, uganda utara, mengatakan bahwa mereka mendengar tentang acara tersebut dari media sosial dan memutuskan untuk berpartisipasi. ""kami memulai dengan klub daur ulang, dan kini kami membuat kursi dan tempat sampah dari botol plastik yang dikumpulkan dari sekitar sekolah,"" ujarnya. dia menekankan bahwa ajang balap perahu ini memberikan kesempatan bagi para siswa untuk memahami pentingnya konservasi air dan daur ulang sampah plastik."
Positive,Positive,Positive,Positive,"pet ( polyethylene terephthalate) plastik digunakan untuk membuat wadah paling umum di pasar minuman ringan saat ini, yaitu botol plastik. kode 1 dengan tulisan pet/pete berarti kemasan plastik tersebut terbuat dari polyethylene terephthalate. kemasan ini tahan panas dan tidak mudah pecah. saat ini kemasan pet menjadi primadona di industri daur ulang. tapi bukan berarti penangan pet ini mudah, karena rata-rata sampah belum terpilah jadi harus dipilah dulu, dan yang pasti desain kemasan yang saat ini banyak beredar masih sulit jenis botol ini untuk bisa langsung didaur ulang, harus melalui proses lepas tutup dan lepas label terlebih dahulu. redesign kemasan salah satu solusi mempercepat proses daur ulang pet dengan menghindari label multilayer . dan yang pasti upaya mengurangi sampah adalah solusi terbaik, apalagi bisa ga nyampah . yuuk kurangi sampahmu! kalau bisa ga nyampah jangan nyampah - wilda yanti-"
Positive,Neutral,Positive,Positive,gemoy bangett sihh grinning face with sweat fashion show anak2 tema daur ulang plastik
Positive,Positive,Positive,Positive,"yuk, setor sampah kamu ke waste station dan ! hasil barang bekas yang disetor di sini akan didaur ulang menjadi berbagai barang berguna, seperti inovasi botol aqua life, yang terbuat dari 100% terbuat dari plastik daur ulang dan 100% dapat di daur ulangrecycling symbol jangan lupa, apapun aktivitasmu aquadulu! aqua, murni dan terlindungi blue heart sehataqua bijakberplastik aquadulu aqualife"
Neutral,Positive,Positive,Positive,kiat daur ulang untuk memberikan kehidupan baru pada botol plastik anda!
Positive,Positive,Positive,Positive,"dalam mengalirkan kemurnian hidrasi sehat, aqua memiliki komitmen dalam mendukung tumbuhnya ekonomi sirkular untuk kemasan plastik di indonesia, dengan menghadirkan inovasi botol terbuat dari 100% plastik daur ulang dan 100% dapat di daur ulang yang transparan dan pertama di indonesia. berawal di bali, kini kebaikan alam dan kebaikan hidup terus dialirkan dan telah mencapai ibu kota. aqualife temukan aksi nyata komitmen bijakberplastik aqua di supermarket terdekat!"
Neutral,Neutral,Neutral,Positive,cara membuat bunga unik dari plastik bekas craft tutorial daurulang kerajinantangan
Positive,Positive,Positive,Positive,sampah plastik jadi limbah sampah plastik jadi gaun cuan gebrakan yang sangat menginspirasi ini datang dari bareng adik-adik berkebutuhan khusus menciptakan gaun indah mendulang cuan dari daur ulang sampah botol plastik. yuk simak di video inspirasi berani berubah program kolaborasi bersama media digital dan beraniberubah perubahanperilaku inspirasi umkm
Negative,Negative,Negative,Negative,"indonesia masih menghadapi masalah sampah botol plastik. pihak amdk, aqua mengungkap tantangan yang dihadapi soal daur ulang botol plastik air mineral."
Positive,Neutral,Positive,Positive,"ubah sampah plastik jadi rebricks, material bangunan ramah lingkungan siapa sangka sampah plastik bisa menjadi material bangunan yang kuat dan berkelanjutan? inilah rebricks, inovasi brilian anak bangsa yang mengubah limbah plastik menjadi paving block, hollow block, dan ventilation block tanpa proses pembakaran. berkat inovasi ini, rebricks berhasil meraih juara 1 housing related innovation – established business dalam btn housingpreneur, sebuah ajang kompetisi dari btn untuk mendorong inovasi di sektor perumahan. btnhousingpreneur hgcthi"
Neutral,Negative,Negative,Negative,"solusi polusi plastik: plastik ‘biodegradable‘, desain produk ramah daur ulang atau mengurangi konsumsi plastik??"
Neutral,Positive,Positive,Positive,"belajar ecobrick yuk.. !! selama ini banyak pengolahan sampah plastik yang tidak ramah lingkungan, salah satunya dengan membakarnya. plastik yang dibakar akan mengeluarkan molekul dioxin yang beracun yang selanjutnya dapat dibawa oleh hujan dan dapat meracuni sumber air. russel maier, pemerhati lingkungan asal kanada memperkenalkan metode baru pengolahan sampah plastik. metode pengolahan plastik yang kreatif itu bernama ecobrick yang dapat menghasilkan berbagai barang bermanfaat. contoh kursi dan meja hasil pemanfaatan ecobrick. ecobrick merupakan bata ramah lingkungan terbuat dari botol yang diisi dengan sampah plastik hingga padat. pembuatan ecobrick sendiri ternyata tidak sebentar. walaupun prosesnya terlihat sederhana, sebuah botol plastik ukuran 600 mililiter dapat diisi sekitar 250 gram sampah plastik atau setara dengan 2500 lembar plastik bungkus mie instan. telah banyak workshop yang dilakukan russel dan teman-temannya di indonesia guna memperkenalkan masyarakat tentang metode ecobrick in, salah satu acara yang memperkenalkan metode ini adalah east java ecobrick expedition yang dimulai awal februari 2017 lalu. botol-botol hasil ecobrick sendiri dapat dirangkai dengan lem dan dibentuk menjadi kursi, meja, dan bahkan bisa dimanfaatkan sebagai bahan untuk pembuat tembok selayaknya batu bata. russel mengaku dirinya bersama teman-temannya telah mampu membuat rumah, taman, meja, dan kursi di filipina dengan metode ini. metode ini sendiri juga membantu mengurangi sampah individu, rumah tangga, dan masyarakat luas tanpa harus mengeluarkan biaya besar. mengingat cara yang mudah dan biaya yang terjangkau, ecobrick sangat cocok untuk dilakukan di indonesia. pada tahun 2016 lalu indonesia menduduki peringkat kedua di dunia sebagai penghasil sampah plastik ke laut setelah tiongkok. adanya metode ecobrick ini dapat menjadi salah satu solusi indonesia meninggalkan “prestasi” tersebut. liat petunjuknya digambar bawah ini yaa photos diambil dr berbagai sumber thumbs up ecobrick pedulisampah kurangisampahplastik janganbuangsampahsembarangan banksampah caralainmencintailingkungan janganlupabahagia"
Neutral,Neutral,Neutral,Positive,proses pengolahan sampah plastik menjadi bahan bangunan (paving). biasanya gess.. sekarang teman-teman..
Positive,Neutral,Positive,Positive,pengolahan sampah plastik bagian opening beaming face with smiling eyesred heart semangat anak muda kub st. fransiskus red heart teruslah menjadi anak yang kreatif dan selalu ingin belajar hal baru. fyp sorotan pengolahansampahplastik
Neutral,Neutral,Positive,Positive,"sangat keren, sangat inspiratif, sangat bisa memberi solusi untuk penanganan sampah plastik yg semakin merajalela.. luar biasa thumbs up"
Neutral,Neutral,Positive,Positive,proses pengolahan sampah plastik yg sederhana..tapi bermanfaat vod tayangan
Neutral,Neutral,Neutral,Neutral,pengolahan sampah plastik smk muhammadiyah pekalongan
Positive,Positive,Neutral,Positive,sore juragan.. pesenan mesin plastic melter ( pengolahan sampah plastik menjadi paving block plastik) dan mesin press hidrolik botol plastik untuk juragan dari halmahera bp. samsul. monggo bagi desa / lembaga bundesliga maupun posyantek yg berminat dengan teknologi pengolahan sampah bisa merapat ke kubajatani. terimakasih.. kubajatanidemak kubajataniteknik kubajatanimachinery kubajataniindonesia kubajataniengineering kubajatani mesinpresshidrolik pressbotolplastik presshidrolik plasticdensifier plasticmelterkubajatani plasticmelter melter pengolahansampahplastik mesinpengolahansampah bumdes dlh dpkplh teknologitepatguna mesinpertanian mesinindustri pavingblockplastik pencetakpavingplastik
Positive,Neutral,Positive,Positive,siap utk dikumpul besok tugas sekolah habibi pengolahan sampah plastik ecobrik
Neutral,Neutral,Positive,Positive,"alternatif pengolahan sampah jadi bbm nih guyss.. dengan proses pyrolysis menggunakan sistem destilasi kering, yaitu pembakaran dengan oksigen sangat ringan. alat ciptaan dimas ini dapat menghasilkan 1 liter minyak mentah dari 1 kg sampah plastik. mesin sederhana tersebut memiliki kapasitas hingga 20 liter sampah plastik dan membutuhkan waktu kurang lebih 1 jam untuk mengolahnya menjadi minyak mentah. sumber: rilis.id . bbm pyrolysis sampahplastik gasmentah manfaatsampah surabaya minyakmentah sampahjadibbm hematminyak"
Neutral,Neutral,Neutral,Positive,proses perakitan bahan pengolahan sampah plastik menjadi minyak kreatorpemula jangkauanluas
Positive,Neutral,Positive,Positive,yuk lihat bagaimana pengolahan sampah plastik dan limbah pertanian bisa menjadi barang bernilai ekonomis. solusi untuk jembrana dalam penyelamatan lingkungan dan meningkatkan pendapatan petani. jembranakembalijaya jembranamaju
Neutral,Positive,Positive,Positive,"tahukah bahwa perusahaan jerman Germany juga turut serta dalam pengolahan sampah plastik di indonesia? kami mengunjungi fasilitas alba tridi di tangerang untuk melihat langsung proses pengubahan botol pet menjadi serpihan plastik, yang dapat diolah kembali menjadi produk baru. alba tridi sendiri merupakan joint venture antara alba dari jerman dan tridi oasis group, startup daur ulang asal indonesia. terima kasih atas tur dan diskusi menarik dengan kami dari kedubes jerman, dan sukses bagi kontribusi alba tridi demi kelangsungan bumi recycling symbol:globe showing Asia-Australia:"
Positive,Neutral,Positive,Positive,"workshop pengolahan sampah plastik dimulai satu jam dari sekarang, don’t missed it! video source: repost id ・・ repost ( repost) ・・ opinibergerak komunitas get plastic buat alat pengolah sampah plastik jadi bbm . . getplastic gerakantarikplastik pedulisampahplastik bebassampahplastik penghasilenergi lingkungankita indonesiabebas sampahplastik sadarlingkungan planetearth innovation energy ecosystem"
Neutral,Positive,Neutral,Positive,"setiap hari, ratusan botol plastiksake disortir dan ‘dikupas' di hub pengolahan sampah plastik yang terletak di bekasi, jawa barat. botol-botol plastik ini harus ‘dikupas' dengan cara membuang label dan tutup botolnya, sebelum akhirnya diolah jadi komoditas cacahan plastik yang bisa mendulang untung hingga ratusan juta rupiah per bulan. sakinah yang telah menghabiskan lebih dari 40 tahun hidupnyawoman white hair menjadi pemulung, akhirnya bergabung dengan tempat pengolahan sampah kitaolah.id pada 2021. bersama 13 pengupas botol sebaya dengannya, mereka ingin tetap bekerja di tengah keterbatasan usia yang tak lagi muda. ""dulu masih kuat, mau mulung dari pagi sampai malam juga enggak masalah, tapi sekarang stamina sudah enggak kayak dulu. ‘kan tetap butuh makan."" sembari bekerja sebagai pengupas botol, sakinah dan pekerja lain juga kerap mendapat edukasi tentang pemilahan sampah, ""kadang kami juga diajarin gimana memilah sampah, kalau ada sampah dikumpul, jangan dicampur. kalau sudah banyak bisa ditukar."" meski secara penghasilan terbilang lebih sedikit, sakinah mengaku bersyukur dan sangat menikmati rutinitasnya di kitaolah.id. ""kalau dulu memang duitnya agak lebih besar, tapi risikonya juga besar. setiap hari ada target harus mengumpulkan sampah berapa banyak, kami harus panggul sendiri untuk dibawa ke pengepul."" ia juga menambahkan, ""belum lagi risiko kaki ketusuk beling, kawat, dan benda-benda tajam lainnya. kalau di sini kan lebih aman."" sakinah mengaku, di sini pekerjaannya tak terlalu ngoyo. ""suka diingetin, kalau capek ya istirahat jangan dipaksain. tiap jam 12 siang dapat istirahat satu jam, kalau masih jadi pemulung boro-boro ada istirahat,"" tambahnya. baca kisahnya:"
Neutral,Neutral,Neutral,Positive,"mesin pirolisis untuk pengolahan bbm sejenis solar dan premium dari sampah plastik , untuk yang berminat bisa menghubungi 085959761485"
Positive,Neutral,Positive,Positive,pengolahan sampah plastik smiling face with hearts kelas 4 mi cisaga 1
Neutral,Neutral,Neutral,Positive,presentasi hasil pengolahan sampah plastik dari anak kelas 1 sd videoondemand vod presentasi sampahplastik pengolahansampahplastik anakkelassatusd viral fyp
Neutral,Neutral,Positive,Positive,"p5, pengolahan sampah plastik menjadi hasil karya"
Neutral,Neutral,Neutral,Positive,"kunjungan pengelola bank sampah mepokoaso, konawe sultra. melihat secara langsung proses pengolahan sampah plastik menjadi bbm"
Neutral,Positive,Positive,Positive,"bikin pot cantik dari botol bekas, dapat potnya dapat membantu pengolahan sampah plastik menjadi lebih bermanfaat potplastik potunik potbotol sampahplastik mengolahsampahplastik fyp reel viral tips"
Positive,Neutral,Neutral,Positive,𝐈𝐧𝐯𝐞𝐬𝐭𝐨𝐫 𝐒𝐞𝐠𝐞𝐫𝐚 𝐁𝐚𝐧𝐠𝐮𝐧 𝐏𝐚𝐛𝐫𝐢𝐤 𝐏𝐞𝐧𝐠𝐨𝐥𝐚𝐡𝐚𝐧 𝐒𝐚𝐦𝐩𝐚𝐡 𝐏𝐥𝐚𝐬𝐭𝐢𝐤 𝐊𝐚𝐩𝐚𝐬𝐢𝐭𝐚𝐬 𝟐𝟎 𝐓𝐨𝐧 setelah membangun pabrik pengolahan sampah plastik menjadi bahan bakar minyak (bbm) jenis solar di science technology and industrial park (stipark) banyumulek kapasitas 1 ton per hari. pt. geo trash management (gtm) selaku investor akan mengembangkan pabrik skala besar di wilayah tpa regional kebon kongok kapasitas 20 ton per hari.
Positive,Neutral,Positive,Positive,"pak min adalah pejuang lingkungan. ia mencoba mengolah sampah plastik yang dikumpulkan untuk didaur ulang menjadi barang yang lebih berguna. . salah satu mimpinya ingin punya tempat pengolahan sampah plastik secara mandiri. pak min ingin bisa memberikan manfaat bagi masyarakat di sekitar dan juga lingkungan. sayangnya, peralatan dan lahannya butuh biaya yang cukup besar. . ayo kita berdonasi untuk ikut menjaga lingkungan bareng pak min dengan cara, klik: bit.ly/pakminfb . sampaikan juga semangatmu untuk pak min dengan cara, ketik: “pak min hebat” di kolom komentar! . jumatberkah lingkungan plastik daurulang kitabisa orangbaik"
Positive,Neutral,Neutral,Positive,"ubah sampah menjadi minyak tanah ditengah gejolak sampah yang masih belum teratasi, adalah suratno, warga padukuhan siten, sumbermulyo, bambanglipuro yang sekaligus ketua bank sampah gerbang pilah berhasil mengubah sampah plastik yang tidak laku dijual diolah menjadi minyak tanah yang dapat dijual dan digunakan kembali oleh warga sekitar. menurut suratno, pengolahan sampah plastik menjadi minyak tanah ini adalah riset dari salah satu dosen universitas di yogyakarta november 2019 silam. sampah-sampah yang masuk dipilah. kemudian sampah plastik yang tidak laku dijual, diolah menggunakan alat pemanas pada suhu 400 derajat celcius hingga menjadi minyak tanah. “daya tampung alat hanya 20kg. dari 20 kg sampah plastik ini jika dirata-rata dapat menjadi 12 liter minyak tanah,” ujar suratno. suratno juga bercerita, karena keterbatasan tenaga dan alat, untuk sementara minyak tanah hasil olahan ini hanya dijual kepada anggota kelompok saja. aksi suratno dan kelompoknya ini diharapkan dapat menjadi contoh kepada masyarakat luas untuk terus melakukan inovasi dalam mengolah sampah. dari sampah menjadi berkah."
Positive,Neutral,Positive,Positive,walau masih manual.. perlahan tapi pasti.. pengolahan sampah plastik.. untuk menciptakan lingkungan bersih/bebas sampah plastik
Positive,Neutral,Positive,Positive,"kudus, isknews.com – pengolahan sampah plastik di kudus semakin berkembang dan membuka peluang ekonomi bagi masyarakat. sunarto, anggota dprd kudus dari fraksi pdip yang juga mengelola salah satu pusat pengolahan sampah plastik di daerah tersebut, menjelaskan bahwa permintaan terhadap plastik daur ulang terus meningkat, terutama dari industri di jepara dan solo. menurut sunarto, proses pengolahan sampah plastik dimulai dengan pengumpulan dari para pemulung dan warga yang secara mandiri mengumpulkan plastik bekas.."
Positive,Neutral,Positive,Positive,"mini vlog kali ini aku diajak ke lokasi pengolahan limbah sampah yang dapat diubah menjadi furniture, bahan untuk membangun rumah (tempat tinggal), media tanam dan pupuk. inovasi anak bangsa sendiri. luar biasa salut banget. bangga euy beaming face with smiling eyes aku cukup tertarik dengan rumah yang bahannya dari olahan limbah plastik ini. kita tidak usah parno masa sih ada rumah yang bahannya dari limbah plastik ? kenyataannya ada dan terbukti kuat dari gempa dan badai serta tahan api, jadi tidak mudah terbakar. terus aku tanya apakah panas atau ada efek radiasi dan lain sebagainya. orang ini menjelaskan kalau aman sekali karena sudah teruji secara klinis dan bahannya adem, rumah gak panas. boleh dicoba juga nih inovasi ini face with rolling eyesbeaming face with smiling eyes senang rasanya kalau indonesia memiliki inovasi sendiri untuk mengatasi masalah sampah ini. permasalahan sampah selalu menjadi permasalahan di belahan dunia manapun setiap harinya. bila kita sudah bisa mengatasinya. kenapa tidak kita support ? ayo semangat flexed biceps. sampahplastik klaten, 06 apr’25"
Neutral,Negative,Positive,Negative,"angin semilir membawa aroma kompos dari bilik-bilik pengolahan sampah makanan di perumahan jatinegara baru, jakarta timur. “aromanya seperti tape. ada [aroma] asam yang enak, ada aroma manis. bukan bau busuk,” kata shanty syahril, koordinator koperasi kompos di perumahan itu. “kalau dikelola dengan benar, sampah dapur itu ternyata enggak bau busuk. seperti kita melakukan fermentasi,” imbuhnya. shanty memulai inisiatif mengompos di garasi rumahnya pada 2021. saat hidup melambat karena pandemi, ia mengaku banyak orang mulai rajin berkebun, termasuk dirinya. dia juga mulai mengolah sampah makanan dari rumahnya sendiri. lama-kelamaan, aktivitas ini dilakukan bersama-sama. sampai 30 rumah bersedia untuk bergabung,” ujar shanty, yang mengatakan komunitas ini berkembang begitu cepat, sampai-sampai garasi rumahnya tak lagi cukup untuk mengolah sebanyak itu itu sampah makanan. pada 2023, pihak rw setempat mengizinkan shanty dan para ibu yang tergabung dalam koperasi kompos untuk menggunakan sebidang tanah yang kini menjadi ‘taman kompos’. jauh dari kumuh, taman yang ada di tengah-tengah perumahan itu tampak bersih dan rapi. saat ini, dari 450 rumah yang ada di kompleks perumahannya, sudah ada 150 rumah yang berkontribusi. dalam sepekan, setidaknya 500 kg sampah makanan dikumpulkan oleh pada pekerja koperasi kompos. memilah sampah dapur pun sudah menjadi kebiasaan dan tidak dianggap “ribet” di sini. safroni, misalnya, punya tiga buah tempat sampah di dapurnya. satu tong untuk sampah organik seperti kulit buah dan sisa sayuran, satu tong untuk sampah plastik, dan satu tong lainnya untuk sampah kertas. “saya menanamkan pada anggota keluarga di rumah. kalau kita buang begitu saja, kita hanya memindahkan sampah. kalau dipilah, sampah organik jadi kompos, sampah anorganik bisa diterima pemulung,” bebernya. sampah organik dari warga ini kemudian dicampur ke dalam bilik-bilik tempat ‘memasak’ sampah makanan menjadi kompos. dengan termometer, shanty menunjukkan suhu sampah yang diproses itu menunjukkan 65-70 derajat celcius. “artinya, proses kompos sedang berlangsung,” kata shanty. kompos yang dihasilkan kemudian dibagikan kembali sebagai pupuk untuk warga. sebagian kecilnya dijual ke rw setempat untuk memupuk taman-taman komunal di perumahan. shanty mengakui, penjualan pupuk kompos ini tak seberapa. dana operasional koperasi kompos pun masih berasal dari kocek pribadi shanty dan para donatur. namun, uang memang bukan tujuan utama dirinya membentuk inisiatif ini. “kalau ingin mengurangi sampah, yang harus dikelola itu sampah makanan. selama ini yang ‘naik daun’ daur ulang dari bahan-bahan anorganik. sampah makanan dipandang sebelah mata,” dia berujar. padahal, menurut dia, lebih mudah mencegah pemakaian sampah anorganik seperti plastik. “sementara kita tidak bisa hidup tanpa makan.” sumber : bbc news indonesia"
Positive,Neutral,Positive,Positive,"yayasan get plastic berhasil ubah sampah plastik jadi bbm di bali, 1 kg sampah hasilkan solar sampah plastik yang sampai saat ini menjadi perhatian serius pemerintah ternyata bisa diolah untuk dijadikan bahan bakar minyak (bbm). bahkan 1 kg sampah plastik bisa menghasilkan 1 liter solar. namun tidak menutup kemungkinan juga bisa dijadikan premium. hanya saja jumlahnya tidak sebanding dengan pengolahan berupa solar. asisten manajer get plastic, raissa kanaya saat ditemui rabu 17 juli 2024 mengatakan, jika pengolahan sampah plastik menjadi solar sudah dilakukan dari tahun 2016. menurutnya, proses pengolahan sampah plastik menjadi bbm ini menggunakan metode pirolisis. raissa mengaku meski bisa diolah menjadi bbm namun dirinya saat ini pengolahan fokus dijadikan solar. sebab hasilnya lebih banyak dibandingkan menjadi premium atau pertamax. sampah plastic solar premium pertamax editor video : i nyoman suryatmika arisaputra (nsa)"
Neutral,Neutral,Positive,Positive,"pengolahan sampah plastik menjadi bahan bakar minyak dengan cara penyulingan. akan menghasilkan minyak solar, minyak tanah dan minyak bensin dan juga bisa menghasilkan gas yg bisa di salurkan ke kompor. salam literasi. backhand index pointing upgrinning squinting face everyone"
Positive,Neutral,Positive,Neutral,"sosialisasi pengolahan sampah plastik di negeri mahu, saparua timur, bersama-sama dengan masyarakat dan pemerintah. gogreen"
Positive,Positive,Positive,Positive,save di sini dulu beberapa kerajinan dari botol plastik bekas sekaligus bisa jadi referensi buat p5 terutama berkaitan dengan pengolahan sampah (botol plastik bekas)
Positive,Neutral,Positive,Positive,ini adalah sampah masyarakat..eh maksudnya sampah dari masyarakat. belajar pengelolaan sampah di banyumas dampak dari kondisi darurat sampah di kudus beberapa saat lalu. belajar banyak dari pak kepala dinas lingkungan hidup kab banyumas. pengolahan sampah menjadi bahan alternative pengganti batubara dan juga sampah plastik menjadi plastic paving block. luar biasa..
Neutral,Neutral,Neutral,Positive,"pengolahan sampah tema: pengolahan sampah plastik menjadi biji plastik nama: prety oktaviana nim:1321154029 kelas: mpk-6b dosen pembimbing: ibu delvia apalem st, mt politekniknegeriambon tekniksipil manajemenproyekkonstruksi rekayasalingkungan"
Positive,Positive,Positive,Positive,"kode angka yang tercetak di bawah botol atau kemasan plastik adalah kode identifikasi plastik yang disebut sebagai resin identification code (ric). kode ini biasanya terdiri dari tanda panah segitiga yang mengelilingi angka tertentu, yang menunjukkan jenis plastik yang digunakan. kode ini membantu dalam proses daur ulang dan pengolahan sampah plastik karena memungkinkan identifikasi jenis plastik yang digunakan, yang pada gilirannya mempengaruhi kemungkinan dapat didaur ulang atau tidak. koderic daurulang sampahplastik"
Positive,Positive,Positive,Positive,"kurangi gunungan sampah di gili trawangan, dinas lh klu tingkatkan pengolahan sampah di tpst dinas lingkungan hidup kabupaten lombok utara (dinas lh klu) terus berupaya mengatasi permasalahan sampah di kawasan wisata gili trawangan dengan meningkatkan pengelolaan di tempat pengolahan sampah terpadu (tpst). salah satu langkah konkret yang telah dilakukan adalah menempatkan mesin pencacah sampah untuk mempercepat proses pemilahan dan daur ulang. dengan adanya mesin ini, sampah plastik dan beling dapat dicacah dan diolah menjadi batako serta paving blok, sehingga tumpukan sampah yang selama ini menggunung dapat dikurangi secara signifikan. sebelum ada alat ini, hanya sekitar 2-3 ton sampah yang bisa dikelola per hari. namun, setelah mesin pencacah beroperasi, kapasitas pengelolaan meningkat menjadi 15 ton per hari. upaya ini tidak hanya melibatkan pemerintah daerah tetapi juga bekerja sama dengan kelompok swadaya masyarakat forum masyarakat peduli lingkungan (ksm fmpl) trawangan. dengan sinergi yang baik, diharapkan keberlanjutan pariwisata di gili trawangan tetap terjaga, karena kebersihan dan kelestarian lingkungan adalah faktor utama daya tarik wisata. ke depan, dinas lh klu juga berencana mengadakan mini excavator senilai rp500 juta untuk semakin mengoptimalkan pengelolaan sampah di kawasan wisata ini. semoga langkah ini bisa menjadi solusi jangka panjang dalam menjaga keindahan gili trawangan! pushpin sumber: times indonesia"
Positive,Neutral,Neutral,Neutral,perlu dikembangkan pengolahan sampah plastik
Positive,Neutral,Positive,Positive,"desa sidorekso di kudus mengolah sampah plastik menjadi bahan bakar melalui proses pirolisis. sampah plastik yang sulit diurai tanah diolah menjadi bahan bakar yang setara dengan solar dan bensin. proses pirolisis ini menggunakan alat yang disebut pirolisis, yang dapat mengubah sampah plastik menjadi bahan bakar. alat ini didatangkan dari banjarnegara dan dioperasikan oleh ahli dari banjarnegara, rahman. dalam proses pirolisis, sampah plastik dipanaskan pada suhu tinggi sehingga menghasilkan bahan bakar. bahan bakar yang dihasilkan kemudian dijernihkan menggunakan bentonit untuk menghilangkan kotoran. pemerintah desa sidorekso berencana untuk mengembangkan pengolahan sampah plastik menjadi bahan bakar sebagai sumber pendapatan desa. mereka juga berencana untuk mengolah sampah organik menjadi pupuk kompos. dengan demikian, desa sidorekso dapat mengurangi masalah sampah plastik dan menghasilkan pendapatan dari pengolahan sampah. ini merupakan contoh baik dalam mengelola sampah dan menghasilkan pendapatan desa. inspirasi inovasi"
Neutral,Positive,Positive,Positive,"dari pengolahan sampah bekas, minuman mineral gelas bahan plastik, menghasilkan karya seni yang luar biasa, juga dapat difungsikan sesuai dengan kegunaannya. bravo ibu ibured heartred heartred heart semangat iburumahtangga kreatifitas menambahincamkeluarga daurulang karyaseni"
Positive,Neutral,Positive,Positive,"yspcmotor.blogspot.com - teknologi pengolahan sampah plastik di jerman yang canggih lur, semoga menginspirasi & banyak digunakan di berbagai negara, keren.. :smiling face with heart-eyes:face blowing a kissthumbs up pengolahansampahplastik jerman sampahplastik zerowaste"
Positive,Neutral,Positive,Positive,"pengolahan sampah plastik menjadi bbm, alternatif mengatasi permasalahan sampah plastik dan ketahanan energi semuaorangツ bbm limbahplastik"
Positive,Neutral,Neutral,Positive,"sangat menarik untuk disimak,tempat pengolahan sampah di dalam kapal pesiar,untuk kapasitas lingkungan lebih dari 500 orang,hanya diperlukan kurang lebih 3 are lahan pengolahan,disini ada mesin pengepresan plastik,kaleng,pencacah plastik keras,pembakar kertas,tempat organik,serta pengolahan air ,semoga menispirasi folded hands sampah pengolahansampah environmental"
Positive,Neutral,Positive,Neutral,"mahasiswa itn malang teliti efisiensi conveyor pengangkut sampah plastik untuk daur ulang optimal itnmalangnews – meningkatnya volume sampah plastik menjadi perhatian serius di berbagai wilayah. berbagai upaya dilakukan untuk mengurangi sampah plastik, salah satunya dengan mendaur ulang. harapannya bisa mengurangi sampah plastik di tempat pembuangan sampah, sekaligus menghasilkan produk baru. untuk memudahkan proses daur ulang, di tempat daur ulang dibutuhkanlah conveyor (mesin pengangkut). ruben tiofanto hutabarat, lulusan terbaik program studi teknik mesin s-1, fakultas teknologi industri (fti), institut teknologi nasional malang (itn malang) melakukan penelitian mendalam untuk menganalisis bagaimana beban yang diangkut mempengaruhi kinerja mesin pengangkut (conveyor) pada mesin pencacah sampah plastik. penelitiannya ini berangkat dari kesadaran bahwa pengolahan sampah plastik menjadi partikel kecil melalui mesin pencacah merupakan langkah penting dalam proses daur ulang. mesin conveyor sendiri berperan penting dalam memindahkan sampah plastik menuju mesin pencacah. dibawah bimbingan dosen dr. eko yohanes setyawan, st., mt., penelitian ini bertujuan untuk mengetahui secara pasti bagaimana variasi berat sampah yang diangkut dapat mempengaruhi kecepatan dan efisiensi kerja conveyor. ""dengan memahami pengaruh beban terhadap kinerja conveyor, maka bisa mengoptimalkan proses daur ulang. sehingga dapat meningkatkan produktivitas dan mengurangi beban kerja manual dalam memindahkan sampah,"" ujar ruben. peraih ipk 3,29 ini ikut diwisuda pada wisuda ke 73 periode 1 tahun 2025. penelitian ruben melibatkan perancangan dan pengujian mesin conveyor pencacah sampah dengan berbagai material seperti besi siku, besi kanal u, gear, rantai, bearing, dan motor penggerak. proses pengujian dilakukan dengan variasi rasio gear dan pengukuran kecepatan mesin saat mengangkut beban sampah yang berbeda-beda. conveyor berukuran panjang 200 cm, lebar 40 cm, dan tinggi 70 cm, dengan kecepatan motor awal 1168 rpm dan gearbox 1:50. hasil dari penelitian ini diharapkan dapat memberikan kontribusi signifikan bagi dunia industri conveyor, khususnya dalam aplikasi pengolahan sampah plastik. dengan data yang akurat mengenai pengaruh beban, industri daur ulang dapat merancang sistem conveyor yang lebih efisien, menghemat waktu, dan mengurangi beban fisik pekerja. ruben merupakan putra dari pasangan charles antofa hutabarat, dan tiorida silitonga. menyelesaikan pendidikan sekolah menengah atas dari sma hang tuah 5 sidoarjo. selama kuliah pemuda asal sidoarjo ini sempat mengenyam suka duka menjadi ojek online sejak semester 4. “banyak waktu luang, karena saya tidak mengikuti organisasi. makanya saya narik ojek online. ya, cukup untuk menambah uang saku, sehari rata-rata dapat 100 ribu rupiah. sukanya bisa jalan-jalan di sekitar malang raya, kalau dukanya kadang orderan sepi,” ungkapnya. dalam kondisi sepi ia biasanya hanya dapat satu customer, yang kebanyakan mahasiswa. (mita erminasari/humas itn malang)"
Neutral,Negative,Neutral,Negative,"sampah telah menjadi permasalahan pelik terutama bagi masyarakat perkotaan. bahkan sampah seperti plastik kini sudah menjadi isu global, terutama sampah yang mencemari lautan. selama manusia hidup dan beraktifitas, sampah akan selalu muncul. manusia harus mampu memikirkan bagaimana pengolahan dan pengendaliannya. informasinya: atau artikel selengkapnya:"
Positive,Positive,Positive,Positive,recycle adalah proses pengolahan sampah atau dalam bahasa inggrisnya kita akan mengenal sebagai proses daur ulang barang yang tidak lagi terpakai menjadi barang yang berguna. tujuan utama melakukan recycle yaitu untuk mengurangi sampah plastik agar tidak menumpuk dan dapat dijadikan sebagai produk yang bernilai. bara catra sedang mendaur ulang sampah botol dan kardus menjadi bahan yang berguna. menjadi tempat pensilpenpencil smiling face with heartsthumbs up saharaperdulisampah hariperdulisampah
Positive,Neutral,Positive,Positive,"grobogan, kompas.tv - limbah plastik ternyata memiliki manfaat besar bagi sebuah bumdes di kabupaten grobogan, jawa tengah, karena bisa diolah menjadi bahan bakar minyak. berbekal alat mesin pengolah sampah, dalam sehari kapasitas mesin mampu menghasilkan bbm jenis premium dan solar sebanyak 40 hingga 50 liter, dari hasil olahan sebanyak 50 kilogram limbah plastik. kualitas bbm premium ini memiliki kandungan oktan 95. sementara jenis solar setara dengan solar jenis dex. ""badan riset daerah jawa tengah mempercayakan pada kita, untuk menjadi solusi. bahan bakunya plastik yang diusahakan tidak laku mas. produksinya bbm jenis premiun sama solar,"" jelas sadzali, ketua bumdes kuwariron jaya. inovasi pengolahan limbah plastik menjadi bbm ini bisa menjadi solusi mengatasi permasalahan sampah plastik dan membantu operasional bbm para petani. artikel ini bisa dilihat di :"
Neutral,Positive,Positive,Positive,"berkunjung ke pabrik pengolahan sampah. pabrik ini baru dibuka 2 tahun. setelah sampah dibeli dari pengepul, sampah kembali di sortir menyesuaikan jenis plastiknya. setelah di sortir, botol plastik di press dan digiling hingga halus. jika sampah botol plastik tersebut sudah di packing siap di kirim ke surabaya menggunakan mobil fuso, dengan muatan 20-25 ton sampah botol plastik dengan berbagai kriteria sesuai dengan pengelompokan nya. tempat pembuangan akhir sampah di sanggau ini, termasuk bersih dan rapi. karena dikelola dengan baik oleh petugas dan pemilik pabrik."
Neutral,Neutral,Positive,Neutral,proses pengolahan sampah plastik semua orang reel
Neutral,Neutral,Positive,Positive,bismillahirrahmanirrahim pengolahan sampah plastik semoga jadi berkah amin ya rabb residu plastik daurulang umkm sorotan semuaorang dan pengikut sumedang
Positive,Neutral,Positive,Neutral,"larangan penggunaan plastik akan sama halnya dengan larangan yang ada dalam kemasan rokok. bila plastik tetap dan terus di perdebatkan sebagai sampah berbahaya bagaimana dengan sampah kain (pakaian), apakah kita akan kembali menggunakan baju /pakaian dari kulit kayu? yang di butuhkan kini adalah solusi penanganan dan pengolahan sampah organik maupun anorganik secara profesional. bukan hanya di bakar yg dapat menimbulkan dampak dan polusi baru."
Neutral,Neutral,Positive,Positive,pengolahan sampah plastik jadi bahan bermanfaat.fire fbpro reelsfyp carapengolahansampahplastik thinkline
Neutral,Neutral,Positive,Positive,presiden jokowi sedang melakukan kunjungan ke bank sampah banjarnegara untuk mengecek pengolahan sampah plastik menjadi bahan bakar terbarukan.
Positive,Neutral,Positive,Positive,"banyak tingkah bener ya si bapak satu ini. kan bisa ""perintahkan"" anaknya yg wp. norak banget ya permainan politiknya. awas loh pa kalo merasa belom rela lengser bisa tiba2 jatuh dan terpaksa diopname di rs seperti paman usman loh.. beaming face with smiling eyes note: berita mulyono yg dimuat media2 mainstream ini dari rilis tertulis yg sengaja dikirim tim media (humas) mantan presiden ke 7 loh .. ajiib dah.. postpowersyndrome jakarta, detik.com-- presiden ke-7 republik indonesia joko widodo (jokowi) mengunjungi bank sampah banjarnegara (bsb) di desa kasilib, wanadadi, banjarnegara. jokowi mendukung pengolahan sampah plastik untuk mendorong ekonomi sirkular. berdasarkan keterangan tertulis yang diterima, selasa (7/1/2025), kunjungan jokowi ke bank sampah banjarnegara itu dilakukan pada senin (6/1/2025). jokowi melihat pengolahan sampah plastik menjadi bahan bakar petasol. jokowi antusias saat melihat langsung proses pembuatan mesin pengolah sampah plastik, serta melihat pengolahan sampah plastik mulai pencacahan plastik hingga menjadi petasol. jokowi juga melihat langsung penggunaan petasol untuk mesin traktor di sawah."
Neutral,Neutral,Positive,Positive,"siswa smk satya praja 2, petarukan, kabupaten pemalang, membuat mesin pengolah sampah plastik menjadi bahan bakar minyak. pengolahan sampah ini disebut bisa menghasilkan sejumlah jenis bbm. kepala smk satya praja 2 purwo setya witanto mengatakan awal mula penciptaan mesin pengolah sampah adalah adanya masalah sampah yang perlu ditangani dengan serius. ""ide awalnya karena sampah plastik ini menjadi masalah yang serius dimanapun, termasuk di pemalang ini kan, makanya kami dari sekolah bekerja sama dengan perhimpunan alumni jerman, membuat alat sampah plastik menjadi bahan bakar,"" kata purwo."
Neutral,Positive,Positive,Positive,pengolahan sampah plastik dari bekas botol minuman menjadi paving
Positive,Neutral,Positive,Positive,pengolahan sampah plastik menjadi taplak meja dan bantal pelangi. kelas 4. kumer-pel seni rupa terus berproses pasti tuhan berkati. belajarlebihbaik
Positive,Neutral,Positive,Positive,"laut yang bersih merupakan aset berharga bagi lingkungan dan kehidupan kita. sayangnya, pencemaran laut akibat sampah plastik masih menjadi tantangan besar yang membutuhkan aksi nyata. nathabumi bersama yayasan gotbag berkolaborasi dalam pengelolaan sampah laut khususnya sampah plastik sebagai komitmen bersama dalam menjaga kelestarian ekosistem laut yang bersih dan bebas sampah. melalui inisiatif ini, sampah plastik yang terkumpul dari kegiatan bersih laut diolah menjadi rdf (refuse-derived fuel) untuk dimanfaatkan sebagai bahan bakar alternatif di pabrik sbi tuban sejak januari 2023, upaya ini tidak hanya membantu mengurangi pencemaran laut, tetapi juga memberdayakan masyarakat pesisir dalam pengelolaan lingkungan yang lebih baik. pengiriman sampah laut ke pabrik pengolahan terus meningkat, menandakan langkah nyata menuju perubahan yang lebih besar. nathabumi berkomitmen untuk terus menghadirkan solusi inovatif dalam pengelolaan sampah dan mendukung terciptanya lingkungan yang lebih bersih dan sehat untuk generasi mendatang. :globe showing Europe-Africa: gotbag nathabumi sig untukbumiyanglebihbaik refusederivedfuel kelolasampah"
Positive,Neutral,Positive,Positive,"siswa smk satya praja 2, petarukan, kabupaten pemalang, membuat mesin pengolah sampah plastik menjadi bahan bakar minyak. pengolahan sampah ini disebut bisa menghasilkan sejumlah jenis bbm. kepala smk satya praja 2 purwo setya witanto mengatakan awal mula penciptaan mesin pengolah sampah adalah adanya masalah sampah yang perlu ditangani dengan serius. viral fyp facebookviral inovasi kreatif idekreatif sukses kisahinspiratif"
Neutral,Neutral,Positive,Positive,proses pengolahan sampah plastik menjadi batako di pleret
Neutral,Neutral,Positive,Positive,mengisi waktu sore hari.. pengolahan sampah plastik oleh pwgt jem.kanaan.. . . pwgt sampahplastik ecobrick
Neutral,Neutral,Positive,Positive,pt tempat kerja si papi didatangi wakil gubernur kota batam.. kali ini papi mendampingi dan menjelaskan pengolahan sampah plastik jadi product selanjutnya papi yang jadi gubernurnya amin smiling face with halo
Neutral,Neutral,Neutral,Positive,"lombokpost-paving block yang dihasilkan dari pengolahan sampah plastik di tempat pengolahan sampah terpadu (tpst) sandubaya belum dijual terbuka ke masyarakat. kini pemkot mataram mulai mengkaji aturan, agar produk tersebut bisa dijual ke masyarakat umum. ""itu bisa menghasilkan pad (pendapatan asli daerah) ke depannya,"" kata kabid persampahan dinas lingkungan hidup (dlh) kota mataram vidi partisan gamanjaya. lombokpost"
Positive,Neutral,Positive,Positive,"badan riset dan inovasi nasional (brin) bersama pemerintah kabupaten banjarnegara dan bank sampah banjarnegara (bsb) mengembangkan teknologi pengolahan sampah plastik menjadi bahan bakar minyak (bbm). teknologi pengolahan sampah ini dilakukan melalui mesin fast pyrolysis (faspol). nantinya, bahan bakar hasil pengolahan sampah plastik ini dinamakan petasol. “pengolahan sampah plastik menjadi petasol adalah solusi inovatif untuk mengatasi masalah sampah, sekaligus menyediakan energi alternatif,” ujar kepala pusat riset sistem produksi berkelanjutan dan penilaian daur hidup (pr spbpdh) brin nugroho adi sasongko. heru susanto dari pr spbpdh brin menambahkan, petasol telah diuji di laboratorium brin dan balai besar pengujian minyak dan gas bumi lemigas. berdasarkan hasil pengujian, diketahui bahwa petasol dinyatakan memenuhi standar bahan bakar setara minyak solar b0. “semakin bersih dan kering sampah plastik yang diolah, maka yield dan kualitasnya semakin baik,” kata heru. ketua bsb budi trisno aji menjelaskan, petasol adalah bbm berbasis sampah plastik yang dapat digunakan untuk mesin diesel, serta mendukung operasional mesin pertanian di kawasan pertanian banjarnegara. “lebih dari 52 mitra telah mereplikasi teknologi faspol ini, termasuk dari daerah di luar pulau jawa,” ungkap budi. gimana menurutmu, sahabat daai? :smiling face with heart-eyes: saksikan konten-konten inspiratif dan menenangkan hati di platform daai+ discover inspiring content. brin banksampahbanjarnegara bbm petasol daaitv sebarkankebaikan discoverinspiringcontent"
Positive,Neutral,Positive,Positive,"teknologi pirolisis banyak dilakukan di beberapa daerah untuk pengolahan sampah plastik menjadi produk yang lebih bermanfaat. ini bukan satu-satunya strategi, tapi satu hal yang utama adalah iqbal dinda akan serius untuk penyelesaian permasalahan sampah di ntb. iqbaldinda"
Neutral,Neutral,Positive,Positive,[kelas kreasi pengolahan sampah plastik mahasiswa pbl fkm uho di kelurahan lapulu] dewasa ini sampah plastik sudah menjadi masalah global yang menjadi perhatian banyak negara. sampah plastik membutuhkan waktu yang lama untuk dapat terurai. sumber: nur aisyah darwis selengkapnya: kelaskreasi mahasiswapblfkmuho pengolahansampahplastik kelurahanlapulu
Neutral,Neutral,Positive,Positive,"jokowi cek pengolahan sampah plastik menjadi bahan bakar di banjar negara selasa 7 januari 2025, 08:15 wib cuma mau nanya, kapasitas jokowi sebagai apa?? presiden kah?? atau direktur pengolahan sampah??"
Neutral,Neutral,Positive,Positive,pengolahan sampah plastik dgn keren jadi barang yg sagt bergunathumbs upflexed biceps
Positive,Positive,Positive,Positive,"pengolahan sampah plastik ""aqua gelas"" menjadi lampionheart suitheart suit semangat guru² dan siswa/siswi esempe iv maggelewa sampela :smiling face with heart-eyes::smiling face with heart-eyes::smiling face with heart-eyes: hartati treef jannatul ma'wa ny mulya maulana maryk geminy indry melancholys udhe cry pengikut sorotan jangkauanluas guruhebat indonesia merdeka semua orang semua orang"
Positive,Neutral,Positive,Positive,sampah plastik jika disikapi dengan baik bisa menjadi sumber ekonomi baru ( sirkular ekonomi ). pengolahan sampah plastik menjadi produk daur ulang dapat berkontribusi dalam pengurangan gas emisi rumah kaca yang memicu pemanasan global dan berdampak kepada perubahan iklim.
Positive,Neutral,Positive,Positive,ajo gagah dengan bank sampah tuah basamo-nya sangat berpeluang merintis pengolahan sampah plastik menjadi bbm ini. recycling daurulang sampahplastik bbm
Neutral,Neutral,Positive,Positive,"ada yang pernah melihat proses sampah plastik jadi bahan bakar? kalau belum, kalian bisa mampir lho ke desa gorontalo, labuan bajo. di sini kita bisa melihat secara langsung 'circular economy' berjalan. para nelayan membawa sampah plastik yang didapat dari laut dan pantai, dibawa ke tempat pengolahan sampah, kemudian diproses sehingga bisa menjadi bahan bakar yang dapat dipergunakan oleh para nelayan untuk melaut. inilah upaya tegas dan gerak cepat kami dalam membangkitkan ekonomi dan menciptakan lapangan kerja dengan mengedepankan keberlanjutan lingkungan sehingga permasalahan sampah yang sering terjadi di destinasi-destinasi wisata bisa tersolusikan."
Neutral,Neutral,Positive,Positive,pengolahan sampah karung koyakthumbs upfolded handsfiremenjadi biji plastik firemari kita liat hamunagrinning face with big eyeskarena begitu canggih sekarang pengolahan nyathumbs up semuaorang vod word fyp fbpro jangkauanluas pengikut
Positive,Neutral,Positive,Positive,"jokowi kunjungi bank sampah banjarnegara, dorong ekonomi sirkular dengan pengolahan sampah plastik jokowi ekonomisirkular banksampah banjarnegara pengolahansampah sampahplastik petasol indonesiabersih lingkunganhidup inovasihijau virtualbrowsing"
Neutral,Positive,Neutral,Positive,ide daur ulang botol plastik bekas untuk kehidupan sehari-hari
Positive,Neutral,Positive,Positive,mari kita mulai dari hal kecil. daur ulang plastik adalah langkah sederhana yang bisa kita lakukan setiap hari untuk menjaga bumi kita. smp katolik yapenthom 1 maumere
Neutral,Positive,Neutral,Positive,daur ulang botol plastik menjadi holder hp daurulang recycle reuse botol phoneholder botolplastik idekreatif
Neutral,Positive,Positive,Positive,bergabunglah dalam revolusi daur ulang dan ubah botol plastik anda menjadi sesuatu yang baruface screaming in fearface screaming in fear jamtayang reelsfypシ fyp pekerjaan amazing pabrik gajihmilyaran daurulang
Neutral,Positive,Neutral,Positive,proses daur ulang sampah plastik sampahplastik daurulangplastik sampah monetisasikonten gilangreaction
Neutral,Neutral,Positive,Positive,alhamdulillah kreasi daur ulang plastik kresek hari ini semoga bermanfaat dan menginspirasi ya man teman folded hands diycraft daurulangplastik bungaplastikkresek
Neutral,Positive,Neutral,Positive,"cari limbah plastik gilingan atau bulatan prodak avalan pabrik pet, abs, hi, pc, ps, pom, nilon, akrilik, pp, pe, hdpe, ldpe, dll backhand index pointing rightwa 08571166487"
Neutral,Neutral,Neutral,Positive,hasil dari daur ulang wadah plastik thinwall idekreatif tipssederhana reelsfyp fbpro
Neutral,Neutral,Neutral,Positive,"jual cepat 1 set mesin daur ulang biji plastik !! screw 130mm, listrik 3 phase lengkap semua : 2 inverter, 2 dinamo, 2 mesin potong, gearbox, dan panel listrik. lokasi genuk - semarang minat langsung inbox !!"
Neutral,Neutral,Negative,Positive,"proses pencacahan plastik setelah disortir plastik selanjutnya masuk ke tahap pencacahan. ini proses yang paling banyak diminati dan ditekuni oleh mayoritas penggiat daur ulang plastik. tetapi biaya untuk pembuatan mesin cacah plastik tersebut tidaklah murah. hal ini sangat disayangkan, padahal kalau semakin banyak penggiat proses pencacahan maka semakin banyak pula sampah plastik yang bisa didaur ulang dengan maksimal. semoga kedepanya usahaa daur ulang plastik mendapat perhatian khusus dari berbagai pihak agar bisa membantu menangani masalah sampah yang tak kunjung usai rongsokan daurulangplastik sampahplastik fyp jangkauanluas green"
Neutral,Neutral,Neutral,Positive,proses penggilingan plastik sampah fypシ reels fyp daurulang daurulangplastik gogreen
Neutral,Positive,Neutral,Positive,daur ulang botol bekas daurulangplastik #bijiplastik reelsfiral
Neutral,Positive,Positive,Positive,"daur ulang botol plastik menjadi organizer, mengubah sampah menjadi solusi penyimpanan yang kreatif."
Positive,Positive,Positive,Positive,"ini tempat daur ulang sampah plastik terbesar di asia tenggara! recycling symbol kerennya, pabrik ini bisa olah plastik yang udah kotor dan susah didaur ulang. dan semuanya bakal jadi botol plastik baru lagi OK hand light skin tonehundred points ini dia pt eterna persada indonesia by pan era group!"
Positive,Neutral,Neutral,Neutral,"mohon ijin admin. assalamualaikum wr. wb. kami dari bengkel bubut sumber jaya (𝘽𝙥𝙠 𝘼𝙨𝙧𝙤) yang beralamat di sidoarjo dan sudah berpengalaman lebih dari 25 tahun dalam pembuatan mesin plastik, berniat menawarkan berbagai produk dari perusahaan kami. melayani pembuatan / perbaikan mesin daur ulang plastik : - crusher / mesin giling plastik - extruder / mesin pelet plastik - mesin tali rafia - straw / mesin sedotan - conveyor - centrifugal / pengering - mesin rafia kiloan - mesin pemilah plastik utk informasi lebih lanjut : telephone : 08123113641 wassap : 0813311558 terimakasih. wassalamualaikum wr wb. ""𝙒𝙀 𝙎𝙀𝙍𝙑𝙀 𝘽𝙀𝙏𝙏𝙀𝙍"" bengkelbubut bengkelbubutsurabaya recycling plasticrecycling daurulangplastik crusher plasticcrusher mesingilingplastik extruder plasticextruder mesinpeletplastik mesintalirafia mesinsedotan mesinpemilahplastik mesinrafiakiloan"
Neutral,Positive,Positive,Positive,karya awal relief daur ulang sampah plastik di tahun 2025. relief daur ulang sampah plastik kh.maimoen zubair. firerecycling symbolred heartIndonesia. art relief recycleart recycleplastic recyclingart khmaimoenzubair theartofrecyclingplasticwaste daurulangsampah artisaweapontodestroywaste daurulangplastik seniadalahsenjata pilahsampahdarirumah
Neutral,Positive,Positive,Positive,wadah pena daur ulang berhias bunga dari botol plastik ini mengingatkan kita bahwa kreativitas bisa membawa keindahan di setiap sudut kehidupan.
Neutral,Neutral,Positive,Positive,"hasil daur ulang limbah plastik,, bunga mawar kerajinantangan diy bungaplastik reelfyp"
Positive,Neutral,Positive,Positive,"sampah plastik yang menjadi masalah di berbagai tempat, diolah oleh seorang pria di bali menjadi peluang. putu eka darmawan menyebut dirinya sebagai pemulung. eka telah membuat berbagai produk daur ulang plastik, mulai dari furnitur, bahan konstruksi dan interior, hingga campuran aspal dan produk fesyen. plastik yang telah dicacah dimasukkan ke mesin pengering bersuhu lebih dari 200 derajat celsius. dari situ, plastik kemudian dicetak menjadi papan berukuran 100x50cm dengan tebal sekitar 1,4cm. “papan plastik itu digunakan sebagai pengganti kayu. saat ini sedang booming, banyak permintaan untuk digunakan sebagai furnitur,” kata eka."
Neutral,Positive,Neutral,Positive,ternyata proses daur ulang botol plastik jadi pipa pvc begini yaa
Neutral,Neutral,Neutral,Positive,gaun bahan dari daur ulang plastik by rumah jahit aisyah aisyah lisa daurulangplastik mykreasi pemula terusberkreasi reelvideo videofyp fbpro
Neutral,Neutral,Neutral,Positive,daur ulang plastik fyp daurulangplastik
Neutral,Neutral,Positive,Positive,"maa syaa allah.. alhamdulillah.. bunga hias plastik, dari daur ulang plastik kresek.. sampah plastik berkurang, rumah pun cantik terhias.. bismillah bungahiasplastik daurulangplastik"
Neutral,Neutral,Neutral,Positive,celemek dan topi daur ulang plastik daurulangplastik lingkunganhidup sampahplastik kecamatannarmada
Neutral,Neutral,Neutral,Positive,pabrik daur ulang sampah plastik reels reelsfb infoterbaru infoterupdate infoterkini kabarbumi budaya sejarah sosial edukasi informasi pengetahuan wawasan fakta faktadunia
Neutral,Neutral,Neutral,Positive,"sampah plastik tidak mudah terurai, butuh waktu hingga ratusan tahun untuk benar-benar hancur di alam. tak hanya soal waktu, dampaknya pun mengerikan. sampah plastik bisa menghasilkan partikel kecil beracun yang membahayakan kesehatan. indonesia kini berada dalam kondisi darurat sampah plastik. data mencatat kita sebagai penghasil sampah plastik terbesar kedua di dunia. beberapa negara sudah mulai bertindak, filipina, australia, hingga taiwan gencar mengurangi kantong plastik dan mengampanyekan penggunaan tas kain. dan cara efektif lainnya dalam pengelolaan sampah plastik. yaitu dengan menjalankan daur ulang plastik. untuk informasi lebih lanjut tentang penyetoran sampah plastik, kalian dapat menghubungi kami dibawah ini : ig : .id wa.me/6287854158567 bjplast recyclewithus daurulangplastik ponorogo madiun wonogiri kerjahalal kerjacerdas"
Neutral,Positive,Neutral,Positive,finishing biji plastik daur ulang daurulang bijiplastik plastik reels
Neutral,Positive,Neutral,Positive,daur ulang botol plastik menjadi kursi .. tanpa mesin jahit .. daurulang daurulangplastik daurulangsampah daurulangbotol kursidiy diykursi kursidaribotolplastik recycling kreasidaurulang
Neutral,Positive,Neutral,Positive,"paling suka sama mineraleid itu selain air nya bikin seger.. botol galon nya bisa di daur ulang loh sparkles udah higenis, mudah di dapatkan, bisa di jual lagi jadi uang smiling face with hearts jadicuangaknyampah round pushpin buat yang mau jual per botolan plastik.. disini terima dengan partai besar loh sparkles recycle recycleplastic recycleplasticbottle botolplastik daurulang daurulangplastik rumahplastikmajalaya zerowaste wastemanagement rongsok galon leminerale rongsokan fyp darisampahjadirupiah nyampahberkah"
Positive,Positive,Positive,Positive,"p5 project daur ulang plastik kelas 3a sdn cipinang muara 02 pagi kamis 12 desember 2024 daurulang daurulangplastik p5 masya allah berbulan2 ngerjainnya dari ngumpulin plastik bekas kopi,detergen,ciki,dll dicuci dijemur berhari2 biar kering diguntingin 1 1 plastiknya ditempel disatuin 1 1 pake double tape sampe jd bahan ada yg dijait, dilakban yg penting bisa nyatu kenceng dan gak robek bikin model sekreasi kita sampe begadang2 alhamdulillah juara 1 gak taunya dilombain lelah kita terbayar .. alhamdulillah"
Positive,Positive,Positive,Positive,":globe showing Europe-Africa: tahukah kamu? plastik sekali pakai hanya digunakan beberapa menit, tapi butuh ratusan tahun untuk terurai. face screaming in fear setiap kantong plastik, sedotan, dan botol yang kita buang, berpotensi berakhir di laut, mengancam ekosistem, atau terkubur di tempat pembuangan tanpa pernah benar-benar hilang.thinking face jadi, masih layak dipakai atau harus kita ucapkan selamat tinggal?yuk, mulai langkah kecil untuk beralih ke alternatif yang lebih ramah lingkungan:sparkles gunakan tas belanja kain atau anyaman.sparkles pilih botol minum dan sedotan yang bisa dipakai ulang.sparkles kumpulkan plastik bekasmu dan daur ulang bersama pemol!recycling symbol dengan pemol, plastik yang kamu buang tidak akan jadi limbah sia-sia. kami bantu mengolahnya jadi sesuatu yang berarti. sparklesbackhand index pointing right saatnya jadi pahlawan lingkungan! mulai sekarang, pilih bijak, gunakan ulang, dan daur ulang plastikmu dengan pemol.mobile phone with arrow pesan layanan kami sekarang lewat aplikasi pemol dan wujudkan perubahan nyata untuk bumi kita!plastiksekalipakai byebyeplastic reducereuserecycle daurulangplastik pemolpeduli plasticfreelife zerowastemovement savetheearth gogreenwithpemol"
Neutral,Positive,Positive,Positive,"semangat pagi,.. inilah proses daur ulang sampah plastik menjadi bijih plastik, agar dapat di proses ulang menjadi barang yang berguna,.. mari kurangi sampah plastik agar lingkungan menjadi bersih& tidak tercemar saveword gogreen kurangipencemaran daurulangplastik prosespembuatanbijihplastik viral fyp"
Neutral,Positive,Positive,Positive,tas keranjang dari daur ulang gelas plastik bekas menjadi sebuah kerajinan tangan smiling face with halo .keterbatasan bukan jadi penghalang untuk berkarya :smiling face with heart-eyes:fbpro pengikut
Neutral,Neutral,Neutral,Positive,pot daur ulang plastik daurulangplastik kreatif daurulang tanamanhias fypchallenge fypageシ fypviralシ fbpropemula fbprofyp sorotanpublik
Neutral,Neutral,Positive,Positive,menjahit kerajinan daur ulang plastik bekas pakai menjahit kerajinan daurulangplastik recycle
Neutral,Positive,Positive,Positive,"dulu, plastik bekas hanya dianggap sampah. tapi di tangan mas ikbal ( ), sampah plastik berubah jadi plakat unik yang bisa kamu pajang… atau bahkan jual! berawal dari keresahan melihat tumpukan limbah di sekitar tempat tinggalnya, ikbal gak mau diam aja. ia mulai bereksperimen: mengumpulkan plastik, mencairkannya, mencetak, mengecat… hingga lahirlah plakat daur ulang yang punya nilai lebih. buat kamu yang mau ikutan bisnis yang sama, ini tips yang bisa kamu coba mulai dari riset dengan jenis plastik apa yang aman dipakai ulang? gunakan cetakan plakat sederhana untuk awal produksi. jangan ragu belajar dari komunitas daur ulang di sekitarmu. tambahkan sentuhan desain bikin orang tertarik beli karena tampilannya! plakatdaurulang bisnisdaurulang ekonomisirkular genzbergerak bisniskreatifindonesia recycleart idebisnis2025 inspirasibisnisanakmuda pengusahamuda daurulangplastik karyadarisampah"
Neutral,Neutral,Neutral,Positive,daur ulang plastik reel daurulangplastik fyp
Neutral,Positive,Positive,Positive,daur ulang botol plastik yang mengagumkan!
Neutral,Neutral,Neutral,Positive,# ud. ridho plastik# daur ulang plastik # fyp. muat pc dan akralit
Neutral,Neutral,Neutral,Positive,daur ulang sampah plastik menjadi sparepart motor daurulang daurulangsampah videocerita pakistan daurulangplastik
Neutral,Positive,Positive,Positive,"proses daur ulang sampah plastik, menjadi biji plastik untuk diolah menjadi berbagai macam produk yang bernilai ekonomis. inovasi daurulangplastik jangkauansemuaorang pengikut"
Neutral,Neutral,Neutral,Positive,proses mendaur ulang limbah plastik fyp trail vidioviral indonesia
Positive,Positive,Neutral,Positive,"recycling symbol mesin gilling limbah plastik: solusi daur ulang efektif recycling symbol mesin gilling limbah plastik adalah alat yang dirancang untuk menghancurkan dan mencacah limbah plastik menjadi serpihan kecil. dengan teknologi canggih, mesin ini membantu proses daur ulang menjadi lebih efisien dan ramah lingkungan. sparkles keunggulan mesin gilling limbah plastik: check mark button efisiensi tinggi – mampu mencacah berbagai jenis plastik dengan cepat. check mark button ramah lingkungan – mengurangi limbah plastik dan mendukung daur ulang. check mark button konstruksi kuat – dibuat dari material tahan lama untuk penggunaan jangka panjang. check mark button hemat energi – konsumsi daya rendah dengan hasil maksimal. envelope with arrow dm kami untuk info lebih lanjut atau langsung order via whatsapp: mobile phone with arrow 0811 3046 550 :one o’clock: jam operasional: spiral calendar senin-jumat: 08.00 - 16.00 spiral calendar sabtu: 08.00 - 14.30 round pushpin head office: jl. candipuro no.7a, rt.02/rw.10, pacar keling, kec. tambaksari, surabaya, jawa timur 60131 globe with meridians kunjungi website kami: atau cek link di bio! daurulangplastik recycle gogreen mesinindustri pengolahanlimbah plasticshredder ecofriendly cahayaagroteknik sustainability limbahplastik"
Neutral,Neutral,Neutral,Positive,kemben berbahan daur ulang plastik kemasan makanan dan minuman size m
Neutral,Neutral,Positive,Positive,busana getsemani. terbuat dari plastik daur ulang yang setrika dan kasut/sepatu yang terbuat dari kain levis bekas yang proses menjadi kasut trendi. jangkauanluas plastikdaurulang daurulangplastik reel kreasidaurulang busanadaurulang
Positive,Neutral,Positive,Neutral,"halo calon pengusaha! pojok plastik punya solusi untuk kamu yang mau mulai usaha tapi ngga punya lahan yang luas loh! dengan salah satu paket usaha dari pojok plastik ini, maka kamu bisa punya bisnis daur ulang sampah plastik cukup dengan lahan garasi atau halaman rumah saja ya! penasaran? dan mau tau caranya? tunggu apa lagi? let's join us! untuk informasi lebih lanjut, kalian dapat mengunjungi website kami di atau dengan menghubungi 085174283883/085174293883 ya! bisnis daurulang sampahplastik pojokplastik indonesia"
Neutral,Neutral,Positive,Positive,daur ulang sampah plastik menjadi pelet putih reels making made recycling plastic plasticpellets pelet handmade handcraft asmr manufacturing process working
Neutral,Neutral,Positive,Positive,"relief kh, maimoen zubair, yang terbuat dari daur ulang sampah plastik. firerecycling symbolred heartIndonesia. art relief recycleart recycleplastic recyclingart khmaimoenzubair theartofrecyclingplasticwaste daurulangsampah artisaweapontodestroywaste daurulangplastik seniadalahsenjata pilahsampahdarirumah"
Neutral,Neutral,Positive,Positive,"ide kreatif dari plastik bubble wrap ** tutorial sederhana dari plastik bubble wrap di tangan yang tepat plastik bubble wrap bisa didaur ulang menjadi berbagai kerajinan,salah satunya yaitu membuat dekorasi dinding dengan begitu bisa mengurangi sampah plastik dimana sampah plastik sulit untuk diurai,kita yang punya tangan kreatif bisa sedikit membantu dengan cara mendaur ulang..semoga teman"" yang lain ikut serta melibatkan diri bekerja bersama"" untuk mengurangi limbah sampah plastik,kembangkan kreasi daur ulang sampai bisa punya nilai jual salam kreatiffolded hands daurulang daurulangplastik kreasidaurulang dekorasidindingdariplastik fyp bonus fotofyp interaksi jangkauanluas viral"
Positive,Neutral,Positive,Neutral,"assalamualaikum wr. wb. salam sejahtera mohon ijin admin dan moderator. kami dari 𝘽𝙚𝙣𝙜𝙠𝙚𝙡 𝙎𝙐𝙈𝘽𝙀𝙍 𝙅𝘼𝙔𝘼 ( 𝘽𝙥𝙠 𝘼𝙨𝙧𝙤) yg beralamat di sidoarjo berniat menawarkan berbagai macam mesin produksi daur ulang plastik. kami melayani pembuatan dan perbaikan mesin daur ulang plastik, antara lain : - crusher / mesin giling plastik - extruder / mesin pelet plastik - mesin tali rafia - straw / mesin sedotan - conveyor - centrifugal / pengering - mesin gulung rafia kiloan utk informasi lebih lanjut, telephone : 08123113641 wassap : 0813311558 terimakasih atas waktunya. wassalamualaikum wr. wb bengkelbubut bengkelbubutsurabaya recycling plasticrecycling daurulangplastik crusher plasticcrusher mesingilingplastik extruder plasticextruder mesinpeletplastik mesintalirafia mesinsedotan"
Positive,Neutral,Positive,Positive,"""kreativitas tanpa batas! glowing starsparkles smp negeri 2 sigi menghadirkan fashion show unik dengan pakaian daur ulang dari plastik. kegiatan ini mengajarkan kita pentingnya mendaur ulang untuk mengurangi limbah sekaligus menunjukkan bahwa sampah bisa diubah menjadi karya seni yang memukau. :globe showing Europe-Africa:recycling symbol fashionrecycle smpn2sigi daurulangplastik pedulilingkungan"""
Neutral,Positive,Neutral,Positive,"pasar biji plastik mulai pulih.. tingkatkan hasil gilingan plastik anda, supaya diterima pasar dengan harga yg bagus.. kami hadir memberikan solusi !! sabun khusus cuci daur ulang plastik sabun cuci plastik gc maxpro fungsi : membersihkan daur ulang plastik yg akan diolah menjadi biji plastik keunggulan : - menghilangkan bau - membersihkan kotoran / noda seperti 1. bekas oli 2. batu bara 3. gemuk 4. getah / pewarna dll bahan baku akan menjadi : - bebas bau tak sedap - bahan menjadi bersih - warna menjadi lebih cerah kemasan jerigen 25 liter sabun / chemical yg kita produksi memiliki ijin resmi ( bukan produksi rumahan) bahan yg kita gunakan aman bagi penggunanya, karena tidak mengandung bahan kimia berbahaya. telp / wa: 0895608896088 limbahplastik daurulang pelet bijiplastik sampahplastik daurulangplastik daunan karungbekas pet hdblow"
Positive,Neutral,Positive,Neutral,"assalamualaikum wr wb. mohon ijin admin, moderator, dan semua member. kami dari bengkel bubut sumber jaya (𝘽𝙥𝙠 𝘼𝙨𝙧𝙤) yang beralamat di sidoarjo dan sudah berpengalaman lebih dari 25 tahun dalam pembuatan mesin plastik, berniat menawarkan berbagai produk dari perusahaan kami. melayani pembuatan / perbaikan mesin daur ulang plastik : - crusher / mesin giling plastik - extruder / mesin pelet plastik - mesin tali rafia - straw / mesin sedotan - conveyor - centrifugal / pengering - mesin rafia kiloan - mesin pemilah plastik utk informasi lebih lanjut : telephone : 08123113641 wassap : 0813311558 terimakasih. wassalamualaikum wr wb. ""𝙒𝙀 𝙎𝙀𝙍𝙑𝙀 𝘽𝙀𝙏𝙏𝙀𝙍"" bengkelbubut bengkelbubutsurabaya recycling plasticrecycling daurulangplastik crusher plasticcrusher mesingilingplastik extruder plasticextruder mesinpeletplastik mesintalirafia mesinsedotan mesinpemilahplastik mesinrafiakiloan"
Positive,Positive,Positive,Positive,"[dokumentasi berita] ecobrick yang merupakan bata daur ulang yang terbuat dari limbah plastik yang dimasukan ke dalam botol air mineral. bagian dari kegiatan p5 gaya hidup berkelanjutan, siapa sangka bahwa bata daur ulang ini dapat berubah menjadi sebuat barang yang berguna dan memiliki nilai estetika. baca artikel selengkapnya di: pendaftaran secara online dapat diakses di: pendaftaran secara offline dapat langsung datang smp santo yosef lahat, jalan sekolah no 13, gunung gajah lahat. web: instagram: lahat youtube: tarakanita lahat facebook: tarakanita lahat ecobrick batadaurulang sayangilingkungan daurulangplastik tarakanitalahat tarakanitalahat tarakanitawilayahlahat cerdasberintegritas"
Neutral,Positive,Positive,Positive,daur ulang plastik bekas jadi pelet putih berkualitas reels
Neutral,Positive,Neutral,Positive,"loudspeaker biji plastik berkualitas untuk produk houseware! recycling symbol sedang mencari bahan biji plastik terbaik untuk proses injection molding? kami hadir dengan biji plastik daur ulang berkualitas yang cocok untuk berbagai produk houseware seperti kursi, meja, wadah penyimpanan, dan banyak lagi! sparkles keunggulan biji plastik kami: check mark button cocok untuk bahan injection molding check mark button kuat, tahan lama, dan ramah lingkungan check mark button tersedia dalam berbagai jenis dan warna contact us for price & any inquiry cv. sinar indah plastic jl. raya rancaekek km 25,2 bandung, jawa barat sinarindahplastic daurulangplastik daurulang recycle recycling sampahplastik plasticrecycling plastic daurulangplastik bijiplastik plastictrash sampahplastik bijiplastikdaurulang pabrikplastik plastikinjection bijiplastikpp supplierplastik bijipp bijippwarna bijiplastikppwarna bahanhousewareplastik bahanperabot"
Positive,Positive,Positive,Positive,"""keindahan dalam keberlanjutan! sparkles fashion show daur ulang plastik ini membuktikan bahwa kreativitas bisa menyelamatkan bumi. dari limbah jadi mahakarya, mari bersama ciptakan masa depan yang lebih hijau! recycling symbol:globe showing Europe-Africa: sustainablefashion daurulangplastik fashionforfuture sanpadova seni"
Neutral,Positive,Positive,Positive,"kalo bunga anggreknya dari daur ulang plastik jely, manalah mungkin dia akan gugur layuface with hand over mouthface with tears of joyface with tears of joy reels jangkauan daurulangplastik bungaplastik jangkauan kreatif jangkauanuntuksemua fyp fbproo"
Neutral,Neutral,Neutral,Positive,daur ulang sampah kantong plastik jadi tikar. fire komunitasmasagitjibogo stopbuangsampahsembarangan stopbuangsampahkesungai olahsampahjadiberkah daurulangplastik
Neutral,Neutral,Positive,Positive,"jual bunga dari daur ulang plastik,ada macam2 bunga mawar,anggrek,tulip,dll terima pesanan yg mau request warna dan jenis bunga,hrga mulai dari 50rb sampai 200rbuan,yg sdh pake guci harga 200k.info lbih lanjut wa 087718201271"
Neutral,Positive,Positive,Positive,daur ulang tutup botol plastik jadi barang baru yang lebih bermakna
Neutral,Neutral,Positive,Positive,kostum karnaval daur ulang dari plastik thumbs upthumbs up kostumkarnaval daurulangplastik vod hutpemkopadangssdimpuan
Neutral,Neutral,Neutral,Positive,kantin sekolah libur lanjut tugas yang belum ter selesai kan .. mari berkarya dengan daur ulang plastik.. kira² mau bikin apa yaa thinking facethinking face jangkauanluas fhoto daurulangplastik
Neutral,Neutral,Positive,Positive,"bonsai dari sampah plastik masih belajar,masih amatiran, tapi kalau ada yang mau sama sama belajar silahkan.. tutorialnya ada di link biru di bawah ini backhand index pointing down selamat mencoba folded hands"
Negative,Positive,Negative,Positive,"saya bergerak d bidang daur ulang plastik yg berdomisili di kota lubuk linggau prov sumatera selatan. saya butuh investor utk pengembangan dan pembelian mesin press botol plastik dan kardus, krn d tempat saya daur ulang masih sangat2 menjanjikan. mungkin ad relasi disini yg mau bekerja sama jangka panjang. cp. 0853-3535-3573"
Neutral,Positive,Negative,Positive,kami masih kekurangan alat-alatnya untuk berkreasisaluting face
Positive,Neutral,Positive,Neutral,"yang minat di daur ulang plastik!! yuk kerjasama di pengepresan daerah subang!! - sudah ada bangunan komplit +- 1700 m2, tidak usah renov lagi! - listrik 3 phase 13200va - mess, kantor - toilet - air bersih - ruangan stok bal pres sampai 30 ton!! - area parkir luas - cctv, internet ready - sewa masih panjang - sudah ada supplier dan buyernya, tinggal gass!! - akses truk double, long chasis, tronton - kawasan sekitar yang ramah - potensi ke depan untuk trading kardus, emberan, logam, gelasan, dll minat?? inbox saja atau langsung wa ke 089634613007"
Negative,Negative,Negative,Negative,"“kenapa tidak didaur ulang saja?” saat ini sampah plastik sekali pakai masih terus menumpuk di lingkungan kita, jika terus ditambah dengan sampah produk yang kita beli tentu akan semakin menumpuk. kalau begitu, mengapa tidak didaur ulang saja? sayangnya daur ulang bukanlah solusi utama dalam mengurangi sampah plastik. kebanyakan plastik masih dibiarkan mencemari lingkungan kita, bahkan sebagian kecilnya termakan oleh satwa-satwa di sekitar laut :( plastik yang didaur ulang akan terus mengalami downcycling (bahan memiliki kualitas dan/atau fungsi yang lebih rendah daripada bahan asli) hingga akhirnya daur ulang lebih lanjut tidak mudah dilakukan dan akhirnya kembali akan menjadi sampah yang menumpuk. lalu solusinya? sambil terus mendesak perusahaan produsen kemasan sekali pakai untuk mengutamakan penggunaan kembali yang ramah lingkungan, kita bisa hindari membeli produk kemasan plastik yang tidak dibutuhkan. bawa wadah dan tempat minum sendiri untuk menghindari plastik tidak perlu saat kita jajan, juga membawa tas sendiri untuk menghindari kantong plastik sekali pakai. kamu juga bisa katakan “tidak” pada kantong plastik sekali pakai di >> act.gp/pantangplastik-fb << sekarang juga! pantangplastik breakfreefromplastic"
Positive,Negative,Positive,Negative,"dijual : 1 unit mesin daur ulang ( cina ), awal beli 300 jt, dijual murah 50 jt (nego), semua kondisi masih ok-siap kerja (posisi di pontianak ) (tanpa perantara) dijual karena usaha tutup. ongkos pengiriman via cargo/ekspedisi ditanggung pembeli. cp : 08138922998 (wa)"
Neutral,Positive,Positive,Positive,masih di jalur daur ulang plastik.. monggo yang punya plastik bekas toko/pabrik/konveksi bisa ditawarkan harga tergantung kondisi dan jenis plastik antara 100-500/kg..
Negative,Neutral,Negative,Neutral,"masih butuh 2 orang untuk kerja di rosok/ daur ulang plastik, kerjaan bongkar muat, pilah jenis dan warna, dll lokasi sekitaran wedomartani sleman,, info lebih lanjut wa 089528473434"
Neutral,Negative,Neutral,Negative,"makaasihh cintaahhface blowing a kissface blowing a kissface blowing a kiss almari merk club thumbs upthumbs upthumbs up tebaall,,bukan plastik daur ulang hand with index finger and thumb crossedhand with index finger and thumb crossed masih adaa 2 dirmh yess harga g sampaii 200reboo woman dancingwoman dancing hari ini bukaa full sehariiansmiling face with heartssmiling face with heartsface blowing a kissface blowing a kiss"
Positive,Positive,Positive,Positive,shodaqoh sampah tempat ini di buat khusus sampah botol plastik dan sampah botol plastik masih berguna untuk di daur ulang selain mengurangi sampah plastik juga dapat menghasilkan karena masih bernilai ekonomis semoga menginspirasi sahabat fb
Neutral,Positive,Negative,Positive,"jika sampah plastik masih bisa didaur ulang, mengapa harus dibuang sembarangan. perlu daya imajinasi dan kreatifitas tinggi untuk bisa mengolah sampah plastik menjadi barang yang berguna. meja dan kursi hasil olahan daur ulang sampah plastik yang dikombinasikan dengan rangka besi ini sangat elegan bagi anda yang memiliki gaya hidup yang berkelanjutan atau sustainable living. apa itu sustainable living adalah cara hidup yang bertujuan untuk meminimalkan dampak negatif terhadap lingkungan untuk meningkatkan kesejahteraan manusia pada saat ini maupun generasi mendatang. berminat dengan meja elegan ini, silahkan tanya-tanya dan saya siap berikan informasi seputaran produk-produk yang mendukung gaya hidup yang sustainable."
Positive,Neutral,Positive,Neutral,"pabrik daur ulang plastik di samarinda samarinda - sampah plastik masih menjadi masalah di berbagai daerah, tak terkecuali di samarinda, kaltim. hadirnya pabrik daur ulang ini diharapkan mampu memberi solusi."
Neutral,Positive,Positive,Positive,"ini konsep daur ulang yang sebenarnya. tujuan utamanya adalah mengurangi sampah, bukan bikin sampah baru. afwan. semoga panitia tidak ketinggalan juknis untuk penilaian."
Negative,Negative,Negative,Negative,"ketua umum asosiasi daur ulang plastik indonesia (adupi) christine halim tampil sebagai salah seorang pembicara pada webinar “tantangan dan peluang bisnis daur ulang plastik di indonesia pada masa pandemi, jumat sore, 26 juni 2020 yang digelar oleh krista, adupi dan ipf (indonesia packaging federasi). christine menyatakan, melihat volume timbulan sampah di indonesia yang mencapai 67 juta ton pada 2019, dimana 15 persen diantaranya adalah sampah plastik, saatnya kita berkolaborasi menyelesaikan persoalan sampah plastik untuk mengembalikan plastik pada circular economy sekaligus meningkatkan recycling rate yang saat ini masih dibawah 10 persen. kebijakan yang menghambat iklim pertumbuhan daur ulang diminta untuk dikaji ulang. wastemanagement circulareconomy indonesiagogreen"
Neutral,Negative,Negative,Negative,"saya usaha di bidang limbah masih butuh bnyak plastik bekas untuk daur ulang botol pet pet vakum plastik pe,hd,pp daun hd tutup botol semical dll mungkin ada yg bisa suplay bisa kerjasama lokasi cikarang barat kab.bekaai"
Neutral,Positive,Positive,Positive,karya lama saat masih belajar sama (alm. kak efarin enicilin ) semoga amal ibadahny di terima allah swt dan diampukan segala dosa²ny.. aamiin.. daur ulang botol plastik .. semoga menginspirasi..
Positive,Positive,Positive,Positive,"polusi sampah plastik masih menjadi ancaman yang mengintai. oleh karena itu, daur ulang sampah plastik menjadi salah satu upaya untuk mengurangi sampah plastik. yuk wargajatim bersama-sama merawat bumi, kalau bukan kita siapa lagi? selamat memperingati hari peduli sampah nasional 2024 “atasi sampah plastik dengan cara produktif” jatimpemprov optimisjatimbangkit jawatimur jatim haripedulisampahnasional"
Neutral,Neutral,Positive,Positive,masih edisi karnaval yah anak sd memakai kostum dari kantongan plastik yg di daur ulang menjadi baju seragam karnaval fyp fbpro reels semuaorang monetisasi
Negative,Negative,Negative,Negative,sampah plastik ini masih bisa di daur ulang bestie asalkan mau ngumpulinya
Neutral,Neutral,Positive,Positive,masih di cari dan siap tampung sebanyak banyaknya limbah plastik pvc rijek pabrik seperti di foto. yg punya silahkan merapat. minimal 1ton dan harga cocok siap jemput. terima kasih folded hands 0895321001134
Neutral,Neutral,Positive,Positive,"masih tetap di daur ulang sampah plastik kirya tas, dompet dan kotak pensil mero recycle"
Positive,Positive,Positive,Positive,"daur ulang sampah, berkah melimpah indonesia masih terus menangani masalah penumpukan sampah khususnya sampah plastik dengan berbagai upaya. salah satunya adalah dengan melakukan daur ulang sampah. . . daur ulang sampah merupakan kegiatan mengolah kembali sampah atau produk habis pakai menjadi produk baru yang dapat dimanfaatkan kembali. . . manfaat dari daur ulang mampu membantu mengurangi jumlah sampah masuk ke tpa dan memaksimalkan material hingga masa pakainya habis. . . banyak sampah di lingkungan yang bisa di daur ulang kembali menjadi suatu barang yang lebih berharga, seperti plastik, kaca, logam, kaleng, kertas, minyak jelantah dan sebagainya. . . namun daur ulang bisa sukses dilakukan apabila sampah-sampah tersebut dalam keadaan baik. . . oleh karena itu, pemilahan sampah berdasarkan jenisnya menjadi hal yang bisa dilakukan untuk menjaga nilai material sampah berada pada kondisi yang baik. . . yuk memilah sampah mulai dari sekarang! kreasikan karyamu dengan memanfaatkan sampah untuk di daur ulang! copyright pengawasan pengendalian dan pengelolaan lingkungan hidup. welovecities weloveprobolinggo kotaprobolinggo pemkotprobolinggo"
Negative,Positive,Neutral,Positive,"seru-seruan di ruang daur ulang. realistiskan saja. selama produsen plastik masih gagal dihancurkan, maka daur ulang plastik akan tetap ada. daurulang rumahplastik wastemanagement buleleng bali"
Neutral,Positive,Neutral,Positive,"seorang teman bertanya, ""bagaimana cerita daur ulang plastik yg dibuat burung indonesia dengan pemda pohuwato itu? "" jawabku, ""masih jalan dan ini sudah tahun ke-5""."
Neutral,Negative,Neutral,Negative,pentingbackhand index pointing down informasi ulang ya gaes.. penukaran wadah plastik adalah wadah plastik daur ulang/wadah plastik murahan yg beli d pasar/wadah plastik non bpa yang masih di pakai di rumah yg di tukar kan di acara tgl 21 di islamic nanti akan d tukar tambah dengan wadah moorlife yg lebih sehat dan bergaransi OK hand kissing face with closed eyesbackhand index pointing rightingat ya..wadah plastik apa saja yg masih di pakai d rumah backhand index pointing left cc
Neutral,Neutral,Positive,Positive,"kreasi ke 2 wadah tisu dari daur ulang plastik sabun cair,,baru pemula jadi masih acak""n gambar nyaface with hand over mouthfolded hands mengisi waktu akhir pekan,,lamanya ngumpulin plastik nya karna bekas sendiri aja"
Neutral,Neutral,Positive,Positive,assalamualaikum warnanya cantik bun sayang kalo dibuang beaming face with smiling eyes masih dari plastik daur ulang bekas bungkus pakan kucing
Positive,Negative,Positive,Negative,"pabrik daur ulang plastik pt. pradha karya perkasa . budayakan membaca! informasi lebih lanjut mengenai perusahaan / cara lamar / kualifikasi dapat klik link pada bio dan story lokerpasinfo bagi anda yang masih bingung cara apply lamaran. anda dapat lihat sorotan / highlight ""tutorial"" ( lihat profile kami ) pertanyaan umum mengenai diatas tidak akan kami jawab melalu kolom komentar maupun direct message ikuti terus untuk mendapatkan update lowongan kerja pt jawa timur open paid promote silahkan klik link di bio kami lokersidoarjo infolokersidoarjo lokersidoarjoterbaru lokerpasuruan infolokerpasuruan lokerpasuruanterbaru lokermojokerto infolokermojokerto lokermojokertoterbaru lokersurabaya infolokersurabaya lokersurabayaterbaru lokermalang infolokermalang lokermalangterbaru lokerjombangterbaru eventjepang lokerjombang wibuindonesia mojokerto mojokertohits cosplayerindonesia mojokertokekinian lokergresik infolokergresik lokergresikterbaru lokerjatim lokerjawatimur"
Neutral,Neutral,Neutral,Positive,"masih tntang karnaval kmarn.. alhamdulillah,baju daur ulang dr plastik.. 1 hri krj pu hasil:smiling face with heart-eyes::star-struck: ra buono"
Negative,Negative,Negative,Negative,"di sisi lain, tingkat daur ulang sampah plastik terhadap jumlah timbulan sampah plastik masih sangat rendah maka sampah plastik dapat menjadi persoalan besar bagi perlindungan dan pelestarian lingkungan hidup. masalah sampah lebih dari sekedar masalah teknis yang merupakan menjadi cerminan perilaku masyarakat terhadap lingkungan. perubahan dalam pengelolaan sampah harus dimulai dari kebiasaan sehari-hari yang jika dilakukan secara konsisten akan memberikan dampak yang besar untuk lingkungan. maka cara efektif lainnya dalam pengelolaan sampah plastik. yaitu dengan menjalankan bisnis daur ulang plastik. untuk informasi lebih lanjut, kalian dapat mengunjungi website kami di atau dengan menghubungi 085174283883/085174293883 ya! bisnis daurulang sampahplastik pojokplastik indonesia"
Neutral,Neutral,Positive,Positive,masih dari daur ulang kardus dan plastik kresek diy kerajinantangan hiasanbunga
Neutral,Neutral,Positive,Positive,"kap lampu dari bahan daur ulang plastik, berkarya dengan bahan yang ada dirumah.. masih dalam proses recycledplastic youaremysunshine recycledart"
Positive,Neutral,Neutral,Positive,"masih dalam suasana memperingati hut kemerdekaan ri ke-79. ratusan anak tk se-desa yosomulyo berjalan kaki sepanjang 2,5 km dengan menggunakan pakaian kreatif yang terbuat dari daur ulang plastik dan ala pakaian kreasi lainnya. dalam acara jalan sehat kreatif tersebut diberangkatkan oleh kepala desa yosomulyo, drs.joko utomo purniawan, m.pd, start yos kafe ke timur krajan dan finish perempatan sidotentrem. sabtu, 31/8/2024. kades joko mengapresiasi kegiatan ini cukup inovasi, kreatif dan penuh kebersamaan ibu dan anak. ""dengan motto desaku beda tapi mesra, yosomulyo powerfull. bersama kita kuat dan mampu memajukan desa yosomulyo menjadi lebih baik,” tutur kades."
Positive,Positive,Positive,Positive,"mau punya bisnis daur ulang plastik, atau masih bingung pemasarannya? kami bantu mulai dari pembuatan mesin sampai pemasaran hasil produksinya. menyediakan pembuatan/perbaikan mesin daur ulang plastik : - mesin crusher / gilingan - mesin extruder / peletan - mesin tali rafia - mesin straw / sedotan tlp : 08123113641 wa : 0813311558 bengkelbubut daurulang daurulangplastik mesindaurulangplastik mesingilingplastik mesinpeletplastik mesintalirafia mesinsedotan"
Negative,Positive,Positive,Positive,dijual pabrik pengolahan biji plastik daur ulang di mojosongo-solo jawa tengah luas tanah : + 1200 m2 luas bangunan : + 900m2 listrik : 164 kva ada rumah tinggal 4 kamar dijual beserta mesin2 produksinya kondisi pabrik masih beroprasi harga : 4.5 m - nego wa : 081328362933 langsung pemilik
Neutral,Positive,Positive,Positive,"masih satu tahap lagi, besok kita lanjutkan! pemanfaatan limbah plastik dalam mengimplementasikan gaya hidup minim sampah. yuk, daur ulang sampah plastikmu menjadi barang berguna, agar tidak mencemari lingkungan. ecobrick #"
Neutral,Positive,Positive,Positive,dibutuhkan !! pet vacum bn dan bm bekuan pet putih dan bm gilingan pet botol bn dan bm masih bahan / sudah giling gpp diupayakan tidak ada lebel kertas & plastik / material selain pet. telp/whatsapp 081335404398
Neutral,Positive,Positive,Positive,masih edisi menyambut kemerdekaan ri membuat busana ala papua dr bahan daur ulang bungkus nasi dan plastik. merdeka flexed bicepsIndonesiaIndonesiaIndonesia
Neutral,Positive,Positive,Positive,masih biasa proses daur ulang plastik limbah kawan pengikut
Neutral,Positive,Positive,Positive,dicari plastik pp hd atau pe yang masih roll rollan tidak terpakai. saya belinya per kg dan untuk daur ulang plastik. kalo punya dan dijual silahkan wa 082138959798. lokasi solo dan yogya atau mana aja. makasih
Neutral,Positive,Positive,Positive,"akhirnya gajian lagi, ayo kumpulkan sampah plastik kita yang masih bisa di daur ulang teman teman , daripada kita bunang begitu saja , mencemari lingkungan. mending kita tukar dengan uang. walau tak seberapa, tapi setidaknya kita cintai lingkungan kita mulai dari diri kita sendiri . reelsfyp fyp cintailingkungan sampah"
Neutral,Positive,Neutral,Positive,barbienya blm disentuh mua smiling face with hearts masih ori ya guys..hand with index finger and thumb crossedtwo heartsfolded hands baju daur ulang bahan plastik fypkreatifitas anya annyeong semua orang semua viral
Negative,Negative,Negative,Negative,"masih menjajaki# kami dari kalimantan timur, kab. penajam paser utara masih mau menjajaki atau mencoba usaha daur ulang sampah khususnya plastik. di tempat saya belajar di balikpapan salah satu pengusaha daur ulang pelastik mengatakan bahwa plastik kerasan atau yang tenggelam tidak punya harga dan akhirnya ditumpukan. kalau di jual ke jawa tidak ada untungnya karena masalah ongkos pengiriman memakai fuso sebesar rp 15 jt. mohon bantuan dan bimbingan ke pada kami buat keluarga besar di grup agar kami tidak rugi dalam melakukan pengelolaan sampah plastik. terima kasih"
Negative,Neutral,Negative,Neutral,"pabrik daur ulang plastik cv nd plasindo di jongkang, buran, kecamatan tasikmadu, kabupaten karanganyar, ludes dilalap api pada kamis (25/7/2024). kebakaran terjadi diduga karena panel listrik tersebut meledak akibat korsleting. pemilik pabrik daur ulang plastik cv nd plasindo, iswahyudi, mengatakan menerima laporan kebakaran sekitar pukul 06.00 wib. saat kejadian, lanjutnya, di dalam gudang ada 10 karyawan yang bekerja sif malam. “informasi saya terima dari karyawan ada korsleting di bagian panel sampai meledak. lalu membakar semua di dalam pabrik,” kata dia, kamis pagi. dia langsung melaporkan kejadian itu ke pemadam kebakaran. tiga unit mobil pemadam kebakaran tiba di lokasi. mereka cukup kesulitan memadamkan api, mengingat kobaran api sudah membesar karena bahan plastik di dalam yang mudah terbakar. iswahyudi memperkirakan akibat kejadian ini mengalami kerugian hingga rp10 miliar. “ini pabrik daur ulang biji plastik. di dalam full bahan plastik yang memang mudah terbakar,” kata dia. hingga kini api masih membara. api juga belum berhasil dijinakkan. petugas pemadam kebakaran berusaha melokalisasi api agar tidak merembet ke lokasi lain. hal ini lantaran kondisi pabrik tak jauh dari spbu buran dan pabrik lain."
Negative,Negative,Negative,Negative,"setop pakai plastik untuk sampul! menyampul buku baru pakai plastik merupakan salah satu kegiatah yang tidak berpihak pada lingkungan di bidang pendidikan dan perpustakaan yang masih tetap lestari hingga saat ini. menyampul dengan plastik dapat membuat buku lebih awet dan mencegah buku terkelupas, tetapi sampul berbahan plastik sangat sulit untuk didaur ulang. pada akhirnya, sampul plastik ini menjadi sampah dan berakhir dengan cara dibakar atau di tempat sampah. sebagai pegiat sampah yang juga sekaligus guru saya memberi saran untuk mengurangi limbah plastik di lingkungan dan memudahkan proses pemilahan sampah plastik dan kertas, peserta didik dan pustakawan dapat menggunakan kertas untuk sampul. setelah kertas tidak dipakai lagi, bisa dimanfaatkan untuk didaur ulang menjadi kertas daur ulang (kdu). sampul berbahan plastik yang tak bisa didaur ulang mesti ditinggalkan. sampah plastik adalah bumerang bagi kita semua, jika demi estetika kita menjadi ‘ugal-ugalan’ dalam menggunakan plastik mungkin sudah saatnya kita berpikir ulang. bukankah demikian? mari bijak berplastik untuk hidup yang lebih baik! banksampahbalairaja bijakberplastik"
Neutral,Positive,Positive,Positive,masih di plastik daur ulang jangkauanluas semuaorang reelsfyp
Positive,Positive,Positive,Positive,"daur ulang pemanfaatan sampah plastik sebagai paving block sampah plastik masih menjadi permasalahan yang belum terselesaikan hingga saat ini. berbagai ajakan daur ulang plastik digaungkan agar sampah plastik tak terbuang sia-sia hingga mencemari lingkungan. tak ketinggalan di xie li kaltim 1, relawan dharma wanita dari unit mwhe giat melakukan kegiatan daur ulang sampah plastik. kali ini sj. umi kalsum mencoba memanfaatkan sampah plastik menjadi bahan campuran untuk membuat paving block. cara pembuatannya cukup sederhana, yaitu dengan mencampur pasir dan sampah plastik yang telah dimasak hingga meleleh, kemudian dicetak dan dibiarkan mengeras. hasil paving block yang dibuat ternyata memiliki kualitas yang cukup baik dan dapat dipergunakan sebagai bahan bangunan. tzuchisinarmas xielikaltim1 dhawakaltim1 dhawakaltim1bergerak jejakcintakasih sebarkankebaikan daurulangplastik"
Positive,Neutral,Positive,Neutral,yok mulai utk mmbiasakan 3r.. reused reduce recycle terus semngat menjadi org baik dalm mngelolah sampah.. noted..postingan bermanfaat utk org banyak dg senang hati di endorse..firefirefirefolded handsfolded handsfolded handsfolded hands
Neutral,Positive,Positive,Positive,masih di cari plastik pe bersih yg siap proses harga cocok siap jemput estimasi pengambilan di atas 1 ton inpo wa : 081514728862
Neutral,Positive,Positive,Positive,kreasi plastik bakar.. masih dengan bahan sampah plastik.. berjuang sendiri biar gak ada yang cemburu sosial lagi.. semangat para pengrajin daur ulang..
Negative,Negative,Negative,Negative,"daur ulang itu = barang bekas yang masih bisa di gunakan lagi menjadi sesuatu yang berguna. kalo bahannya masih dibeli ditoko, bukan daur ulang namanya.. paham? tujuannya daur ulang itu selain untuk membuat sesuatu barang yang baru dan bermanfaat, juga untuk mengurangi sampah.. contohnya, sampah plastik, botol, kertas, kaca dan lain2.. tapi yang ada banyak yg salah paham.. bahan utama di beli yang baru utk membuat sesuatu.. itu bukan mengurangi sampah.. bahkan malah menambah sampah.. eh eh eh..saya bukan ahlinya neh.. cuma gemes dg fenomena beranda fb hari ini.. ponakanku yg cantik calista n ghaitsa,,bisa saja tidak juara.. tapi harus jelas kekurangannya dimana.. ?? kategory daur ulangnya udah pas bener.. trs kurangnya dimana.. bukan tidak menerima kekalahan.. tp kalo suatu lomba ada unsur manipulatif nilai.. mendingan tidak usah bikin lomba.. !!"
Neutral,Positive,Positive,Positive,"daur ulang merupakan sebuah langkah kecil yang bisa berdampak besar bagi lingkungan. sayangnya, pengenalan konsep daur ulang di indonesia ini masih terbilang rencah. menurut data sustainable waste indonesia (swi) pada 2023, sampah plastik yang didaur ulang di indonesia baru sekitar 7 persen dan sisanya berakhir di tempat pembuangan akhir (tpa). 1. mitos daur ulang tidak bawa dampak baik masih banyak orang yang memiliki pola pikir seperti ini sehingga tidak melakukan daur ulang pada akhirnya.menurut data recycle now, daur ulang yang dilakukan di inggris mampu menurunkan emisi karbon sekitar 10—15 juta ton per tahunnya. angka tersebut setara dengan menghilangkan 3,5 juta mobil yang ada di jalan. 2. mitos benda hanya bisa didaur ulang satu kali setiap rumah sebenarnya menghasilkan sampah yang bisa didaur ulang. sebut saja plastik, kardus, cangkang telur, hingga kantong teh. semua benda tersebut bisa digunakan kembali. 3. mitos daur ulang mahal benda-benda yang berasal dari daur ulang diklaim sebagai barang yang mahal. hal ini terkait dengan pengumpulan dan proses pembuatannya. namun, hal tersebut juga tidak sepenuhnya benar. mendaur ulang sampah malah bisa menghemat pengeluaran untuk membeli barang baru sekaligus tagihan sampah bulanan. sekarang coba mulai perhatikan benda-benda tidak terpakai yang ada di dalam rumah. bisa jadi ada barang yang bisa kita manfaatkan kembali untuk kebutuhan lain."
Neutral,Neutral,Positive,Positive,telat post kreasi daur ulang lagi dari plastik kresek. puji tuhan semua memperoleh hasil yang memuaskan.. terima kasih untuk kepercayaan nya..nona cantik foto gaundaurulang dariplastikkresek fbprofesional fyp
Neutral,Neutral,Negative,Positive,proses perangkaian kostum daur ulang selesai jam 2malemface with spiral eyesface with spiral eyessleeping face maaf ya guys telat post reelschallengereelschallenge monetasifbpro fbpropemula semuaorangツ fypreel muajemberrecommended kontenpemula jangkuanluas muawuluhan
Neutral,Neutral,Positive,Positive,"mf, telat mang fb alhamdulillah 17/12/23 masi berthn dpt juara 1 lg dengn tema""go green"" daur ulang plastik,bisa menjadi kostum adat dayak kalimantansmiling face with heartssmiling face with hearts"
Neutral,Neutral,Positive,Positive,"daur ulang sampah plastik kresek bisa jadi bunga cantik. telat posting,folded hands"
Neutral,Positive,Positive,Positive,telat post lomba daur ulang botol plastik antargroup
Neutral,Neutral,Positive,Positive,"telat ngepost,, buat daur ulang dari plastik kresek,, 17an dpt juara satu,,smiling face with hearts"
Positive,Neutral,Positive,Positive,"telat posting,,hasil karya kami,,daur ulang plastik bekas menjadi baju yang sangat cantik, kegiatan fashion show anak sekolah minggu smiling face with hearts"
Neutral,Neutral,Neutral,Positive,telat post kak waktu p5 ikut fashion show pake daur ulang plastik
Neutral,Neutral,Positive,Positive,"telat posting, titip sini aja ya fb.. buat kenang""an kk arsya saat lomba fashion sow dari bahan daur ulang plastik dll, di hari kemerdekaan ke78 merdeka merdeka merdeka.."
Neutral,Positive,Positive,Positive,"info: bagi yg mempunyai limbah plastik,kardus,kertas dll. tolong sertakan lokasi dan no hp.nanti admin akan hubngi secepat ny.. 1.lagi butuh limbah kardus sebanyak2..pembayaran cash di gudang kami. 2.butuh limbah plastik pe,hd,pp pembayaran cash di gudang kami. 3.butuh kones benang warna warni.pembayaran cash di gudang kami. yg inbox sudah di balas smua ya.maaf telat balas ny..karna kesibukan admin di lapangan.thx oia nantikan no hp admin agar gampang komunikasi. salam"
Neutral,Neutral,Positive,Positive,"telat post,, edisi karnaval kec sungai lala,, si adx pake baju adat dayak pake bahan daur ulang sampah plastik,, start dr malam minggu sampai malam selasa jam 2 mlm,, walaupun lelah tp hasilnya memuaskan,, sekali² muji karya sendiri grinning facegrinning facegrinning face klo si abang yg simpel ja,,gk mau neko²,,cukup jadi petani katanya,, sehat² k dua jagoan ibu,, anak hebat, anak penuh pengertian gmn k adaan orng tuanya,, pokonya love love love lh red heartred heartred heartred heart"
Negative,Neutral,Negative,Negative,"mungkin belum banyak yang tahu tas anyam ini berbahan plastik (mungkin daur ulang,karena saya tidak tahu pasti) yang katanya karya dari penduduk di desa desa untuk mengisi waktu disaat waktu senggang, dan untuk sebagian orang tas ini dianggap kurang ""berkelas"" ternyata sangat laku dijual di negara dengan simbol binatang kanguru. untuk saat ini kebutuhan pasar disana melebihi barang yang tersedia,nah ternyata masalahnya ada di bahan tas tersebut yang sering telat khususnya pada variasai warnanya,terkesan aneh memang karena untuk pemesanan warna tertentu seringkali bahanya kosong, saya akan habis habisan memasarkan barang ini untuk saya jual ke benua seberang,dan mungkin anda sekalian akan mulai menyukai produk kita ini begitu anda melihat bagaimana rakyat dari negara tetangga kita begitu menghargai karya kita,apresiasinya begitu bagusnya.. yang bisa saya katakan saya cinta indonesia."
Positive,Positive,Positive,Positive,"walau pun agak telat di post lomba jambore pkk se kab lombok timur kec masbagik juara 2 lomba pengolahan daur ulang sampah plastik yg di wakili desa kesik (rumah kreatif linsi) dan juara 3 utk tim jinggle di komando ibu kades paokmotong, alhamdulillah.. rumahkreatiflinsi fbpro"
Neutral,Positive,Positive,Positive,"dimana mulut mereka yg bilang saya gak bisa berubah? dimana mulut mereka yg dulu menghina saya dan cara saya mencari uang ? bukan saya gak tau berapa banyak yg jadikan saya sebagai bahan olok olok smiling face gak selamanya yg hitam itu kotor,sampah plastik aja bisa di daur ulang smiling face with smiling eyes kalian kalo nemu uang 100 ribu di comberan bakal tetep ambil uang itu dan nilai uang gak akan berubah, lucu nya lagi yg dulu bilang haram skrg malah nyemplung dan minta jalan nya ke sayarolling on the floor laughing emng ya ""apapun makanan nya ,minumnya jilat ludah sndiri"" , sudah di bilang kalo blom pernah di posisi saya jgn nasihatin ,skrg di kasih coba kan rasanya di posisi saya dulurolling on the floor laughing note!: ini bukan di tujukan untuk seseorang tapi banyak orgrolling on the floor laughing gapapa lanjutkan saya sudah kenyang ,nakal saya di masa muda bukan telat nakal di masa tuaOK hand"
Negative,Negative,Negative,Negative,"darurat sampah apa kabar tpa sarimukti beberapa minggu ini petugas sampah selalu telat mengangkut sampah, karena kebakaran yang terjadi di tpa. terbayang jika sampah telat diangkut, apalagi sampah basah/dapur.. bau sudah pasti, belum lagi muncul belatung2.. grimacing facegrimacing face sudah 2 tahun ini, belajar memilah sampah walau masih belum optimal. tapi terasa sekali dampaknya. sampah yang bisa didaur ulang (botol2 dan sejenisnya), kertas, dus kita pisahkan. kita kasihkan ke pengepul yang suka keliling, lumayankan.. jadi pahala kebaikan buat kita. sampah dapur kita pisahkan antara sayuran, cangkang buah2n dengan jenis daging, ikan. untuk sayuran, buah-buahan masuk ke wadah bekas cat yang bawahnya sudah di beri lubang keluar cairan plus saringan. setiap sampah dapur masuk, ditutupi dengan sampah coklat alias daun-daunan sekitar halaman. tidak lupa diberi cairan khusus. sekali2 dikasih bubuk kopi biar baunya enak, lanjut di kocek. karena ngga rajin ngitung bulan, panennya kalau dirasa sampahnya sudah mengerut dan cairan di bawahnya sudah habisbeaming face with smiling eyes cairan itu bisa jadi pupuk buat tanaman kita, begitu juga kompos sampahnya. coba kita mulai di rumah sendiri. sepertinya sampah yang masuk ke tpa tidak akan sebanyak sekarang. sampah2 yang terkumpul di tpa adalah sampah2 yang memang sulit di daur ulang, seperti plastik dan sejenisnya. memang masih pr buat kami, meminimalisir plastik yang masuk ke rumah itu betul-betul perlu saling mengingatkan antar anggota keluarga."
Positive,Positive,Positive,Positive,"[lingkungan] yang kangen bu tejo yang kangen bu tejo, kali ini beliau kampanye sampah plastik.. sama kampanye calon lurah juga sih wkwkwkwkwkwkwk pesannya kumplit: kurangi produksi sampah plastik dengan menggunakan plastik guna ulang (reuse), seperti galon, keranjang belanja, dll. reuse ini sebenarnya paling mudah dilakukan karena bisa dilakukan oleh diri sendiri dimanapun dan kapanpun, tapi kalah populer daripada daur ulang (recycle). hasilnya pun langsung tampak nyata, produksi sampah kita berkurang. ironisnya ada produsen air minum dalam kemasan (galon) yg justru mengiklankan kemasan galon sekali pakai. ini produsen telat jaman atau memang sengaja cari sensasi untuk marketing gimmick sih? lingkungan sampahplastik kantonggunaulang plastikgunaulang galongunaulang galonisiulang butejo"
Neutral,Neutral,Positive,Positive,"pancing rezeki dengan sedekah ! sedekah itu gampang ! gak ada orang yang miskin karena sedekah. sedekah adalah satu-satunya pengeluaran yang menguntungkan karena kembalinya pada kita bisa berlipat ganda. sedekah gak akan mengurangi harta kita sedikitpun bahkan sedekah bisa membuat harta kita lebih berkualitas karena lebih berkah. tapi seringkali kita suka mikir kalo sedekah, seolah-olah sedekah itu sesuatu yang berat untuk dilaksanakan. gimana mo sedekah wong kita juga masih kekurangan? gimana mo sedekah wong kita aja susah, harusnya kita yang disedekahin bukan sebaliknya. gimana mo sedekah wong uang kita sudah ada pos-posnya dan gak tersedia lagi buat sedekah?? itu sebabnya kita masih kekurangan, masih susah, masih miskin dan uang selalu gak bersisa, karena kita pelit ! rezeki jadi susah masuk kalo kita pelit. harusnya kita pancing rezeki itu agar datang dengan sedekah. sedekah gak mesti nunggu kaya,nunggu banyak duit, nunggu berkecukupan karena sedekah itu intinya action alias melakukan, segera dan gak nunggu lama. sedekah pun gak harus pake duit. intinya sedekah itu gampang, kalo mau lho ya ! banyak jalan untuk bersedekah seperti penjelasan berikut. banyak cara bersedekah. (1) sedekah nasi bungkus. siapkan nasi bungkus dari rumah. berikan ke orang yang kira-kira membutuhkan seperti pedagang asongan, pengemis, orang gila, pengamen, anak terlantar, tukang sapu jalan dan sebagainya. nggak usah banyak-banyak, misal 1 bungkus setiap harinya. gak usah maksain juga. amalan itu yang paling penting bukan kuantitasnya tapi kualitasnya. sedekahnya sih keliatan kecil, cuma sebungkus nasi, tapi kalo dilakukan tiap hari. dalam seminggu ada 7 orang miskin yang kita beri makan, bukan? setahun ada 365 orang..?? wow !! nasinya pun bisa kita buat sendiri dengan lauk sederhana, bisa juga kita beli sesuai dengan kemampuan. gak mesti maksain makanannya harus wah.. yang penting cukup untuk membuat kenyang perut yang lapar. kalo gak kuat beli nasi, roti pun juga gak apa-apa. roti dan aqua gelas sudah cukup untuk mengganjal perut. (2) sedekah perlengkapan masjid. laundry/cucikan mukena secara berkala musholla yang ada di sekitar lingkungan kita. berkala beli mukena baru, misal 3 bulan sekali. malu dong sama allah pake itu-itu melulu, sementara kalo baju bole ganti-ganti. setelah beli yang baru yang lama boleh disedekahkan. bawa mukena ketika akan berpergian. tinggalkan di masjid/ musholla yg kita singgahi. beli kamper/pengharum baju. taruh di kumpulan mukena di masjid/musholla yg kita singgahi bungkus perlengkapan shalat (mukena, sarung, sajadah, kopiah, al qur'an jadikan parcel ketika lebaran. berikan ke satpam komplek atau tukang kebersihan komplek atau office boy dikantor. inshaa allah pahalanya mengalir. beli beberapa pasang sandal cepit, taruh di kantor, musholla atau masjid untuk digunakan ketika berwudhu. beli perlengkapan untuk membersihkan toilet, juga pengharum ruangan, dan berikan secara berkala ke masjid2. bagi yang shalat jum'at, datang 15 menit lebih awal. bantu bersih2 dan beres2. (3) sedekah bahan daur ulang kumpulkan botol minuman plastik/botol bekas shampoo dll, setelah banyak berikan ke pemulung. kumpulkan kertas / karton / koran bekas, berikan ke pengumpul koran / kertas untuk ditimbang dan dijadikan uang. daripada dibakar mengotori udara. (4) sedekah alam. kalau beli minum dalam kemasan, kalau ada sisa bawa pulang. airnya bisa disedekahkan untuk tanaman (sedekah alam), dan wadahnya dikumpulkan, kalo sudah banyak kasi ke pemulung.. beli beberapa burung yang murah saja, lepaskan ke alam bebas. kalo ketemu tanaman yang layu di jalan, siramilah. ketemu tanaman yang patah, ikat tanaman itu agar bisa kembali tersambung. jangan sengaja menginjak tanaman atau binatang kecil yang lagi jalan mencari rezeki allah di tanah. beli makanan kecil seperti kacang/kerupuk taro dalam toples, bawa di tas. ketika di jalan ketemu kucing kelaparan, berikan. (5) sedekah ke panti asuhan. beli barang diskonan di supermarket agak banyak. misal detergent, minyak goreng, sabun, buku tulis, pulpen kemudian bungkus cantik hadiahkan ke panti asuhan atau rumah singgah. buku cerita atau baju-baju yang udah gak dipake, kumpulin dan bawa ke panti asuhan. di sana mereka butuh bahan bacaan dan pakaian. (6) lebihkan pembayaran. jangan nawar ke pedagang kecil, kalo bisa justru kasih lebih. gak usah ngotot minta kembalian, sedekahin aja. belanja ke pedagang kecil untuk mendukung mereka mencari nafkah halal, daripada nyuri / nipu ! beli tissue atau keperluan yg sederhana di pedagang kecil yg kita jumpai, misal tissue 200 rupiah, ikat rambut atau peniti sudah cukup bikin mereka senang. bayarlah lebih ketika naik angkot yang supirnya kakek-kakek atau bapak tua. kasih tips lebih buat ibu/abang ojek online kalo kira-kira jaraknya jauh dan juga kondisi mereka yg memprihatinkan (tua misalnya). ketika di bis/ angkot. bayarin nenek-kakek yg keliatan kurang mampu atau suami istri yang buta. (7) sedekah makanan. ketika makan di kaki lima ada pengemis atau anak terlantar, beliin mereka seporsi seperti yg kita makan.. lagi asik makan gorengan ada anak minta-minta, kasiin aja ke mereka sekantong gorengan. ada pembangunan masjid? bisa bikin gorengan? berikan beberapa ke pekerja. (8) gratisin mereka yang puasa. siapa yang suka jualan makanan kecil di kantor? gratisin buat yang buka puasa. kebayang kan gorengan 200 bisa bikin kita masuk surga? insya allah. pas bulan ramadan. diperkirakan buka puasa diperjalanan. angkot, bis, kereta, busway etc. siapkan beberapa air mineral (gelas) pas adzan bagi-bagi. kebayang beli 500 aja udah dapat 10, kita dapat 10 pahala beri minuman orang berbuka. in sya allah. (9) sedekah tumpangan. tawarkan temen kita yang searah, jika kita bawa kendaraan. selalu siap jika dimintai tolong tenaga, jika sedekah materi belum bisa kita lakukan. (10) sedekah membersihkan. pada saat di perjalanan bersama keluarga mampir di toilet masjid biasakan anak laki-laki diberi tugas bersihin toilet dan tempat wudhu. bersihkan mesjid atau mushala kantor/toko/kompleks, meski cuma sekali seminggu menjelang jumatan. (11) sedekah mainan. rutin mensortir mainan anak-anak kita. mainan yang udah gak kepake dan gak dimainin anak-anak kita tapi masih bagus, bisa dikumpulin dan dibagi ke anak panti asuhan atau anak orang miskin sekitar rumah yang untuk makan saja susah apalagi untuk beli mainan. buy 1 give 1. ketika beli mainan baru harus ada 1 mainan yang disedekahkan ke temannya atau panti asuhan. banyak cara buat bersedekah bukan? semoga jadi salah satu timbangan amal jariyah kita nanti. semoga juga tulisan ini menginspirasi mereka yang enggan bersedekah, karena sesungguhnya sedekah itu gampang. mulai dari hal yang terlihat sepele, mulai dari diri sendiri, mulai dari sekarang..gak nunggu besok, keburu dijemput ajal, jadinya telat lho! kebayang satu orang di antara kita menjalankan ini setiap harinya berapa banyak masalah sosial bisa teratasi? yuk mulai hari ini bersedekah ya.. !! wallahu alam.."
Neutral,Positive,Positive,Positive,daur ulang plastik bukan beras plastik fyyp viral fb
Neutral,Positive,Neutral,Positive,"dicari untuk dibeli sebanyak2nya, no limit, plastik jenis pe. - pe super - pe as - pe a1 - pe warna/sablon - pe karet - pe 2/pe kotor (bukan bekas oli, mentega, minyak) - pe warna kotor pembayaran cash langsung ditempat, kirim ke pabrik di bandung. tanya2 bisa wa ke no 0895412037319 terima kasih"
Neutral,Positive,Positive,Positive,"apa itu daur ulang? ini nihh.. daur ulang, barang² yang dari rumah.. contoh nya, baju ini yang terbuat dari plastik dapur.. bunga² putih ini dr daur ulang.. hanya plastik pink ini lah yang dibeli.. uda tau kan daur ulang itu? siapa yang mau adopsi ini sebelum kubakar.. efek rumah yang sempit kurang ruang.. tp khusus luar patumbak, bukan org patumbak yaarolling on the floor laughing biar ada gaya dikit kirim pake expedisi isi plastik daur ulangrolling on the floor laughingrolling on the floor laughing"
Neutral,Neutral,Positive,Positive,daur ulang plastik menjadi : * saolar * bensin * minyak tanah post gb
Negative,Negative,Negative,Negative,"mau lemari plastik yang kuat dan berkualitas?? yaa olymplastdouble exclamation mark terbuat dari 100% biji plastik murni bukan daur ulang, jadi dijaminbackhand index pointing down check mark button tidak bau check mark button tidak mudah pecah check mark button tidak mudah lecet lapisan atas berbahan mdf tebal, jadi ngga cuma berfungsi sebagai lemari, tapi juga bisa jadi meja tempat hiasan di ruangan andasmiling face with open hands buruan dapatkan harga flash sale akhir bulan mulai 700rban aja:smiling face with heart-eyes: stok terbatas! untuk pemesanan langsung hubungi mimin yaa admin 1 : 085725079215 ana admin 2 : 085747119254 tofik"
Neutral,Negative,Negative,Negative,"container bali 8 liter bahan plastik ori bukan daur ulang, lebih kokoh dan tahan lama tutup klip lebih rapat panjang 28.5 lebar 19.5 tinggi 14.5 no entryharga promofirefire rp.23.00/pcs"
Positive,Neutral,Positive,Neutral,latepost karnaval agustusan dengan tema daur ulang menggunakan plastik :smiling face with heart-eyes: bulan agustus yang akan datang temanya apalagi yaa ?? smiling face with smiling eyes fypjangkauanluas fbpropemula sorotan pengikut anakrahebat
Neutral,Negative,Negative,Negative,yuk yang butuh tutup galon nya bahan biji plastik asli bukan campuran atau daur ulang jd lebih kinclong dan bersih higienis.
Neutral,Neutral,Positive,Positive,"daur ulang plastik ya,, bukan daur ulang hati"
Neutral,Neutral,Neutral,Neutral,plastik daur ulang recycling symbol bukan iklan ya ini rolling on the floor laughing
Negative,Negative,Negative,Negative,"termos nasi by moorlife, terbuat dr bahan plastik premium. bukan daur ulangcross mark aman bebas bpacheck mark button"
Positive,Neutral,Positive,Neutral,"ginilah aku jijiknya sama penggunaa fb pro!! nyolong video buat caption hoaks!! itu daur ulang plastik, di bikin biji plastiik, bukan beras lol thololl .."
Neutral,Positive,Positive,Positive,masyaallahh. baju daur ulang dari plastik dan lain-lain.. terima kasih sudah order. dan terimakasih sudah mempercayakan kepada kami ronde ke-2 purple heartblack heartgrey heartbrown heartlight blue heartwhite heartblue heartyellow heartgreen heartred heartpink heartorange heart bajudaurulang
Neutral,Neutral,Negative,Negative,promo lemari anak motif hamster 4 tingkat bahan dari plastik kokoh bukan plastik daur ulang
Neutral,Neutral,Negative,Negative,"rak yoyo 4tingkat diproduksi dari biji plastik asli, bukan plastik daur ulang, hingga lebih kokoh dan tidak mudah pecah, anti rayap, anti lembap, tidak berbau. uk. 36 x 30 x 78cm"
Positive,Positive,Positive,Positive,"kesempatan terbatas! miliki mesin giling plastik dengan harga terjangkau! lagi cari solusi untuk meningkatkan efisiensi daur ulang plastik? mesin giling plastik ini adalah pilihan terbaik untuk berbagai kebutuhan industri pengolahan limbah! dirancang untuk menghancurkan berbagai jenis plastik dengan efisien dan aman, mesin ini siap membantu anda menjaga lingkungan sekaligus meningkatkan produktivitas. keunggulan produk: 1. kapasitas giling besar dan konsisten 2. struktur kokoh dan tahan lama 3. pengoperasian mudah dan aman 4. garansi 6 bulan dengan opsi kustomisasi warna nikmati harga spesial bulan ini! hubungi kami sekarang untuk info lebih lanjut atau konsultasi gratis di telephone 0851-9833-007. daur ulang jadi lebih mudah dengan mesin giling plastik kami – solusi efektif untuk hasil kerja berkualitas tinggi!"
Negative,Negative,Negative,Negative,"ecobrick itu bukan solusi saya sangat sedih mengetahui sebagian orang, termasuk projek p5 di sekolah, membuat ecobrick dengan menghasilkan banyak sampah plastik untuk membuat lebih banyak ecobrick crying face. sahabatbasmenjar, kita menciptakan solusi untuk mengatasi masalah bukan sebaliknya. ecobrick lebih tepat diaplikasikan di daerah yang tidak memiliki fasilitas daur ulang dan tempat pemrosesan akhir (tpa) seperti di pulau-pulau terluar. kita perlu mengingat bahwa dalam membuat ecobrick, ada tahapan penting sebelum membuat ecobrick yaitu menolak plastik. menolak kantung plastik, sedotan, dan menghindari makanan yang dibungkus dengan banyak plastik. hari semakin hari harus kita akui, plastik menjadi bagian tak terpisahkan dari kehidupan kita, sehingga muncul ide seperti ecobrick. namun, sebuah ecobrick bukan alasan untuk terus menghasilkan banyak sampah plastik. ecobrick bukan solusi permanen untuk sampah plastik. jika kita bisa mengurangi pemakaian plastik di rumah yang akan digunakan untuk membuat ecobrik, itu pertanda baik thumbs up. berto sitompul"
Neutral,Neutral,Positive,Positive,maasyah allah hasil karya daur ulang plastik:smiling face with heart-eyes:hanya untuk lomba kreasi bukan untuk fashion show face with hand over mouthrolling on the floor laughingrolling on the floor laughing
Neutral,Positive,Positive,Positive,lagi butuh pp dus kamban sebanyak banyaknya buat di daur ulang kalo ada silakan inbox.cocok siap angkut
Neutral,Neutral,Neutral,Negative,ready suppliyer keranjang merah industri 80liter bahan – menggunakan plastik murni (bukan daur ulang) – plastik tidak berbau – warna original + menarik – kuat dan kokoh – tersedia warna merah
Negative,Negative,Negative,Negative,"terjebak ritme usaha giling plastik daur ulang alhamdulillah tadi bersilaturahmi ke tempat juragan giling plastik kerasan hi abs, dr lapak pungutan dan untuk kesekian kalinya juaragan giling plastik kerasan hi abs yg ku temui terjebak ritme usaha daur ulang giling plastik hi abs setelah terjadi dialog ngobrol ngalor ngidul dalam dunia giling plastik kerasan hi abs, tanpa sadar apa yg dilakukan dlm ritme usaha giling plastik nya tdk menunjukan kemajuan dlm bentuk profit yg signifikan bahkan tidak signifikan, dan hy sebatas memutar usaha yg seolah msh bs jalan dan tanpa disadari jg justru modal usaha selalu nambah tp modal yg awal blm bisa modal itu kembali.. inilah dirasakan dan dialami para juragan giling plastik kerasan hi abs,tiada lain tiada bukan krn terjebak dg ritme usahanya sendiri.. maaf..bukan niat utk menggurui tp kesekian kalinya keluh kesah juragan giling plastik yg ku temui,, semoga bs utk koreksi dan intropeksi diri dalam usaha gilingan plastik kerasan hi abs.. salam ttp semangat pejuang giling plastik daur ulang."
Positive,Positive,Positive,Positive,"recycling symbolsparkles elegan dalam daur ulangsparklesrecycling symbol dengan langkah penuh percaya diri, sispathree dari xi perhotelan mempersembahkan gaun unik yang terbuat dari botol plastik bekascup with strawdress setiap helai gaun ini bukan hanya sekadar fashion, tetapi juga pesan tentang kreativitas dan kepedulian terhadap lingkungan. mari dukung inovasi dan keberlanjutan! :globe showing Europe-Africa:green heartpink heart lomba fashion show gaun terbaik smks aska bali mandala || nomor undi 04 sispathree xi perhotelan sasbamajaya fashionramahlingkungan daurulangjadikeren sustainabilityinstyle"
Neutral,Neutral,Neutral,Positive,"belakangan ini lagi heboh di medsos tentang tugu pesut di simpang lembuswana, bukan cuma di samarinda, bahkan viralnya se indonesia. menurut informasi tugu tersebut memiliki tinggi 8 meter, dan terbuat dari kontruksi baja berlapiskan kabel plastik daur ulang. inspirasi desain tugu merah ini menggambarkan siluet pesut mahakam. . . pushpin simpang lembuswana, samarinda, kalimantan timur, indonesia tugu pesut viral samarinda"
Neutral,Negative,Negative,Negative,"open po shopping cart rak yoyo molistar 4 susun ✓ berat barangwhite small square 2kg produksi dari biji plastik bukan plastik daur ulang, hingga lebih kokoh dan tidak mudah pecah, anti rayap, anti lembab, tidak berbau. awas tertipu barang murah tapi mudah pecah dan gampang kendur. * dimensi (pxlxt): 36 cm x 30 cm x 78 cm"
Neutral,Negative,Negative,Negative,"ready stock :smiling face with heart-eyes: leora lemari plastik 3 susun desain minimalis tidak makan tempat.. bisa dilipat dan mudah dipindahkan (ada roda).. bagian tutup transparan, bahan plastik tebal berkualitas (bukan daur ulang)"
Neutral,Negative,Negative,Negative,"tempat nasi + es / termos nasismiling face with hearts:smiling face with heart-eyes: *merk maspion *bahan plastik murni bukan daur ulang *cocok buat tempat nasi / es batu *kapasitas 30 liter air / 10-12 liter nasi *ada 3 pilihan warna, pink & biru"
Neutral,Neutral,Neutral,Positive,":globe showing Asia-Australia: plastik bukan trend lagi, saatnya pilih kemasan ramah lingkungan! :globe showing Asia-Australia: dunia semakin sadar pentingnya menjaga lingkungan. green heart kemasan eco-friendly seperti paperbag, box daur ulang, dan label ramah lingkungan bukan hanya pilihan, tapi keharusan! sudahkah bisnismu beralih? four leaf cloverrecycling symbol ecofriendlyliving kurangiplastik sustainablepackaging tunggu apalagi, yuu buruan di order! shopping cart order: wa: 0877-7728-8080 atau klik link di bio ☆custom paper bag kampoeng hijau☆packaging wrap ☆box☆ roll label ☆hangtag☆tas furing☆stiker ☆amplop☆ alas kaki cuci mobil ☆ cherriesdesign gratis dan sesuai selera cherriesharga lebih murah jika pesan 100pcs cherriesbisa custom ukuran, bentuk dan jenis kertas cherriesramah lingkungan kampoenghijau daruratsampahjogja taskertasgrosir taskertasjogja paperbagjogja paperbagcustom paperbagbatik paperbagkekinian gogreen jogjadaruratsampah ordernow"
Negative,Neutral,Negative,Negative,"hari jum'at kemarin tgl 26, hari terahir sy jual semua jenis gilingan plastik ke pelanggan sy, yg sdh berjalan sekitar 2 thn. sekarang sy akan mencari bos baru yg asik, yg bisa di ajak kerja sm dengan baik, tdk hanya memikirkan keuntungan dirinya sendiri. barang yg sy giling barang pungutan, bukan bs pabrik. yg sy giling jenis pp kambangan dalam 1 minggu kurang lebih 7ton, setok sekarang sedang kosong lokasi tangerang banten."
Neutral,Neutral,Positive,Positive,"masyallahtabarakallah *bukan rumah mewah dan besar hanya rumah kecil dan sederhana* haii bund salam pecinta biru yah bund.. siapa tau bisa menginspirasi buat sesama pecinta biru.. biru sederhana ala mommy semoga berkenan dihati mommy yg lainnya dan dapat menginspirasi red heartred heart rumah minimalis type 45 , perpaduan biru,putih, hitam dan abu2.. 1. ruang tamu .. ruang mini di lengkapi dengan kursi bekas dri orangtua sy yg awalnya warna coklat yg kemudian sy dan suami ubah jadi putih biru suami bagian nge cat kayu kursinya sy bagian pasangin jok kursi dengan kain bludru grinning face. rumah jangan tunggu luas dlu baru bisa nyaman. klu ada barang bekas bisa di daur ulang kenapa tdk pake yg ada dulu biar nggak mubazir 2.ruang tv .. ada rak tv itu bekas dri rumah mertua juga awalnya warna coklat dicat jadi putih deh, trus rak smping kiri kanan dlu waktu masih drumah mertua udah beli mmng buat nyimpan susu, ternyata bisa di manfaatin buat druang tv red heart 3. dapur .. nah kitchen didapur ini udah ada pas beli/nyicil rumah awal.. trus warna tehelnya masih hijau bund, krna mnurutku kurang cocok sm tema warna rumah sy jadinya emak kepikiran cat jadi putih, catnya pake cat khusus kermik yah momred heart 4. kamar 1 .. dikamar anak sy ada lemari bekas yg dlu warnanya coklat nah ini juga di cat jadi biru putih.. ada ranjang uk 200*100 itu ranjang belas punya sy dlu waktu masih sekolah daripada ngga kepakai jadilah sy ambil drumah orangtua sy di cat lah sesuai tema kamarnya biar seragam meja pun sma itu di cat juga,, lemari plastik samping meja itu juga di cat loh bund red heart 5. kamar 2 .. itu kamar utama nah itu sengaja buat ranjang susun 2 ukuran springbed no 2 atas yg bawah juga ukuran springbed no 2.. karna masih punya 2 batita.. sengaja buat 2 susun soalnya anak2 masih tidur bareng sm ayah ibunya tempat tidur atas ibu dan ade bayi tempat tidur bawah buat ayah dan kk.. sengaja buat di dorng2 bagian bawah biar ngga bikin kamar sempit bund red heart *jangan nunggu luas dlu biar bisa nyaman yah bund.. *barang bekas dan layak pake masih bisa di manfaatin jadi barang baru dan cantik loh bund..jangan keburu di buang atau beli baru klu yg layak pake masih bisa di manfaatin biar nggak mubazir red heart"
Neutral,Neutral,Negative,Negative,"assalamu'alaikum warahmatullahi wabarakatuh update *lemari plastik 3 pintu modern* merk *olymplast* garansi *2 tahun* spesifikasi tinggi 180 cm x lebar 120 cm x dalam 050 cm kode : otc 3p modern merk : olymplast bahan : berbahan plastik tebal dan berkwalitas, (bukan plastik daur ulang). terdapat 2 laci pada bagian bawah. handle pintu yang lebar, menambah kesan kemewahan lemari plastik ini. kwalitas produk high quality *middle quality √* standart quality"
Neutral,Neutral,Negative,Negative,"klo ini bener namanya daur ulang sampah plastik, bukan bikin gaun plastik dari plastik yg baru beli smiling face"
Negative,Neutral,Negative,Negative,– menggunakan plastik murni (bukan daur ulang) – plastik tidak berbau – warna original + menarik – kuat dan kokoh – tersedia warna biru harga rp 58.00
Neutral,Neutral,Negative,Negative,"membuat stand base dari bahan papan daur ulang runner dan sampah plastik. potongan belum rapi, blm bisa bongkar pasang kayak aslinya karena langsung dilem korea sambungannya."
Negative,Neutral,Negative,Neutral,pesanan org pembuatan baju daur ulang dari plastik utk 17 agustus.tp belum siap.
Neutral,Positive,Positive,Positive,"meski belum dapat juara, fashion show daur ulang, di buat dari 500 gelas plastik bekas, kerumitan tingkat tinggi. butuh waktu 5 hari untuk diselesaikan, detail nya bikin mumet..butuh banyak exprimen untuk menyulap gelas bekas ini untuk jadi gaun yg elegan. model by: aya thanks to wan yuli fitriati yang selalu beri suport"
Neutral,Positive,Positive,Positive,"halo sahabat daur ulang, masalah sampah di kota kita belum selesai. mari terlibat dalam upaya pemilahan sampah untuk membantu kota kita dalam mengatasi permasalahan limbah. kami adalah baciraro(baciraro.com), partner daur ulang yang siap mengangkut sampah rumah tangga anda dengan jenis limbah yang dapat didaur ulang seperti botol plastik dan kertas. bagi anda yang tinggal di wilayah manado, minahasa dan minahasa utara, kami menyediakan form pick up ( beserta pendaftaran penjemputan salam, baciraro"
Neutral,Neutral,Positive,Positive,"belum punya produk daur ulang?? chemenn!! keppo boleh belajar monggo minat, bisa japri di 087739026677"
Neutral,Neutral,Negative,Neutral,mencoba membuat baju dari bahan daur ulang plastik.. belum bisa model yang rumit.. model yg simpel saja mikire ws mumet person facepalmingperson facepalming
Neutral,Neutral,Positive,Positive,"bunga dari hasil daur ulang kantong plastik atau kreseksmiling face with smiling eyessmiling face with smiling eyes belum selesai teman²,daunnya belum di pasangbeaming face with smiling eyesbeaming face with smiling eyes"
Negative,Negative,Negative,Negative,"otak sedikit "" oleng"" membuat baju daur ulang selalu ada cerita uniknya. jika ada yg mengatakan ""kok mahal, baju daur ulang kan cuma dari maaf ""sampah"" ? ato ada juga yg bilang, bikin gitu aja kok lama (saya mematok minim 2 minggu sblmnya sdh hrs pesan, baru saya kerjakan), bukannya cepet wong dari plastik ? mom, bu, mbak, sist.. monggo dicoba mbuat sendiri 1 saja, dg catatan bungkus bersih dalamnya, full jahit mesin, full furing dalam, belum lagi yg minta dressnya ""mekrok"" 75cm - 1m, saya kudu bikin ram-ram-an kawat kurungan di dalam rok untuk mewujudkan ""mekroknya rok"". dg demikian anda bisa menyingkronkan ucapan anda dg pekerjaan. kok mahal ? secara baju kain saja lbh murah, bisa dipake berulang2 lagi. helooww..namanya aja seni, dmn2 karya seni apalagi yg dibuat dg teknik tinggi gak akan ada yg murah. selalu uber2an waktu mesti saya alami disaat membuat baju daur ulang, dimana saya sbg mom harus melakukan tugas saya juga tugas dad. mulai membelajari pelajaran anak, urus pekerjaan rumah tangga, mencari nafkah, antar jemput anak, jualan online dll harus saya kerjakan sendirian. kadang otak menjadi sedikit ""oleng"" disaat bbrp hari nyaris tidak tidur demi mencapai target tgl selesainya baju. cerita lucu terakhir yg saya alami saat bikin dress ini adalah salah memakaikan seragam pada titi. seharusnya kamis jadwalnya memakai baju olah raga, eehh..malah saya pakaikan seragam batik. begitu nyampe halaman sekolah, melihat teman2 titi pake baju or, ke-oleng-an otak saya mulai sedikit memudar kalo titi salah kostum hari itu hahaha.. akhirnya saya dan titi hrs pulang lagi kerumah untuk ganti kostum wkwkwk..(beruntung rmh kami dkt sekolahan). sepanjang perjalanan kerumah, byk sekali yg nanya kok balik lagi, salah kostum saya jawab dg rasa malu juga sich hihihi tidak fokus, itulah yg terjadi saat otak saya kekurangan oksigen dan nutrisi. jadi..yang mau pesan baju daur ulang di saya, jgn memaksa 3 hari harus selesai ato seminggu harus selesai, saya gak mau yaa..apalagi yg luar kota, tambah 3-5 hari estimasinya krn kita kirim hrs pake expedisi. juga jgn minta harga 100.00, monggo dibuat sendiri saja kalo hrg segitu (itu bukan nawar tapi sadis namanya hahaha) sekian dulu ya cerita ttg baju ini. baru bisa cerita stlh menebus tidur ber-jam2 2 hari ini."
Positive,Neutral,Neutral,Positive,"fashion show tema "" daur ulang plastik "" mama dan anak2, ayah mau ikutan bajunya belum jadi rolling on the floor laughingrolling on the floor laughingrolling on the floor laughing good job anak2ku kalian luar biasa face blowing a kiss hut ri yg ke 79 merdeka partying face"
Neutral,Neutral,Positive,Positive,"keren.. kalau dirmh saya sdh dong memilah sampah dan setor di bank sampah plastik kotor dicuci biar ga bau trs dikumpulkan, pilah yg bening, bercap, mengandung alumunium foil dan pastinya botol2.. awal ribet tp lama2 jd kebiasaansmiling face with hearts tapi belum bisa melakukan spt bli nya itu krn kan butuh alat2 tentunya ayo kumpulkan sampah plastik kita dan setor ke bank2 sampah kitaflexed biceps"
Negative,Negative,Negative,Negative,ada 2/3ton.plastik gabrug(belum sortir) tpa isian 50%hd 35%pe 10%pp siap rutin juraganhot beverage.lokasi pantura indramayu
Neutral,Neutral,Neutral,Positive,daur ulang sampah plastik part 1( belum jadi )
Neutral,Neutral,Positive,Positive,hai saya surya dari pt.lee jocas bros saya ingin menawarkan jasa giling plastik semua jenis plastik. saya tidak menerima yg belum di sortil.saya cuma terima barang yang sudah siap giling sudah di sortil.lokasi saya di tangerang kalau mau tanya'' bisa langsung wa 087832543300
Neutral,Neutral,Positive,Neutral,mesin plotot plastik daunan atau plastik gilingan kondisi mesin sangat layak pakai..lokasi gresik minat wa 085730320702
Negative,Negative,Negative,Negative,katanya fashion show daur ulang tapi ini plastik belum pernah buat bawa belanja grinning facealias masih original hehe masa kecilmu bunda simpan dimemory bunda yg gak akan pernah hilang assalamualaikum warahmatullahi wabarokatu salam dari anak tk mmt muara delang
Neutral,Positive,Neutral,Positive,"pantesan barang logitech batch baru bahan nya kek beda gitu ternyata dari plastik daur ulang sama hal nya kek sandisk, padahal dulu belum ada mungkin ini upaya untuk menyelamatkan lingkungan share"
Positive,Positive,Positive,Positive,"daur ulang sekali ini adalah kemasan plastik berbahan polyethyl enterephthalat (pet) dan kemasan minuman kaleng berbahan aluminium. sistem einwegpfand ini walaupun masih belum bisa memuaskan semua orang termasuk pencinta lingkungan, tetapi paling tidak sampah plastik sudah diminimalkan. setiap botol pet yang kita kembalikan akan dihargai 25 cent (berdasarkan kurs saat ini sekitar senilai 400 rupiah), sedangkan kemasan daur ulang beberapa kali berbeda-beda jumlah yang akan kita terima, tergantung jenis dan ukuran botolnya. di jerman mesin automat ini sudah merata ada di setiap supermarket. konsumen cukup mengembalikan botol-botol kosong yang ada tanda daur ulang tersebut ke mesin-mesin yang tersedia. . . follow dan support .ig untuk dapatkan info, fakta menarik dan hal baru setiap harinya! thanks smiling face with sunglasses -- copyright all rights and credits reserved to the respective owner(s).please contact us for credit or removal. --‐‐-- fakta infoterbaru jakarta ilmupengetahuan mitos wawasan surabaya luarbiasa informatif sains teknologi lagirame indonesia viralbanget faktadunia medan tiktokindo lagiviral medsostv hotmedsos sampah daurulang daurulangplastik follow .ig faktaduniafaktaduniaislam faktaduniaunik faktaduniaa faktaduniakini faktaduniaind"
Neutral,Neutral,Neutral,Positive,"tutotial setor hasil karya plastik kresek. bunga snapdragon ala saya grinning face with smiling eyes snapdragon rasa sedap malam face with tears of joyface with tears of joy belum sempurna tapi lega karna akhirnya selesai juga pesanan kali ini. mohon krisannya temen2 smiling face with smiling eyes buat yg mau tau cara bikinnya,tutorialnya ada disini ya backhand index pointing down light skin tonebackhand index pointing down light skin tonebackhand index pointing down light skin tone jangan lupa tonton juga tutorial membuat bunga krisan ala saya grimacing face terimakasih smiling face with open hands"
Negative,Neutral,Negative,Neutral,"solopos.com, karanganyar–pabrik daur ulang plastik cv nd plasindo di jongkang, buran, kecamatan tasikmadu, kabupaten karanganyar, ludes dilalap api pada kamis (25/7/2024). kebakaran terjadi diduga karena panel listrik tersebut meledak akibat korsleting. pemilik pabrik daur ulang plastik cv nd plasindo, iswahyudi, mengatakan menerima laporan kebakaran sekitar pukul 06.00 wib. saat kejadian, lanjutnya, di dalam gudang ada 10 karyawan yang bekerja sif malam.“informasi saya terima dari karyawan ada korsleting di bagian panel sampai meledak. lalu membakar semua di dalam pabrik,” kata dia kepada solopos.com, kamis pagi. dia langsung melaporkan kejadian itu ke pemadam kebakaran. tiga unit mobil pemadam kebakaran tiba di lokasi. mereka cukup kesulitan memadamkan api, mengingat kobaran api sudah membesar karena bahan plastik di dalam yang mudah terbakar.iswahyudi memperkirakan akibat kejadian ini mengalami kerugian hingga rp10 miliar. “ini pabrik daur ulang biji plastik. di dalam full bahan plastik yang memang mudah terbakar,” kata dia. hingga kini api masih membara. api juga belum berhasil dijinakkan. petugas pemadam kebakaran berusaha melokalisasi api agar tidak merembet ke lokasi lain. hal ini lantaran kondisi pabrik tak jauh dari spbu buran dan pabrik lain."
Neutral,Neutral,Positive,Positive,"saya memang belum bisa 100% menghindari pemakaian plastik, paling tidak, saya sudah berusaha mengumpulkan sampah plastik untuk di daur ulang. pengurangan sampah plastik, akan menjaga kebersihan lingkungan. jika lingkungan menjadi bersih, maka akan terlihat indah. karena pencipta kita menyukai keindahan. nabi shallallahu ‘alaihi wa sallam bersabda, “sesungguhnya allah itu maha indah dan menyukai keindahan (termasuk kebersihan dan kerapihan).” (hr. muslim no. 91) kalaupun kita tidak mampu memperbaiki lingkungan, paling tidak, kita mampu berusaha untuk tidak mamperparah kerusakan lingkungan. barakallohu fiikum"
Positive,Neutral,Positive,Positive,"daur ulang sampah plastik beberapa kali mengikuti sosialisasi pengelolaan sampah rumah tangga, agak mending lah buat menaikkan derajat pemikiran saya yang tadinya setengah jongkok jadi seribu empat ratus lima puluh satu per dua ribu sembilan ratus jongkok. naik dikit. grinning face with sweat minimal ada perasaan bersalah saat membuang sampah sembarangan. ada juga sedikit rasa ndak enak saat melihat tempat sampah di rumah penuh dengan sampah plastik, entah dari kemasan makanan, perlengkapan rumah tangga, maupun kantongan kresek. belum lagi kalau ketambahan habis belanja onlen yang bungkusannya berupa plastik berlipat ganda. lha njur kudu piye.. makanya saya senang-senang saja saat anak saya ditunjuk sekolah mewakili untuk lomba fashion show baju adat dari sampah daur ulang di tingkat kabupaten luwu timur. kira-kira butuh waktu sebulan, saya menghabiskan puluhan lembar kemasan plastik dari beras, deterjen, snack dsb. juga sedotan susu uht yang diminum anak-anak di rumah, kardus snack, bubblewrap, tutup botol air kemasan dan lain-lain. menyesuaikan dengan tema dan tujuan lomba yang digaungkan, saya mencoba memanfaatkan sampah rumah tangga semaksimal mungkin dalam komposisinya. tanpa pewarnaan, tanpa cat. warnanya adalah warna asli dari sampah. sesuai dengan temanya yaitu baju adat, saya mencari referensi ke sana kemari tentang baju adat. akhirnya saya memutuskan untuk membuat baju adat minang semacam ini yang biasa disebut baju bundo kanduang. nyari referensinya ya tinggal dudul hape. wong saya bukan orang minang. saya orang jawa, suami orang sunda. hehehe. serta tidak mudah melatih anak yang bawaannya rada tomboy untuk membawakan baju ini di stage. apapun itu, kami sudah berusaha semaksimal mungkin. terima kasih untuk semua pihak yang sudah membantu dan mensupport, mulai dari ide, bahan, dan pembuatan. terima kasih khususnya pada pihak sekolah sd yps lawewu yang sudah memberi kesempatan dan bimbingan buat anak kami. mohon maaf belum bisa memberikan hasil juara. smiling facefolded hands kita adalah penghasil sampah terbesar di planet ini. mari kita tumbuhkan rasa peduli, mulai dari hal kecil, dimulai dari diri sendiri, ditanamkan di keluarga dan anak-anak kita. demi lingkungan dan kehidupan yang bersih dan baik. sorowako, 10 april 2019 sdypslawewu daurulangsampah bajuadat kreasidaurulang"
Neutral,Neutral,Positive,Positive,"astungkara .. selalu bersyukur folded handsfolded handsfolded hands produk umkm citra mandiri kreatif open po meja+kursi daur ulang sampah plastik. ukuran : 1(pcs) meja size 70x70x70cm 4(pcs) kursi size 30x30x50cm bahan : - papan plastik daur ulang - rangka besi hollow - meja 4x4cm - kursi 2.5x2.5cm - cat hitam doff - proses pengerjaan 14 hari harga idr 1.800.00 (harga belum termasuk ongkir) minat dm/messenger info: papan yg kami gunakan murni dari proses daur ulang sampah plastik type hdpe, pp dan ldpe. untuk menghasilkan 1 lembar papan dgn uk. 1x1m tebal 2cm dibutuhkan ± 18kg sampah plastik .. jadi logika nya dengan proses pengolahan seperti ini kami berhasil mendaur ulang sampah plastik sebanyak 18kg utk 1 lembar papan .. dan produksi ini akan trus berlanjut sehingga bisa berikan nilai manfaat lebih dan sampah plastik tidak terbuang ke tpa dengan ikut menggunakan produk daur ulang ini kita bersama-sama telah ikut menjaga alam ini dan membangun sebuah perputaran ekonomi juga. so .. masih hanya retorika dan teriak-teriak ttg isu lingkungan terutama sampah plastik .. sudah gak jaman nya sob .. sampah plastik membutuhkan tata kelola dan solusi pengolahan tepat guna serta tepat sasaran. video : by devandra kami mengolah bukan memindahkan balirarepaduraksa wedooworkshopbali rumahplastik rumahplastikmart gerakanolahplastik tebekomposter kembaliorganik jempengmesari samtaku olahsampahdarisumber"
Neutral,Neutral,Negative,Negative,rak2 aqua macam e banyak banget admin belum sempat foto..harganya banyak yg hanya 10 rb bahkan banyak juga yg dibawah 10 rb..bahan ori bukan plastik daur ulang yah
Positive,Neutral,Positive,Positive,"lanjutan membuat hiasan kelas dari kemasan plastik bekas (daur ulang sampah). dan ini sudah ada hasilnya, walaupun belum sempurna.. guru kelas sd negeri kinatang desa kinatang kec bonehau kab mamuju"
Positive,Neutral,Positive,Positive,"kostum daur ulang sampah plastik enaknya jadi guru paud kita bisa berekspresi gaya apa aja yang penting sopan dan tidak keluar dari jalur. meskipun gajinya kecil, segudang masalah dibelakang, segambreng persoalan, seabrek cucian yang menumpuk, belum lagi masalah anak-anak dirumah, cicilan dan lain-lainnya tapi di hadapi dengan senyuman sapaan dengan penuh ceria dihadapan murid-murid. masyaalloh tabarakalloh salam takzim untuk semua guru paud disuruh indonesia tahun ini kami mengambil tema daur ulang sampah plastik yang di gunakan sebagai kostum smiling face kostum di pakai pada sesi fhoto album kenangan sekolah anak-anak tk pondok ceria dan tentunya kami buat sendiri lho di bantu ayah bunda yang kreatif tentunya smiling face with heartsred heart termasuk nanti akan di pakai juga pada acara liga pensi di tang city mall kota tangerang banten. sekolah kita tidak ada acara keluar kota atau jalan-jalan hanya ada acara pentas seni dan syukuran akhir tahun pada acara terima raport nanti. tahun depan kira-kira temanya apa yaah ..??smiling face with heartsred heartsmiling face with hearts sesipemotretan fhotobts temadaurulangsampah bukutahunansekolah kindergardenteacher gurupaud tkpondokceria porisjaya batucepercakep kotatangerang"
Neutral,Positive,Neutral,Positive,"banyak yang belum tau, botol plastik bekas bisa di daur ulang menjadi alat pengharum ruangan anda. selamat mencoba thumbs upfolded hands vod jangkauan fyp"
Neutral,Neutral,Negative,Negative,"kantong plastik sebenarnya baik juga kalau kalau minimalkan penggunaan kantong plastik, apalagi yang tidak bisa di daur ulang. tapi belum bisa di tiadakan, beli makanan jadi jadi yg sudah dalam box, maka luarnya pun di kantongi, mau pakai goodie baq, berpikir seribu kali krn takutnya lebih byk biaya pengemasan drpd keuntungan, mau buang popok pun juga andalkan kresek. butuh kantong.. sini merapat toko plastik mufa, ruko nirwana 1, sebelum stiba. cp 0895325868311"
Neutral,Neutral,Negative,Neutral,daur ulang sampah plastik & pengelolahan sampah organik menjadi pupuk organik belum diberdayakan di nian tana.
Neutral,Neutral,Positive,Neutral,"pekerjaan apa lagi yg belum ku kerjakan cleaning service di galangan kapal saja sudah di jalani, pt plastik daur ulang sudah dilewati marbotot pun sudah kurasakan gayss yg saat ini kujalani harus sangat ku syukuri tuhan baik dan sangat baik. setiap proses yg sudah ku lewati membuat ku kuat tetap semangat ya diriku smiling face with heartssmiling face with heartsfolded hands"
Neutral,Positive,Positive,Positive,"nama produk : gantungan kunci daur ulang plastik kemasan kode produk : ganci01 informasi produk 1. bahan : - terbuat dari plastik kemasan - gantungan kunci 2. fungsi : - gantungan kunci - aksesoris - karya sanitasi - koleksi 3. ukuran diameter : 10cm 4. cocok untuk kegiatan sehari - hari, souvernir, kegiatan kemasyarakatan, dll 5.harga normal rp. 10.00,- harga spesial hari ini untuk anda diskon 30%, harga menjadi rp. 7.500,- ( belum ongkir ) order pesanan gunakan wa, tulis : [ nama + no. hp + kode barang + nama barang + alamat lengkap ] admin online : fast respon : chat whatsapp : 0811 - 355 - 66 - 4 online order : senin - minggu ( 09.00 - 17.00 ) store fisik & pengiriman : galeri daur ulang sampah solo jl. larasati 1 no. 12 kec. serengan kota solo follow kami juga di=> •facebook : galeri daur ulang •instagram : anda mengalami kendala dalam order atau komplain silahkan hubungi tim support kami : 0821 - 3751 - 6256 ( wida ) ==> senin - minggu ( 09.00 - 21.00 ) gantungankuncilucu gantungankuncicustom gantungankuncidaurulang gantungankuncianyam aksesorisdaurulang aksesorislucu souvenirdaurulang souvenirlucumurah distrodaurulang tokodaurulang brospeniti bungadaurulang ramahlingkungan kerajinandaurulang sampahbawaberkahdaurulanglimbahplastikmanfaatsampahdaurulangsampah craftindonesia ramahlingkungan pedulilingkungan selamatkanlingkungan mengelolasampah karyadaurulangsampah daurulangsampah memilahsampah inovasidaurulang"
Neutral,Neutral,Positive,Positive,proses pembuatan revolving hearts busana daur ulang revolving hearts dari kantongan plastik tapi belum rampung semuax mari berkarya :smiling face with heart-eyes::smiling face with heart-eyes::smiling face with heart-eyes: untuk.acara expo fashion busana tanggal 27 -9-2022 karya stokis imogen parepare
Negative,Negative,Negative,Negative,"pelaku daur ulang terseok-seok digulung jatuhnya harga sampah domestik nyaris semua harga pungutan sampah domestik terjun bebas dalam kisaran 50-70 persen sejak januari 2023. hal ini berdampak langsung pada pengepul, usaha pencacahan sampah hingga biji plastik di kawasan tpst bantargebang, tpa sumurbatu burangkeng, dll. apa penyebab turunnya harga tersebut?! mereka meminta agar ada intervensi pemerintah pusat dalam konteks perbaikan dan stabilisasi harga sampah domestik. namun, hingga kini belum ada jawaban yang jelas dan resmi dari presiden ri. apakah masih ada kebijakan yang memihak pada pemulung, pengepul, pencacah plastik dan sektor daur ulang dalam negeri? sekarang ini hidup mereka terseok-seok, bangkrut, dan mati. mereka menunggu keputusan presiden ri yang tak kunjung datang!* 02/10/2023 koalisi persampahan nasional (kpnas) asosiasi pelapak dan pemulung indonesia (appi) yayasan pendidikan lingkungan hidup dan persampahan indonesia (yplhpi)"
Neutral,Neutral,Positive,Positive,"dress 100 bunga. dress berbahan plastik sampah polybag, bungkus softener so klin dan kresek pink. dress daur ulang yg saya buat untuk jocelin ikut lomba kmren minggu, 25/11'18 di giant singosari. membuatnya sangat amat penuh perjuangan, dimana waktunya mepet dan anak2 saya penuh jadwal ulangan. lelah otak jadi berlipat rasanya. jangan ditanya habis param*x berapa selama proses pembuatan dress tsb grinning face with sweatgrinning face with sweatgrinning face with sweat hari sabtu tgl 24, dress ini belum selesai, saya selesaikan hingga besoknya, jd selamanan tidak tidur. 32 jam total saya tidak tidur hari itu face screaming in fearface screaming in fearface screaming in fear can u imagine ? betapa lelah dan ngantuknya saya hari itu, sampe2 nyelundupkan benang ke lubang jarum tangan saya udah oleng2 shg benang gak masuk2 ke lubang jarum grinning face with sweatgrinning face with sweatgrinning face with sweat meski dress saya ini gak masuk juara (cerita anehnya pengusungan juara sdh ada di postingan saya sebelumnya), yang penting jocelin sdh berani tampil di hadapan ratusan orang. jocelin selalu menjadi juara di hati mama. dress mau direnovasi hingga mencapai 100 bunga."
Neutral,Positive,Positive,Positive,sdh tau belum lemari plastik ini terbuat dari 13rb lebih plastik daur ulang.. plastiknya kuat dan kokoh
Positive,Positive,Positive,Positive,"karya salah satu mahasiswi stt star's lub, lukisan dari daur ulang (plastik, dll). ada ungkapan yang sangat memotivasi, ""sekecil apapun kemampuan kita, yakinlah kita dapat meraih kemenangan, dibalik kekurangan yang kita miliki terdapat kelebihan luar biasa yang mungkin belum pernah terpikirkan oleh kita sebelumnya"" selalu bersyukur, selalu semangat, selalu ceria."
Negative,Negative,Neutral,Negative,"diet kantong plastik setiap bulan saya menimbang sampah daur ulang yang cukup banyak. yang jadi perhatian adalah sampah plastik botol dan kantong. masing-masing sekitar 2 kantong perbulan. ini belum termasuk kantong plastik yang dibuang ke tong sampah karena kotor. atau plastik kemasan bergambar yang tidak diterima oleh pengepul sampah plastik. jumlah sampah plastik terkumpul sebanyak ini walaupun kami serumah sudah diet kantong plastik. mobil, motor dan tas sudah dilengkapi kantong belanja. kalau mau kirim makanan juga menggunakan kontainer plastik. termasuk simpanan makanan di kulkas. saya jadi membayangkan, gimana nasib plastik yang tidak diterima oleh pengepul?? kalau berujung di tempat pembuangan akhir jadi gunungan sampah. gimana kalo terbuang ke sungai atau terpendam dalam tanah. perlu puluhan tahun alam untuk mencernanya lalu bagaimana dengan sampah masker, popok bayi, pembalut ?? ngeri membayangkannya pola hidup modern memang menghasilkan banyak sampah yang sulit untuk di daur ulang. semoga ada penemuan plastik kemasan murah yang bisa cepat di daur ulang. atau ada cara cepat untuk mendaur ulang plastik. yuk makin rajin untuk diet plastik. ke pasar atau ke minimarket bawa kantong sendiri. tadi pagi di pasar saya bertemu seorang ibu yang bawa kontainer plastik untuk wadah ikan dan ayam belanjaannya. agak repot tapi ini bisa kita lakukan. kita kan pingin lama tinggal di bumi yang indah ini sampai anak cucu kitabeaming face with smiling eyesbeaming face with smiling eyesbeaming face with smiling eyesbeaming face with smiling eyesbeaming face with smiling eyesbeaming face with smiling eyesbeaming face with smiling eyes bintaro 03102021"
Neutral,Neutral,Positive,Positive,**cod hanya buat daerah surabaya/gresik saja tidak bau** **buat yang minat saja** **wa 081249969639** kresek kw 1 kualitas bagus terpercaya barang rusak ? langsung uang balik kresek tidak getas reputasi sudah baik belum ada complain selama ini (1 bal 25 kg) ukuran 15 ukuran 24 ukuran 28 ukuran 35 ukuran 40 warna tersedia -merah -hijau -biru -hitam -ori -natural kantong kresek berkualitas harga terjangkau kresek tidak berbau kresek daur ulang kw 1 pembelian via cod **wajib** hadir langsung ke pabrik maupun di area **sekitar **wilayah pabrik 081249969639
Neutral,Neutral,Positive,Positive,"kerja borongan kiloan sortir sobek dan cuci pengeringan sudah pake mesin yang paham sama yang ngerti khusunya di daur ulang plastik ..yang belum paham juga pasti paham kalo ada minat ,silah kan wa 085794715449"
Positive,Positive,Positive,Positive,"masyarakat saat ini masih belum banyak yang tahu mengenai produksi sampah plastik berupa paving blok, maka pemanfaatan di area perkantoran pemkot mataram ini menjadi bagian dari sosialisasi untuk masyarakat. adapun cara efektif lainnya dalam pengelolaan sampah. yaitu dengan menjalankan bisnis daur ulang plastik. untuk informasi lebih lanjut, kalian dapat mengunjungi website kami di atau dengan menghubungi 085174283883/085174293883 ya! bisnis daurulang sampahplastik pojokplastik indonesia"
Positive,Positive,Positive,Positive,"ada nasabah yg nabung sampah plastik macam ini, ada 2 karung plastik warna warni, terpotong panjang panjang kalau ga di terima kasihan udah bawa jauh jauh dan sudah 2 bulan belum kepikiran buat apa lalu tempo hari ada bapak ibu guru sd kedoya yg minta sharing buat anak anak kelas 4 .. baru kepikiran, bisa jadi bahan baku untuk edukasi daur ulang plastik .. lumayan buat tempat alat tulis atau aksesoris anak anak .."
Neutral,Positive,Positive,Positive,"tukar 1 botol bekas dengan rp 400 di jerman hampir seluruh produk minuman di jerman di botolnya tertera lambang daur ulang, baik yang kemasan plastik maupun gelas. sistem daur ulang ini sudah sangat lama diberlakukan, ada dua jenis daur ulang, yaitu daur ulang beberapa kali (mehrwegpfand), biasanya kemasan berbahan gelas, dan daur ulang sekali (einwegpfand). sistem daur ulang dengan sistem pfand (deposit) ini dimaksudkan agar semua orang membawa botol kosong dan mengembalikannya untuk digunakan kembali. daur ulang sekali ini adalah kemasan plastik berbahan polyethyl enterephthalat (pet) dan kemasan minuman kaleng berbahan aluminium. sistem einwegpfand ini walaupun masih belum bisa memuaskan semua orang termasuk pencinta lingkungan, tetapi paling tidak sampah plastik sudah diminimalkan. setiap botol pet yang kita kembalikan akan dihargai 25 cent (berdasarkan kurs saat ini sekitar senilai 400 rupiah), sedangkan kemasan daur ulang beberapa kali berbeda-beda jumlah yang akan kita terima, tergantung jenis dan ukuran botolnya. di jerman mesin automat ini sudah merata ada di setiap supermarket. konsumen cukup mengembalikan botol-botol kosong yang ada tanda daur ulang tersebut ke mesin-mesin yang tersedia. bagaimana cara kerja mesinnya? botol-botol bekas satu persatu dimasukkan ke mesin automat. di layar yang tersedia akan terhitung secara automatis berapa jumlah botol dan berapa euro yang akan kita terima. setelah selesai memasukkan semua botol, tanda bukti akan kita dapatkan dengan menekan tombol yang tersedia. secarik kertas kecil akan keluar sesuai jumlah yang tertera di layar automat. dengan bukti ini kita bisa menggunakannya sebagai potongan jumlah pembelian kita, tetapi kita bisa juga meminta uang tunai jika tidak ingin berbelanja di sana. (kompasiana)"
Neutral,Neutral,Positive,Positive,"sebuah karya dari daur ulang sampah plastik..dan kardua bekas, mohon maaf jika masih belum sempurnasmiling face"
Neutral,Positive,Neutral,Positive,cari plastik daur ulang yg belum potongan di mana geh gloser..an kasih info toko mana ngeh
Positive,Positive,Positive,Positive,"sahabat lestari, sudah tahu belum kalau kemasan danone-aqua mengandung plastik daur ulang? face screaming in fear⁠ ⁠ inovasi ini dilakukan danone-aqua untuk menyebarkan kebaikan melalui produk. dengan kemasan yang dapat didaur ulang, danone-aqua berharap bisa membantu mengurangi masalah sampah plastik di indonesia. :globe showing Asia-Australia:⁠ ⁠ yuk bijakberplastik bersama danone-aqua! blue heart"
Positive,Positive,Positive,Positive,"ceritanya beberapa waktu lalu dapat email tentang program daur ulang plastik, yang selama ini cuma lihat iklannya di tv. pernah terlintas pengen ikutan sih, tp belum sempet"" cari tahu caranya, maklum emak"", pengennya banyak, ngerjainnya tar sok tar sok.. grinning face with sweat eeh ternyata dapat info caranya, kebetulan grimacing face jadinya cuuss-lah mulai memilah sampah plastik, gak ngejar hadiah sih, tp pengennya bisa membuat sampah plastik di rumah sebisa mungin terolah, biar agak berkurang jumlahnya, gak tercampur di tong sampah. secara di sini pembuangan sampah masih campur aduk :see-no-evil monkey: ada yg sudah ikutan program ini kah ? cerita donk pengalamannya klo udah ikutan.. generasipilahplastik"
Neutral,Positive,Neutral,Positive,"anker powerbank 200mah - a1384 honest review pro - build quality solid banget padahal bahannya plastik daur ulang - user friendly, gampang dipakai - garansi panjang (belum tau gampang atau ribet garansiinya) - kabel bawaan udah cukup buat cas 18-25w - handlingnya enak karena kabelnya juga jadi gantungan, pegangannya enak bodynya cons - mahal, diharga yang sama ada acmic digimaxx dapat 300mah. loh kok ga kuambil ? entahlah ya - bahan plastik, dianggap murahan sama tongkrongan - untuk ukuran 200mah ini masih terbilang terlalu gede menurutku, terlalu makan tempat tapi hey tidak masalah woman dancing"
Neutral,Neutral,Positive,Positive,"nama produk : beauty kit daur ulang kode produk : beautykit02 informasi produk 1. bahan : - terbuat dari daur ulang plastik - tebal dan awet - jahitan rapi - muat banyak 2. fungsi : - menyimpan make up / makeup tools - karya sanitasi - koleksi 3. ukuran : p x l x t (27cm x 10cm x 10cm) 4. cocok untuk kegiatan sehari - hari, souvernir, kegiatan kemasyarakatan, dll 5.harga normal rp. 48.00,- harga spesial hari ini untuk anda diskon 30%, harga menjadi rp. 37.500,- ( belum ongkir ) order pesanan gunakan wa, tulis : [ nama + no. hp + kode barang + nama barang + alamat lengkap ] admin online : fast respon : chat whatsapp : 0821- 375- 1625 - 6 online order : senin - minggu ( 09.00 - 17.00 ) store fisik & pengiriman : galeri daur ulang sampah solo jl. larasati 1 no. 12 kec. serengan kota solo follow kami juga di=> •facebook : galeri daur ulang •instagram : anda mengalami kendala dalam order atau komplain silahkan hubungi tim support kami : 0821 - 3751 - 6256 ( wida ) ==> senin - minggu ( 09.00 - 21.00 ) beautykit beautykitdaurulang dompetmakeup dompetdaurulang perlengkapanmakeup dompetunik makeupwanita aksesorisdaurulang makeuptools daurulangplastik tasdaurulangplastikkemasan tasmakeupdaurulangmurah taswanitadaurulang distrodaurulang tokodaurulang ramahlingkungan kerajinandaurulang sampahbawaberkahdaurulanglimbahplastikmanfaatsampahdaurulangsampah ramahlingkungan pedulilingkungan selamatkanlingkungan mengelolasampah karyadaurulangsampah daurulangsampah memilahsampah inovasidaurulang"
Negative,Positive,Negative,Positive,kemarin kami dari komunitas plastik untuk kebaikan mendapat kesempatan berkunjung ke pt tridi oasis group tangerang. pt tridi oasis group merupakan perusahaan yang bergerak di bidang daur ulang botol plastik bekas. dari hasil wawancara kami dengan mba dian kurniawati selaku salah satu founder tridi oasis. tridi sedang melakukan inovasi untuk mendaur ulang plastik-plastik multilayer. menurutnya dari percobaan tersebut plastik multilayer bisa di jadikan furniture. namun karena terkendala pandemi covid19 inovasi ini pun belum berlanjut. dian kurniawati menyebutkan bahwa pandemi ini cukup berpengaruh dengan bisnis yang di gelutinya ini. mau tau bincang-bincang lengkap kami dengan salah satu founder tridi oasis ini? tunggu video lengkapnya di channel plastik untuk kebaikan yaa! plastikuntukkebaikan plastikbernilaiekonomi plastik botolbekas tiktok moneyheist viral newnormal perubahandimulaidarirumah pilahsampahdarirumah perubahandimulaidarisekarang sedekahbotolplastik circulareconomy circulareconomiplastic
Positive,Positive,Positive,Positive,"belum bisa move on dengan acara karnaval di desa karangan 29 08 2022 kali ini kami dari ibu2 rete suwelas sepakat membuat tema ""daur ulang, kami membuat baju dari bahan-bahan sampah plastik rumah tangga. para maskot memakai baju2 yang berbahan dasar dari sampah plastik, karung bekas, kobot jagung, gelas ale2, botol bekas dll. dengan tanpa rasa minder mereka menari dengan penuh percaya diri dan energik woman dancingwoman dancingwoman dancing para dewan juri yang keberadaannya tidak kami ketahui karna posisinya nyamar hehe,,mereka mengakui terpesona dengan hasil karya kami daan alhmdulillah rt 11 mendapatkan juara 1 , barokallaah palms up together namun bukan juara yang mnjadi tujuan kami,, kami dapat berkarya dalam memperingati hut ri ke 77, dan dapat menunjukkan hasil karya kami itu luar biasa face blowing a kissface blowing a kiss kekompakan, kebersamaan dan guyup rukun rete suwelas itulah yang paling utama :smiling face with heart-eyes:smiling face with heartssmiling face with hearts semoga kedepannya dapat berkarya yang lebih baik lagi, dapat bekarya yg lebih bermanfaat, berkarya yang mendapat kan penghasilan dari bahan yang sudah terbuang ,,aamiinpalms up togetherpalms up togetherpalms up together karyaibu2retesuwelas guyuprukunretesuwelas karangan29082022"
Neutral,Negative,Negative,Negative,walo belum sempat berkarya kreasi daur ulang lagi.. ada yang ngasih ngirim plastik dua karung..sementara ditampung dulu saja..lagi gak semangat mendaur ulangnya..
Neutral,Positive,Negative,Negative,vidio belum pernah diposting giliran q posting mbah memet marcomet bilang vidio daur ulang botol plastik kali didaur ulang
Positive,Positive,Positive,Positive,sold out 1 unit mesin produksi tali rafia. mau bisnis daur ulang plastik?? kami siap support mesin produksinya. belum punya pelanggan?? kami bantu pemasarannya. melayani pembuatan/perbaikan mesin daur ulang plastik : - crusher / mesin giling plastik - extruder / mesin pelet plastik - mesin tali rafia - straw / mesin sedotan tlp : 08123113641 wassap : 0813311558 bengkelbubut bengkelbubutsurabaya daurulang plasticrecycling daurulangplastik crusher plasticcrusher mesingilingplastik extruder plasticextruder mesinpeletplastik mesintalirafia mesinsedotan
Negative,Negative,Negative,Negative,"plastik tetap plastik mau di daur ulang berapakali ya tetap plastik. kalo setiap hari memproduksi 50 macam plastik, trus tiap tahunnya berapa ton sampah plastik yg berserakan..? itu baru 50 macam plastiknya.. belum di hitung tiap macamnya di produksi berapa banyak setiap harinya..? mikir.."
Neutral,Positive,Neutral,Positive,"nama produk : pencil case daur ulang kode produk : pencilcase03 informasi produk 1. bahan : - terbuat dari daur ulang plastik - tebal dan awet - jahitan rapi 2. fungsi : - tempat pensil - menyimpan alat tulis - karya sanitasi - koleksi 3. ukuran : 20cm x 8cm 4. cocok untuk kegiatan sehari - hari, souvernir, kegiatan kemasyarakatan, dll 5.harga normal rp. 39.00,- harga spesial hari ini untuk anda diskon 30%, harga menjadi rp. 30.00,- ( belum ongkir ) order pesanan gunakan wa, tulis : [ nama + no. hp + kode barang + nama barang + alamat lengkap ] admin online : fast respon : chat whatsapp : 0811 - 355 - 66 - 4 online order : senin - minggu ( 09.00 - 17.00 ) store fisik & pengiriman : distro daur ulang sampah solo jl. larasati 1 no. 12 kec. serengan kota solo follow kami juga di=> •facebook : distrodaurulangsampah •instagran : anda mengalami kendala dalam order atau komplain silahkan hubungi tim support kami : 0821 - 3751 - 6256 ( wida ) ==> senin - minggu ( 09.00 - 21.00 ) pencilcase pencilcasedaurulang tempatpensillucu alattulisunik atk tempatpensilplastik dompetdaurulang dompetlokal kreasidaurulang tempatpencildaurulang distrodaurulang tokodaurulang ramahlingkungan kerajinandaurulang sampahbawaberkahdaurulanglimbahplastikmanfaatsampahdaurulangsampah"
Negative,Negative,Neutral,Negative,situasi yang masih belum kondusif buat harga pet. sabar dan atur setrategi management yang baik.
Negative,Positive,Positive,Positive,"botol air kemasan plastik "" emas"" bagi pendaur ulang sampah. kenapa harus dilarang ?? dalam acara bali big eco forum yang berlangsung di hotel kempinski, nusa dua, pada tahun 2019, hadir sejumlah narasumber penting yang berbagi perspektif seputar pengelolaan sampah plastik di indonesia. salah satu yang menarik datang dari ketua tps3r canggu. ia menyampaikan pandangannya bahwa sampah botol air mineral, khususnya yang berasal dari kemasan sekali pakai, justru memiliki nilai ekonomi yang tinggi dalam sistem pengelolaan sampah berbasis daur ulang. menurutnya, permasalahan utama bukan terletak pada keberadaan botol plastik itu sendiri, melainkan pada sistem pengelolaannya yang belum optimal, terutama dari sumbernya. jika sistem pengumpulan, pemilahan, dan daur ulang dikelola dengan baik sejak dari rumah tangga atau titik asal sampah, maka plastik—termasuk botol air mineral—tidak perlu dianggap sebagai ancaman lingkungan, melainkan sebagai sumber daya yang berharga. pernyataan ini menjadi catatan penting dalam merumuskan kebijakan terkait pelarangan penggunaan botol air kemasan di bawah 1 liter. alih-alih melarang total, pendekatan berbasis ekonomi sirkular dan edukasi masyarakat mengenai pemilahan sampah dapat menjadi solusi yang lebih berkelanjutan dan realistis. bisakah peminpin memberi contoh agar masyarakat sadar dan peduli sampah plastik, jangan sampai ada kesan terjadi pilih kasih dalam pelarangan produk kemasan plastik."
Neutral,Neutral,Positive,Positive,"daur ulang bungkus apel dan bungkus buah pir maff ya,,masih pemula ,,dan belum rapihfolded hands"
Negative,Positive,Negative,Positive,"daur ulang plastik di indonesia sebenarnya sudah mulai sejak 1970-an. daur ulang plastik didominasi sektor informal yang berkembang secara mandiri. “dorongan utama karena manfaat ekonomi,” kata wilson pandhika sekjen indonesian plastics recyclers (ipr). dia bilang, daur ulang plastik punya imej buruk karena kualitas rendah, kotor, bau dan dinilai murah. karena itu, katanya, penting ada edukasi masyarakat mengubah pandangan terhadap pendaur ulang plastik di indonesia dan peran circular economy. permasalahan lingkungan mendorong kita merancang kembali model ekonomi kita,” katanya. berikut contoh hasil dari sampah plastik kopi sekali pakai. cantik khan ngga kalah sama tas bermereksmiling face with hearts. aku juga punya, yg minat preorder ya gaess:smiling face with heart-eyes:. af24 artisfacebook24"
Neutral,Neutral,Positive,Positive,"grs-biji plastik daur ulang pp tahan benturan di era yang mengejar keberlanjutan sumber daya, penggunaan biji plastik daur ulang pp tahan benturan tidak hanya memenuhi kebutuhan tahan benturan/tahan suhu rendah, tetapi juga secara signifikan mengurangi beban terhadap lingkungan. mari bersama-sama membangun masa depan hijau! produk khusus kami dari pp daur ulang yang tahan benturan dapat mengajukan sertifikasi grs untuk daur ulang. silakan hubungi kami untuk informasi lebih lanjut. taichyu resin bahankompositpp butiranplastikdaurulangpp kustomisasi jualbeligf jualbelipa jualbeliabs jualbelips jualbelipe sertifikasigrs pptahanbenturantahandingin peralatanolahraga pedalsepeda furniturkantor alatberkebun"
,Negative,Negative,Negative,"proses daur ulang sedotan plastik memerlukan biaya yang tidak sedikit sementara itu nilai sedotan plastik untuk di daur ulang sangat rendah. berdasarkan bentuknya, sedotan plastik juga sulit di daur ulang. tidak heran jika tidak ada pihak yang mau memproses daur ulang sedotan plastik. sehingga penggunaan sedotan plastik hanya akan berujung di tempat pembuangan sampah, utu juga kalau orang2 sadar membuangn ya ke tempat sampah, faktanya kebanyakan dibuang ke sembarang tempat, dan berakhir di sungai lalu ke lautan.. note : sedotan yang saya pegang adalah sedotan organik yang terbuat dari beras, bahkan aman jika sengaja ditelan :) sampahplastik bocahpantai diputrakasaya"
Neutral,Positive,Positive,Positive,"mesin kami adalah peralatan daur ulang plastik yang efisien dan hemat energi, yang mengadopsi teknologi perlindungan lingkungan tanpa pemanas dan suhu rendah. ini dapat secara efektif mengolah sampah plastik menjadi partikel, dan memiliki karakteristik tidak ada air pendingin, tidak ada peregangan dan tidak ada pembuangan air limbah. pengoperasian sederhana, cocok untuk bahan pe, hdpe, ldpe dan lldpe, pvc, po, pa, cpe. whatsapp： situs: plastic bags plastic pellets plastic recycling plastic recycling machinery plastic granulator plastic pelletiser plastic cutting machine film recycling machine plastic film plastic bag making machine plastic film blowing machine plastic extruder plastic waste recycling plastic recycling air-cooled hot cutting granulator multilayer co-extruded blown film production line plastic courier bags"
Neutral,Positive,Positive,Positive,"daur ulang botol plastik ramah lingkungan: co2 lebih rendah, bumi lebih hijau"
Neutral,Positive,Positive,Positive,salah satu photo dari sahabat. saya sedikit saja bercerita tentang plastik lingkungan dan ecobrick. banyak sekalali belakangan ini latah dengan pengelolaan plastik sekali pakai. ingat ketika plastik di daur ulang akan menjadi kwalitas lebih rendah dan tidak semua plastik mempunyai harga di bank sampah. kenapa ecobricks? setiap hari pasti kita bertemu bahkan berdampingan dengan plastik. naa ada kata mari bijak menggunakan plastik. ecobrick tidak hanya mengajak kita untuk menyelamatkan ecologi tapi mengurangi polusi udara serta bertanggung jawab pada plastik yang kita hasilkan. siapa pun bisa membuat ecobrick tapi harus di mulai dengan benar. ecobricks mempunyai standar berat 200 hingga 500 gram tergantung jenis botol nya. mari bersama merawat ibu bumi. plastiklingkunganecobrick polusijadisolusi
Neutral,Positive,Neutral,Positive,"ecobrick adalah solusi cerdas menyelamatkan lingkungan dari sampah plastik ecobricks adalah botol plastik yang berisi sampah plastik, yang telah dibersihkan, kemudian dipadatkan untuk mendapatkan bata bangunan yang dapat digunakan secara terus menerus. mengapa ecobricks adalah solusi yang baik? karena sistem daur ulang plastik yang mengonsumsi terlalu banyak energi dan diperlukan orang-orang yang bekerja pada lingkungan beracun. ecobricks merupakan solusi dengan energi yang rendah dan pemanfaatan sampah plastik yang tidak berguna lagi, karena sampah plastik akan membutuhkan waktu ribuan tahun untuk terurai"
Negative,Negative,Negative,Negative,"daur ulang penggunaan kertas atau pp nonwoven sebagai pengganti kantung plastik ternyata bukanlah solusi terbaik untuk mengendalikan sampah plastik. sebuah diskursus tampak dari kajian california state university, 2011. ternyata untuk memproduksi 1 (satu) ton bubur kertas (paper pulp) dibutuhkan 3 (tiga) ton kayu. artinya? ..sama-sama berdampak negatif. plastic recycle rate di indonesia 17,4%, us 34% dan jerman 66% (inaplas, 2019). tingkat daur ulang sampah plastik di indonesia masih sangat rendah karena sebagian besar sampah didominasi oleh kantung plastik belanja. kantung plastik belanja terlalu ringan sehingga tidak menarik bagi pemulung dan pengusaha daur ulang. selain itu juga mengandung 50%-60% kalsium filler dan bahan konvensional lainnya yang menyebabkan sulit didaur ulang (rivai, 2019). manajemen limbah plastik menghadapi tantangan sangat kompleks. berawal dari tidak dipilahnya sampah organik dan anorganik sejak dari rumah tangga. berlanjut dengan terbatasnya sarana prasarana pengelolaan sampah. dari sisi teknis terdapat beragam material yang digunakan sehingga sulit didaur ulang. serta masalah penegakan hukum, dengan tidak adanya sanksi tegas terhadap tindakan membuang sampah sembarangan. kunci pengelolaan sampah plastik adalah bagaimana cara meningkatkan plastic recycle rate di indonesia. dan itu bisa dimulai dari pemilahan khususnya plastik sejak dari rumah tangga dan didukung sarana prasarana pengelolaannya. sesuai amanah uu no.18/2008 dan pp 81/2012, membutuhkan komitmen semua pihak : masyarakat, perusahaan (swasta atau negara), ngo, dan pemerintah dalam pengelolaan sampah. al akhdzu bil asbab, sekecil dan selemah apa pun, manusia wajib berusaha."
Negative,Neutral,Positive,Neutral,"sahabat lestari, kita bisa memperpanjang usia plastik dengan daur ulang! daur ulang menjadi salah satu langkah bijak yang bisa kita lakukan dari rumah dalam melindungi bumi dan lingkungan sekitar. namun, kesadaran akan pentingnya hal ini masih rendah, nih. kira-kira kenapa, ya? geser slide untuk informasi selengkapnya, ya winking face"
Positive,Positive,Positive,Positive,"botol plastik bekas memiliki banyak manfaat jika didaur ulang dengan benar. berikut adalah beberapa manfaat utama dari botol plastik bekas: * mengurangi pencemaran lingkungan: daur ulang botol plastik membantu mengurangi jumlah sampah plastik yang mencemari lingkungan, terutama lautan dan tempat pembuangan sampah. * menghemat sumber daya alam: daur ulang botol plastik mengurangi kebutuhan akan produksi plastik baru, yang berarti menghemat sumber daya alam seperti minyak bumi. * mengurangi emisi gas rumah kaca: proses daur ulang botol plastik umumnya menghasilkan emisi gas rumah kaca yang lebih rendah dibandingkan dengan produksi plastik baru. * menciptakan lapangan kerja: industri daur ulang botol plastik dapat menciptakan lapangan kerja baru dalam pengumpulan, pemrosesan, dan pembuatan produk daur ulang. * nilai ekonomi: botol plastik bekas memiliki nilai ekonomi. botol plastik dapat didaur ulang menjadi berbagai produk baru yang bernilai jual, seperti pakaian, perabot, dan bahan bangunan. contoh pemanfaatan botol plastik bekas * kerajinan tangan: botol plastik bekas dapat diubah menjadi berbagai kerajinan tangan kreatif, seperti vas bunga, tempat pensil, atau hiasan dinding. * wadah tanaman: botol plastik bekas dapat digunakan sebagai wadah untuk menanam tanaman, baik di kebun maupun di dalam rumah. * media pembelajaran: botol plastik bekas dapat digunakan sebagai media pembelajaran untuk mengenalkan konsep daur ulang dan pentingnya menjaga lingkungan kepada anak-anak. dengan memanfaatkan botol plastik bekas dengan bijak, kita dapat memberikan kontribusi positif bagi lingkungan dan masyarakat."
Negative,Negative,Negative,Negative,"umuk daur ulang plastik nerd facesmiling face with sunglassesface with medical mask:face with head-bandage: selasa uthuk-uthuk, 14 januari 2025 permasalahan mendasar daur ulang plastik terletak pada kompleksitas jenis plastik dan rendahnya tingkat daur ulang global. plastik terdiri dari berbagai jenis polimer, seperti pet, hdpe, pp, dan lainnya, yang masing-masing membutuhkan proses daur ulang berbeda. banyak produk plastik menggabungkan bahan-bahan berbeda, seperti lapisan film plastik dengan aluminium atau kertas, sehingga sulit didaur ulang secara efisien. selain itu, plastik yang terkontaminasi oleh makanan, minyak, atau bahan kimia sering kali tidak memenuhi standar untuk daur ulang, sehingga berakhir di tempat pembuangan sampah atau dibakar. hal ini menunjukkan bahwa infrastruktur pengelolaan sampah dan teknologi pemrosesan yang ada belum cukup untuk mengatasi beragam jenis dan kondisi plastik. di sisi lain, aspek ekonomi dan kesadaran masyarakat juga menjadi hambatan besar. biaya daur ulang plastik sering kali lebih tinggi dibandingkan produksi plastik baru dari bahan baku fosil, terutama jika harga minyak mentah rendah. akibatnya, produsen lebih memilih plastik virgin dibandingkan plastik daur ulang. selain itu, rendahnya kesadaran masyarakat dalam memilah sampah plastik, terutama di negara berkembang, memperburuk situasi karena daur ulang hanya dapat efektif jika bahan plastik sudah dipilah dari awal. untuk mengatasi masalah ini, diperlukan kolaborasi antara pemerintah, industri, dan masyarakat dalam mengembangkan teknologi, regulasi, serta kampanye kesadaran lingkungan."
Positive,Positive,Positive,Positive,"semangaat malam, pet ( polyethylene terephthalate) adalah suatu resin polimer plastik termoplast dari kelompok poliester. pet banyak diproduksi dalam industri kimia dan digunakan dalam serat sintetis, botol minuman dan wadah makanan, aplikasi thermoforming, dan dikombinasikan dengan serat kaca dalam resin teknik. titik lebur: 260°c rumus: (c10h8o4)n kepadatan: 1,38 g/cm³ molar mass: 10–50 kg/mol, varies abbreviations: pet, pete boiling point: 350 °c (662 °f; 623 k) (decomposes) cas number: 25038-59-9 plastik polietilena tereftalat (pet) sangat lazim digunakan sebagai bahan dasar produk-produk komersial dengan beragam pengaplikasian. termasuk kemasan pangan dan nonpangan, kain, plastik lembaran, komponen kendaraan, alat elektronik, dan masih banyak lagi. mengingat ragam kegunaannya yang sangat luas, mari kita mengenal lebih dalam mengenai plastik polietilena tereftalat (pet) untuk mengetahui mengapa plastik yang satu ini cocok digunakan untuk kebutuhan anda. apa itu plastik pet? polietilena tereftalat (pet) adalah polimer termoplastik serbaguna yang termasuk dalam kelompok polimer poliester. resin poliester sendiri dikenal dengan beberapa sifat unggulnya dalam segi mekanis, termal, dan juga resisten terhadap zat kimia. jika anda menemukan kemasan atau produk plastik dengan simbol daur ulang angka 1, maka artinya produk plastik tersebut terbuat dari bahan plastik polietilena tereftalat (pet). plastik pet merupakan termoplastik yang paling banyak didaur ulang jika dibandingkan dengan plastik lainnya. plastik pet daur ulang bisa dibentuk menjadi fiber, kain, lembaran plastik, atau komponen kendaraan. secara struktur kimiawi, polietilena tereftalat (pet) memiliki kemiripan dengan plastik polibutilena tereftalat (pbt). pet pada umumnya memiliki karakter yang sangat fleksibel dan tembus pandang. bergantung pada proses pembuatannya, plastik pet bisa dibuat menjadi produk dengan sifat kaku maupun semi-kaku. karakteristik dan kelebihan dari plastik pet lebih keras dan kaku dari pbt sangat keras dan ringan sehingga mudah dan efisien untuk dijadikan kemasan dikenal memiliki resistensi yang cukup baik terhadap udara (oksigen dan karbondioksida) serta kelembapan menunjukan sifat isolasi listrik yang sangat baik pet memiliki rentang suhu penggunaan yang luas, dari -60 sampai 130 derajat celcius pet cocok untuk diaplikasikan pada produk yang transparan pet tidak mudah patah dan pecah sehingga cocok digunakan sebagai pengganti kaca pada beberapa pengaplikasian atau kebutuhan pet mudah didaur ulang pet aman digunakan untuk kemasan pangan kekurangan dari plastik pet tidak tahan bentur jika dibandingkan dengan pbt lebih sulit dibentuk jika dibandingkan dengan pbt dapat berubah bentuk jika bersentuhan dengan air mendidih pengaplikasian plastik pet polietilena tereftalat (pet) digunakan dalam berbagai macam pengaplikasian antara lain: botol air mineral dan soda, karena sifatnya yang tahan air dan tahan kelembapan plester atau perekat, karena memiliki tingkat kekuatan yang cukup tinggi kemasan makanan, karena sifatnya yang cukup kedap udara dan tahan terhadap zat kimia pet juga sering digunakan dalam industri tekstil. kain poliester pet memiliki beberapa keunggulan antara lain seperti: kuat, fleksibel, dan tidak mudah kusut dan mengkerut seperti kain kapas. selain industri tekstil, plastik pet juga dapat diaplikasikan ke dalam industri otomotif, yang dapat diolah menjadi: tangkai wiper, headlamp retainer, dan cover mesin. daur ulang plastik pet botol - botol plastik pet yang sudah tidak terpakai dikumpulkan terpilah bisa disetor ke bank sampah untuk didaur ulang produk yang terbuat dari plastik polietilena tereftalat sepenuhnya bisa didaur ulang. plastik pet memiliki tingkat koefisien difusi yang cenderung rendah jika dibandingkan dengan material plastik lain. hal itu membuat plastik pet menjadi material yang cocok untuk didaur ulang. karena alasan tersebut, plastik pet menjadi plastik yang paling banyak didaur ulang di dunia. produk atau kemasan plastik pet yang telah digunakan, akan dikumpulkan dan diproses melalui tahap pencucian khusus atau penanganan kimiawi lainnya. proses tersebut untuk mengurai pet menjadi bahan mentah yang selanjutnya diolah kembali menjadi plastik pet daur ulang dalam bentuk serpihan. serpihan plastik pet daur ulang tersebut kemudian diproses kembali menjadi berbagai macam produk antara lain: fiber untuk pembuatan karpet, fleece jacket, dan tote bags kontainer untuk produk pangan maupun non-pangan plastik gulungan dan lembaran nah.. karena pet termasuk plastik yang mudah didaur ulang, pet menjadi primadona di bank sampah dan pengelola sampah dengan konsep circular economy. tapi sering pemula selalu berpikir mencari mesin cacah untuk mengolah pet. padahal saat ini hampir seluruh industrial daur ulang memilih mengambil dalam bentuk press. jadi kalau mau efektif sebaiknya hasil pilahan sampah plastik jenis pet dipress saja. tapi apapun.. pilah sampah dari rumah yaa! cerita plastik jenis pet selalu ada cerita salam clean and green wilda yanti"
Positive,Positive,Neutral,Positive,"kami mengembangkan dan memproduksi granulator plastik, granulator masterbatch terisi, mesin peniup film, mesin stretch film, mesin pembersih plastik, dan penghancur plastik. untuk mesin film gelembung, kami memiliki satu-satunya tim r&d di china yang dapat menyesuaikan berbagai granulator kapasitas. produk baru terbaru, granulator suhu rendah, tanpa air, tanpa asap, tidak berbau, penggunaan basah dan kering, granulator berpendingin air pp, output tinggi, kualitas bagus, pp, bahan film pe, bahan film pp, po, pet, abs, pvc lembut bahan dan bahan lainnya dapat digunakan. mesinnya stabil dan aman. whatsapp： situs: kantong plastik pelet plastik daur ulang plastik mesin daur ulang plastik granulator plastik pelet plastik mesin pemotong plastik mesin daur ulang film film plastik mesin pembuat kantong plastik mesin peniup film plastik ekstruder plastik daur ulang sampah plastik daur ulang plastik granulator pemotongan panas berpendingin udara lini produksi film tiup ekstrusi bersama multilayer kantong kurir plastik"
Positive,Positive,Positive,Positive,"kami adalah produsen yang bergerak di bidang pembuatan mesin plastik. kami mengembangkan dan memproduksi granulator plastik ramah lingkungan, granulator masterbatch berisi air, mesin peniup film mesin tunggal, mesin peniup film aba, mesin stretch film, mesin pembersih plastik, penghancur plastik, mesin film gelembung, dan granulator berpendingin air yang cocok untuk berbagai bahan plastik. kami memiliki satu-satunya tim r&d di tiongkok yang dapat menyesuaikan granulator dengan berbagai kapasitas. produk baru terbaru, granulator suhu rendah, tidak mengandung air, tidak berasap, tidak berbau, dan dapat digunakan baik kering maupun basah. granulator berpendingin air pp memiliki output tinggi dan kualitas yang baik. dapat digunakan untuk bahan film pp, pe, bahan film pp, po, pet, abs, pvc lunak, dan bahan lainnya. mesin ini stabil dan aman. whatsapp: situs web: kantong plastik butiran plastik daur ulang plastik mesin daur ulang plastik granulator plastik granulator plastik mesin pemotong plastik mesin daur ulang film film plastik mesin pembuat kantong plastik mesin cetak tiup film plastik ekstruder plastik daur ulang sampah plastik daur ulang plastik granulator potong panas berpendingin udara lini produksi film tiup ko-ekstrusi multi-lapis kantong plastik ekspres botol air"
Negative,Negative,Negative,Negative,"plastik tidak bisa di recycle ayo mulai reuse dan reduce .. selama ini kita menganggap recycle (daur ulang) sampah plastik adalah solusi untuk mengatasi sampah plastik, faktanya yang dilakukan adalah downcycle yang artinya sampah diolah menjadi produk yang kualitasnya lebih rendah dari produk sebelumnya dan pada akhirnya tetap menjadi sampah dan mencemari lingkungan. adapun yg namanya upcycle apa itu upcycle nanti akan kami jelaskan di postingan berikutnya.. . . . gogreen saveearth kelimutu endehits endelio kotapancasila plasticpollution perseende world trashhero trashheroworld jagabumi jagakebersihan lindungihutan sampah oceanplastic visitntt explorekelimutu endesare plasticpollution nttbisa ntthits trashheroende bhayplastik zerowaste weeducate weclean wechange"
Neutral,Positive,Positive,Positive,"ini adalah tempat ecoenzyme yang sudah panen. naa alas nya kami gunakan ecobricks, ecobricks adalah bata ramah lingkungan yang bisa di gunakan lagi dan lagi. biasanya sering sekali kita terkecoh oleh orang orang yang mengatakan semua plastik mempunyai harga di bank sampah, atau sebuah teknologi mahal yang sangat ribet serta sdm masyarakat kita tidak mampu, yang sering sekali teknologi ini akan mangkrak, salah-salah bisa menjadi temuan. padahal nyatanya ketika di daur ulang,plastik akan menjadi kwalitas lebih rendah. kebiasaan kita biasanya plastik di bakar, timbun, dibuang yang akan berakhir dilaut kita, ini jelas sangat berbahaya bagi tanah,air,udara. tapi ketika kita memasukan ke dalam botol dengan kwalitas yang baik bersama kita membangun ruang, ruang terbuka hijau. ecobricks bisa dibuat oleh siapa saja, tapi harus dimulai dengan benar, serta ada pemahaman kenapa membuat ecobricks. ada yang perlu kita lakukan dengan cara sederhana, yaitu bijak mengunakan plastik, gunakan bahan organik, dan membuat ecobrick. naa kenapa ada tanaman sirih dan daun cincau gunanya untuk menutupi gentong.ini dari paparan sinar matahari. mari bersama merawat dan menanam. salam lestari rahayu lan santi. ecoenzyme biopori ecobricks polusijadisolusi sahabatbumibali grean buleleng wirabangsa pepelingasih trihitakarana"
Negative,Negative,Negative,Negative,"wajib daur ulang – pemerintah jepang akan mewajibkan daur ulang bahan plastik yang digunakan di kantor dan pabrik paling cepat mulai april 2022 untuk menaikkan tingkat daur ulang sampah plastik yang rendah yang dihasilkan dari kegiatan perusahaan. dari 8,91 juta ton sampah plastik yang dihasilkan jepang pada 2018, 4,62 juta berasal dari sektor korporasi, dan sebagian besar dibakar. pemerintah akan mengajukan rancangan undang-undang (ruu) yang mewajibkan perusahaan, tidak termasuk perusahaan kecil, untuk mendaur ulang sampah plastik mereka di sidang parlemen tahun depan. panel ahli mendukung proposal kementerian ekonomi, perdagangan dan industri dan kementerian lingkungan hidup ini. berdasarkan rencana tersebut, penghasil limbah besar akan diminta untuk memisahkan plastik dari sampah lain dan menyerahkannya ke perusahaan daur ulang. meskipun perusahaan kecil akan dibebaskan dari kewajiban tersebut, mereka akan diminta untuk meningkatkan upaya daur ulang. pemerintah telah memutuskan awal tahun ini untuk mendaur ulang sepenuhnya sekitar 4,29 juta ton sampah plastik yang dihasilkan rumah tangga setiap tahun. beberapa kota masih belum memiliki sistem untuk mengumpulkan sampah kemasan plastik, seperti baki makanan dan botol, sementara barang-barang seperti mainan dan alat tulis sebagian besar dibakar atau dibuang di tempat pembuangan sampah. kementerian juga mengusulkan untuk mewajibkan pengecer dan restoran mengurangi penggunaan plastik sekali pakai seperti sedotan dan sendok, mendesak mereka untuk bertanya kepada pelanggan sebelumnya apakah mereka ingin menggunakan plastik tersebut dan untuk meningkatkan penggunaan bioplastik. pemerintah mempromosikan pengurangan penggunaan dan daur ulang plastik untuk konservasi sumber daya dan pengendalian polusi, yang bertujuan untuk memangkas limbah plastik sekali pakai hingga 25% pada 2030. lebih dari 8 juta ton sampah plastik diperkirakan mengalir ke lautan setiap tahun, menyebabkan polusi mikroplastik, di mana potongan-potongan kecil plastik yang terdegradasi menyerap bahan kimia berbahaya dan menumpuk di dalam ikan, burung, dan hewan lain saat mereka naik ke rantai makanan. jangan ketinggalan info menarik lain soal jepang dan indonesia di instagram dan twitter serta kanal haljepofficial di youtube"
Neutral,Positive,Positive,Positive,"sahabatpembangunan buat kamu yang senang pernak-pernik cantik, ayo ikut membuat pouch dari plastik daur ulang bersama recycling village dalam rangkaian acara green economy expo. daftarkan dirimu, gratis dan terbatas melalui bit.ly/workshopgeexpo dan tuangkan kreasimu di pouch kesayanganmu. sampai jumpa di cendrawasih room, jcc! greeneconomyexpo2024 gee2024 sustainablefuture circulareconomy bappenas membangunindonesia greeneconomyexpo greeneconomy"
Negative,Negative,Negative,Negative,"[15/4/2025]* sebanyak 36 potong sampah botol plastik, gelas cup dan kaleng ditemukan di jalan. ini akibat kurangnya edukasi tentang pentingnya daur ulang. daur ulang material sampah adalah langkah selanjutnya yang bisa dilakukan ketika pola hidup rendah sampah tidak bisa dilakukan."
Negative,Neutral,Negative,Neutral,"opini : pendanaan untuk tata kelola sampah plastik sangat penting karena tanpa dukungan finansial yang memadai, upaya pengelolaan dan pengurangan polusi plastik akan sulit dilakukan secara efektif. berikut beberapa alasan mengapa pendanaan ini krusial: 1. infrastruktur pengelolaan sampah banyak negara, terutama negara berkembang, masih kekurangan infrastruktur pengelolaan sampah yang memadai, seperti sistem daur ulang yang efisien, fasilitas pemrosesan limbah, dan tempat pembuangan yang ramah lingkungan. pendanaan dapat membantu membangun dan meningkatkan sistem ini. 2. dukungan untuk ekonomi sirkular untuk mengurangi ketergantungan pada plastik sekali pakai, diperlukan investasi dalam model ekonomi sirkular, seperti sistem isi ulang dan penggunaan ulang. saat ini, investasi di sektor ini masih rendah, sehingga pendanaan tambahan sangat diperlukan untuk mempercepat peralihan ke solusi yang lebih berkelanjutan. 3. pengurangan beban lingkungan dan kesehatan sampah plastik yang tidak terkelola dengan baik mencemari lingkungan, merusak ekosistem, dan bahkan berdampak pada kesehatan manusia. dengan pendanaan yang cukup, pemerintah dan organisasi dapat mengurangi dampak negatif ini melalui program pembersihan, kampanye edukasi, dan inovasi teknologi ramah lingkungan. 4. mendorong tanggung jawab produsen pendanaan juga berperan dalam penerapan kebijakan seperti extended producer responsibility (epr), di mana produsen plastik diwajibkan untuk mendanai pengelolaan limbah produk mereka. ini memastikan bahwa biaya penanganan limbah tidak hanya ditanggung oleh pemerintah atau masyarakat. 5. riset dan inovasi teknologi pengembangan teknologi baru untuk daur ulang yang lebih efisien dan bahan alternatif yang ramah lingkungan memerlukan investasi besar. dengan adanya pendanaan, riset dan inovasi dalam pengelolaan sampah plastik bisa berkembang lebih cepat. jadi, tanpa pendanaan yang cukup, solusi yang ada akan sulit diterapkan secara luas, dan krisis polusi plastik bisa semakin memburuk."
Negative,Neutral,Negative,Neutral,"jangkauan pengangkutan sampah masih rendah, namun diharapkan sampah yang dibuang ke tpa akan meningkat. agar dapat mengantisipasi pembuangan sampah sembarangan oleh masyarakat. cara efektif lainnya dalam pengelolaan sampah plastik. yaitu dengan menjalankan bisnis daur ulang plastik. untuk informasi lebih lanjut, kalian dapat mengunjungi website kami di atau dengan menghubungi 085174283883/085174293883 ya! bisnis daurulang sampahplastik pojokplastik indonesia"
Neutral,Positive,Positive,Positive,"rahajeng semeng, kemaren sore kita team bumdes carangsari, disampingi oleh bapak perbekel, diskusi tentang pengelolaan sampah desa bersama adupi (asiosiasi daur ulang plastik indonesia) yang berkantor pusat di tangerang, hal ini dillakukan mengingat persoalan sampah merupakan persoalan kita bersama sepanjang masa. goal dari pertemuan ini ada lah bgm sampah yang di carangsari bisa di kelola dan bisa menghasilkan nilai ekonomis, tidak seperti saat ini kita buang begitu saja di petang. masyarakat juga diminta berperan aktif untuk memilah sampah mulai dari rumah, selanjutnya petugas akan mengambil sampah didepan rumahnya minimal 2 hari sekali. memang iurannya masih relatif rendah, ini yang juga menjadi perhatian, mari kita bersama kelola sampah mulai dari rumah kita. pertemuan berlangsung di triyana resort, terimakaih atu gusde, yang sdh memfasilitasi pertemuan ini"
Positive,Negative,Negative,Negative,"polusi plastik telah menjadi salah satu tantangan lingkungan terbesar abad ini. setiap tahunnya, dunia menghasilkan sekitar 437 juta ton plastik baru, namun hanya sekitar 9% yang berhasil didaur ulang secara efektif. sebagian besar sisanya berakhir di tempat pembuangan akhir, dibakar, atau mencemari lingkungan dalam bentuk mikroplastik yang membahayakan ekosistem dan kesehatan manusia. di indonesia, permasalahan ini semakin kompleks. pada tahun 2022, sampah nasional mencapai 69 juta ton, dimana sekitar 12,5 juta ton atau 18,2% merupakan sampah plastik. namun, tingkat daur ulang sampah plastik di indonesia masih rendah, hanya sekitar 7%.hal ini menunjukkan adanya tantangan besar dalam pengelolaan limbah plastik secara berkelanjutan. sejalan dengan tema hari lingkungan sedunia yang jatuh di tanggal 5 juni 2025, yaitu ‘hentikan polusi plastik’ (ending plastic pollution) forum diskusi denpasar 12 akan membahas tema membedah masalah polusi plastik di indonesia. mari bergabung. lestarimoerdijat partainasdem forumdiskusidenpasar12 lingkunganhidup sampahplastik sahabatlestari mbakrerie"
Positive,Neutral,Positive,Positive,siswa kelas 1 /kelas' rendah lagi ketrampilan buat bunga dari plastik ( daur ulang) ulangan semester hari ke 4 syowi kasumasa folded handsfolded hands
Neutral,Positive,Positive,Positive,"bagaimana menangani limbah dan produk cacat yang dihasilkan selama proses produksi? recycling symbolgranulator berpendingin udara suhu rendah, mendaur ulang plastik polietilena yang biodegradable#, penolong yang baik untuk melindungi lingkungan dan menjaga pembangunan berkelanjutan! output tinggi, konsumsi rendah tidak diperlukan air untuk regenerasi partikel, operasi stabil, pengoperasian mudah, bebas polusi dan tahan lamagranulator. cocok untuk semua jenis ldpe, hdpe, cpe, pvc, tpe, pla, plastik biodegradable. seperti jaring ikan pe, kantong plastik, film gelembung, film elastis, pita irigasi tetes, geomembran, dll. + tanpa air + pendinginan udara + suhu rendah lebih baik melindungi sifat plastik asli, menggunakan kembali partikel daur ulang, memecahkan masalah limbah dan mengurangi biaya produksi. jika berminat, silakan hubungi whatsapp: +861875711384"
Negative,Neutral,Negative,Negative,"cacahan sampah plastik sekali pakai menjadikan sampah kantong plastik atau kresek sebagai bahan baku. rumah plastik terus berupaya agar sampah plastik yang ada sepenuhnya dapat didaur ulang. prosesnya butuh waktu. perlahan kita terus memperbaiki pengelolaannya. sampah kresek memiliki karakter berbeda dengan sampah plastik jenis lainnya. meskipun bahan dasarnya sama. tidak banyak industri daur ulang yang mau mengelola sampah kresek kembali. ribet dan susah. nilai sampah ini jadi sangat rendah. itu kenapa di bali, beberapa organisasi lingkungan sepakat mendorong pemerintah mengeluarkan peraturan gubernur tahun 2018 tentang pengurangan sampah jenis kresek atau sekali pakai. walau nyatanya hingga kini seperti belum efektif. upaya lain memang harus dilakukan. kamipun bersyukur setelah cukup lama bergelut dengan sampah ini, ada kesempatan bekerjasama dengan dinas putr buleleng. menjadikan plastik sekali pakai ini campuran aspal, yang akan digunakan dalam pengaspalan beberapa ruas jalan di buleleng. rumah plastik akhirnya mampu melakukan proses pencacahan sampah kresek sesuai standar yang dibutuhkan. ini hanya tawap awal. masih banyak tantangan lain yang harus dihadapi. tapi kami percaya dengan berkerja bersama, berkolaborasi, akan bisa. sampahdaya."
Positive,Positive,Positive,Positive,"sampah plastik akan menjadi masalah jika tidak dikelola dengan baik. maka dengan adanya kegiatan ini untuk mencapai pembangunan rendah karbon dan mendukung kebijakan net zero emmision (nze). namun tidak hanya bermanfaatan untuk lingkungan namun juga menciptakan nilai ekonomi baru. keterlibatan masyarakat dalam program ini sangat penting mengingat jumlah penduduk yang berpotensi menghasilkan sampah plastik dalam jumlah besar. adapun cara efektif lainnya. yaitu dengan menjalankan bisnis daur ulang plastik. untuk informasi lebih lanjut, kalian dapat mengunjungi website kami di atau dengan menghubungi 085174283883/085174293883 ya! bisnis daurulang sampahplastik pojokplastik indonesia"
Positive,Positive,Positive,Positive,"singapura berhasil mengubah sampah plastik menjadi material jalan raya melalui inovasi dan teknologi daur ulang, seperti yang dilakukan oleh perusahaan rintisan magorium dan proyek kerjasama dengan dow chemical. mereka memproses plastik bekas menjadi bahan campuran aspal, menghasilkan jalan yang lebih tahan lama, bising lebih rendah, dan lebih tahan terhadap kerusakan. elaborasi: inovasi dan teknologi: magorium, misalnya, mengembangkan teknologi untuk memecah enam jenis plastik menjadi bubuk, serpihan, atau pelet yang kemudian dicampur ke aspal. proyek kerjasama: proyek kerjasama dengan dow chemical melibatkan pembangunan jalan plastik daur ulang dengan panjang 220 meter dan lebar 3 meter. manfaat: jalan plastik daur ulang ini memiliki daya tahan yang lebih baik, lebih sedikit kebisingan, dan lebih tahan terhadap keretakan, menurut percobaan di west coast highway. penggunaan: plastik yang digunakan berasal dari sampah domestik, seperti botol plastik, dan sampah industri. pendekatan ekonomis: inisiatif ini sejalan dengan konsep ekonomi sirkular, di mana limbah plastik didaur ulang menjadi sumber daya berharga. penerapan: selain di jalan raya, plastik daur ulang juga digunakan untuk membuat trotoar, bangku taman, dan bahkan untuk insulasi panas dan suara, serta penyaringan partikel."
Negative,Negative,Negative,Negative,"mari belajar memilah sampah session 4 hallo hai kembali dengan mimin disini. you know guys?? world economics forum memprediksi produksi plastik di dunia akan mencapai 1.124 juta ton pada tahun 2050. plastik ini dilematis ya sob, disatu sisi dia sangat dibutuhkan karena kelebihannya yang tak tergantikan, sebut saja, murah, praktis, mudah didapatkan dan tahan lama. namun segala kelebihan itu ternyata ada juga dampak negatif yang dia bawa seiring penggunaannya yang kian tak terkendali. semua orang tahu, plastik yang terbuang akan butuh waktu yang sangat lama utk mengurainya dan kalaupun hancur dia hanya sekedar jadi microplastic /butir2 plastik ..ngga akan jadi tanah. sementara itu..tingkat daur ulang/recycle rate sampah plastik di indonesia menurut adupi tergolong rendah. hanya berkisar 17,4%. lainnya jadi sampah.. hiks. disitu kadang mimin merasa sedih loudly crying face. ee trus ada yg bilang, kalau tahu sedih ngapain disitu min face with tears of joyface with tears of joyface with tears of joy. yuklah kita kelola sampah plastik kita . yang ini jenis ldpe ( low density polyethylene). jenis ini bersifat elastik. contohnya kantong kresek dan bungkus makanan. nah kalau di bank sampah dinperkim lh, sampah kemasan dan sampah kantong kresek ini ditimbang terpisah karena harganya beda. to be continued salam 3 r"
Neutral,Positive,Positive,Positive,"wpc adalah singkatan dari wood plastic composite, yaitu material komposit yang terbuat dari campuran serbuk kayu (wood powder/flour) dan plastik (biasanya jenis termoplastik seperti pvc, pe, atau pp), yang diproses melalui metode ekstrusi atau cetakan. 1. komposisi: • serbuk kayu atau serat alami (sekitar 30–70%) • plastik (pvc, pe, atau pp) • bahan tambahan (seperti pewarna, pengikat, uv stabilizer, dan pelumas) 2. kelebihan wpc: • tahan air dan kelembapan → tidak mudah lapuk seperti kayu biasa. • tahan terhadap serangga → seperti rayap dan jamur. • ramah lingkungan → karena terbuat dari daur ulang kayu dan plastik. • pemeliharaan rendah → tidak perlu dicat ulang atau dilapisi anti-rayap secara rutin. • tampilan menyerupai kayu asli → cocok untuk desain interior dan eksterior. • tahan lama dan kuat → tidak mudah pecah atau retak. 3. penggunaan wpc: • decking lantai luar ruangan (teras, kolam renang) • dinding dan plafon panel • pintu dan kusen • pagar dan partisi • furniture tahan air (outdoor)"
Negative,Neutral,Negative,Negative,"[video] mengatasi limbah plastik dengan 'beras' penggunaan sedotan plastik di indonesia mencapai lebih dari 93 juta batang per hari. di sisi lain, pelaku daur ulang tidak tertarik dengan limbah sedotan plastik karena nilainya yang rendah dan proses daur ulang yang sulit. tapi di korea selatan, ada upaya untuk menanggulangi sedotan plastik dengan menciptakan sedotan beras. bisakah jadi alternatif?"
Neutral,Neutral,Neutral,Positive,"baru masuk backhand index pointing upbackhand index pointing upbackhand index pointing up *ember -+70 liter plastik gentong bak air mandi air tabitha* ember 70 liter air plastik + tutup besar jumbo 70 liter. ember kami memiliki kualitas tinggi. ( bahan daur ulang) jangan terkecoh dengan murah tapi kualitas rendah !! kenapa harus miliki ember kami ? merek tabitha (kualitas lebih bagus dibanding merek polaris) bahan sangat tebal, alot, anti pecah, warna hijau cocok untuk bak kamar mandi, cuci, budidaya lele / hidroponik, dll diameter : 50 cm tinggi : 56 cm diameter bawah : 37 cm"
Neutral,Positive,Positive,Positive,"menyiasati anjloknya harga limbah cara menyiasati anjloknya harga limbah anjloknya harga limbah bisa menjadi tantangan besar bagi para pelaku usaha daur ulang dan pemulung. untuk menghindari kerugian, berikut beberapa strategi yang dapat diterapkan: 1. meningkatkan kualitas limbah sebelum dijual pilah dan bersihkan limbah agar lebih bernilai tinggi. limbah yang bersih lebih mudah diolah dan dihargai lebih mahal dibanding yang kotor atau tercampur. cacah atau press limbah plastik dan kardus agar lebih rapi dan efisien dalam pengiriman, sehingga harganya lebih kompetitif. keringkan limbah kertas dan plastik untuk mengurangi berat air yang bisa menurunkan harga. 2. diversifikasi jenis limbah jangan hanya fokus pada satu jenis limbah. jika harga plastik turun, bisa mengumpulkan logam, kertas, kaca, atau limbah elektronik yang mungkin lebih stabil harganya. limbah tertentu, seperti logam mulia dalam elektronik bekas, memiliki nilai lebih tinggi dan tetap diminati. 3. menjual langsung ke pabrik daur ulang hindari terlalu banyak perantara yang bisa menekan harga jual. cari pabrik daur ulang atau eksportir yang mau membeli dalam jumlah besar dengan harga lebih baik. manfaatkan platform digital atau marketplace limbah untuk menjangkau pembeli langsung. 4. menyimpan limbah saat harga anjlok jika memungkinkan, tunda penjualan sementara waktu dan simpan limbah dengan baik hingga harga kembali naik. pastikan limbah tidak rusak atau membusuk selama penyimpanan, terutama limbah kertas dan plastik. 5. mengolah limbah menjadi produk bernilai jual jika harga limbah mentah turun, pertimbangkan untuk mengolahnya menjadi produk daur ulang. contoh: limbah plastik bisa dijadikan granul plastik untuk bahan baku industri. kardus bekas bisa diubah menjadi bubur kertas untuk kemasan. kain bekas bisa dijadikan keset atau tas ramah lingkungan. 6. mencari pasar alternatif dan ekspor jika harga di pasar lokal rendah, cari peluang ekspor ke negara-negara yang masih membutuhkan bahan baku daur ulang. periksa regulasi ekspor limbah di negara tujuan untuk menghindari pembatasan impor. 7. efisiensi operasional untuk mengurangi biaya kurangi biaya operasional dengan mengoptimalkan rute pengangkutan limbah agar lebih hemat bahan bakar. gunakan teknologi sederhana seperti mesin pencacah limbah untuk meningkatkan efisiensi pengolahan. dengan strategi ini, pelaku usaha limbah dapat bertahan dan tetap mendapatkan keuntungan meskipun harga sedang anjlok."
Positive,Neutral,Positive,Positive,"penemuan awal ini membuka prospek revolusi dalam daur ulang plastik, menciptakan solusi energi rendah potensial untuk mengatasi limbah plastik."
Neutral,Neutral,Neutral,Negative,hanya replika bonsai daur ulang plastik kresek folded hands
Neutral,Neutral,Neutral,Negative,hanya replika ( daur ulang sampah plastik )
Positive,Positive,Positive,Negative,"beberapa simbol daur ulang yang perlu kita ketahui: 1. pete (1) jenis plastik ini hanya bisa digunakan sekali pakai. tidak disarankan untuk menggunakan berulang kali, terutama mengisinya dengan air hangat karena lapisan polimer dan zat karsinogenik pada plastik dapat larut (lepas) dan menyebabkan kanker pada organ tubuh manusia. 2. hdpe (2) simbol ini digunakan untuk sebuah plastic yang terbuat dari high desity polyethylene yang biasanya digunakan untuk gallon air minum, botol shampo, dan plastik kemasan tebal lainnya. jenis plastik ini termasuk golongan plastik yang cukup aman digunakan berulang kali karena paling sering didaur ulang dengan nilai ekonomi dan proses daur ulang yand sederhana. 3. pvc (3) barang-barang plastik yang terbuat dari plastik polyvinyl chloride ini sering juga disebut dengan “plastik beracun” karena mengandung berbagai macam bahan kimia beracun yang dapat larut dan berbahaya bagi kesehatan. sehingga perlu dihindari menggunakan jenis plastik ini untuk kemasan makanan dan minuman. 4. ldpe (4) jenis plastik ini terbuat dari bahan low density polyethylene yang bersifat elastis, memiliki daya tahan yang lama dan dapat digunakan untuk berulang kali. biasanya terdapat pada kantong plastik (kresek), kantong plastik sampah, tas belanja, hingga bungkus makanan. 5. pp (5) simbol ini digunakan untuk plastik yang terbuat dari polypropylene. barang plastik dengan simbol ini baik digunakan sebagai tempat makanan maupun minuman karena terbuat dari polypropylene yang sangat kuat dan cukup aman digunakan meski pada suhu yang panas. 6. ps (6) plastik jenis ini terbuat dari polystyrene yang banyak digunakan sebagai tempat makan syrofoam, tempat telur, sendok/garpu plastik, foam packaging hingga bahan bangunan (bahan flooring). plastik ini dapat mengeluarkan styrene yang merupakan zat karsinogen yang dapat menyebabkan kanker. 7. other (7) penggunaan jenis plastik ini untuk makanan atau minuman sangat berbahaya karena bisa menghasilkan racun bisphenol-a (bpa)"
Neutral,Positive,Positive,Positive,"daur ulang kreatif: cara memanfaatkan botol bekas menjadi barang bernilai guna botol plastik bekas sering kali menjadi limbah yang mencemari lingkungan. padahal, dengan sedikit kreativitas, botol bekas bisa diubah menjadi barang yang lebih bermanfaat, seperti pot tanaman, tempat penyimpanan, atau bahkan kerajinan dekoratif. artikel ini akan membahas cara-cara memanfaatkan botol bekas dengan mudah serta langkah-langkah pembuatannya. tahapan memanfaatkan botol bekas 1. menentukan ide pemanfaatan sebelum mulai, tentukan fungsi baru dari botol bekas. beberapa ide kreatif meliputi: pot tanaman vertikal tempat penyimpanan alat tulis wadah sabun cair lampu hias dari botol plastik 2. mengumpulkan alat dan bahan persiapkan botol bekas yang akan digunakan serta alat pendukung seperti: gunting atau cutter lem tembak cat atau spidol untuk dekorasi tali, kain, atau bahan tambahan lainnya 3. membersihkan dan menyiapkan botol cuci botol dengan sabun untuk menghilangkan sisa isi dan bau. keringkan sebelum digunakan agar lebih mudah diolah. 4. memotong dan membentuk sesuai kebutuhan gunakan gunting atau cutter untuk memotong botol sesuai desain yang diinginkan. hati-hati saat memotong agar hasilnya rapi dan tidak melukai tangan. 5. menghias dan menyempurnakan bentuk tambahkan warna, gambar, atau elemen dekoratif agar hasilnya lebih menarik. jika digunakan sebagai pot tanaman, buat lubang kecil di bagian bawah untuk drainase air. 6. menggunakan dan merawat hasil daur ulang setelah selesai, gunakan hasil kreasi sesuai fungsinya. jika membuat pot tanaman, pastikan tanaman mendapatkan perawatan yang baik agar tumbuh subur. dengan kreativitas, botol bekas tidak hanya menjadi sampah tetapi bisa berubah menjadi barang yang bermanfaat dan estetis. selain membantu mengurangi limbah plastik, ini juga bisa menjadi peluang usaha bagi yang ingin mencoba bisnis daur ulang. cara tips ideas"
Positive,Neutral,Positive,Neutral,"assalamu'alaikum. siapa tau disini ada yang mau usaha daur ulang limbah plastik, saya tau konsep, jenis barang, marketnya, barang ada yg mau buka saya kasih konsepnya/ilmunya dari pengalaman saya. terimakasih. maaf hanya sekedar berbagi aja semoga bermanfaat untuk yg mau usaha di limbah plastik."
Positive,Positive,Neutral,Positive,"alat daur ulang yang bisa menginspirasi kita untuk diarahkan memanfaatkan barang-barang yang tidak terpakai lagi, khususnya botol plastik. silahkan simak video ini. nb: hanya video cara kerja bukan bagaimana cara membuat alat folded handsfolded hands"
Positive,Positive,Positive,Positive,"sampah yang hanya dipandang sebelah mata tetapi kalau bisa cara memanfaatkan nya bisa menjadi nilai ekonomi, tidak bisa dimanfaat kan sebagi daur ulang kerajinan , bisa dijual dengan pengempul sampah (kang rongsokan) dampak positif nya lingkungan menjadi bersih bebas sampah plastik.. . . tanpa disadari sampah yg berserak kalau dijual uangnya bisa buat tambah2 beli jajan anak :smiling face with heart-eyes::smiling face with heart-eyes: semoga menjadi motivasi untuk lebih peduli dengan lingkungan folded hands"
Neutral,Neutral,Positive,Positive,"di butuhkan sampah plastik multilayer/campuran (pp/pe/alumunium) dan (pe/kertas/alumunium) contohnya bungkus snack chiki , cheetoz, taro, dll saset sekali pakai pantene, lifeboy,dll kotak teh botol, kotak susu indomilk, tempat makan kfc dll tolong info sehari bisa supply berapa kg/ton dan hanya terima multilayer/campuran."
Neutral,Positive,Positive,Positive,daur ulang sampah plastik mu sebelum mencemari lautan
Neutral,Neutral,Positive,Positive,"*halo sahabat bpmp banten* plastik yang kamu buang hari ini.. bisa mencemari bumi hingga ratusan tahun ke depan."" hari ini, 5 juni, kita peringati hari lingkungan hidup sedunia. tahun ini, kita diajak bersama-sama hentikanpolusiplastik. bukan hanya kampanye sesaat, tapi langkah nyata—mulai dari diri sendiri. no littering ganti kantong plastik dengan tas kain. dropletbawa botol minummu sendiri. recycling symbol daur ulang, dan kurangi konsumsi sekali pakai. kita punya pilihan. kita punya kekuatan. untuk bumi yang lebih bersih, sehat, dan lestari"
Neutral,Neutral,Positive,Neutral,sehari 2 sesi kelas daur ulang plastik untuk calon guru saksikan hanya youtube channel taufiq saguanto
Neutral,Neutral,Negative,Positive,d cari pp sablon siap pelet untuk d daur ulang wa081319069108 foto hanya pemanis.
Neutral,Positive,Positive,Positive,"daur ulang bukan hanya tentang mengurangi sampah, tapi juga menciptakan keindahan dari hal yang tak terduga. seperti bonsai sakura dari botol plastik."
Neutral,Neutral,Positive,Positive,alhamdulillah walau hanya kurleb 2 jam dpt ilmu membuat hasil daur ulang plastik assoy / kresek.terima kasih ilmu nya bu voni & pak alfi fahmi.
Neutral,Neutral,Negative,Positive,hanya pemula di dunia daur ulang
Neutral,Neutral,Neutral,Positive,"perabot plastik stylish dan ramah lingkungan? herb ijm jawabannya! dengan desain modern dan bahan daur ulang yang aman, perabot plastik dari ijm tak hanya mempercantik rumahmu, tapi juga membantu menjaga lingkungan. kualitas terjamin, tampilannya keren, dan harganya pun tetap terjangkau! yuk, buat pilihan cerdas untuk rumah yang nyaman dan bumi yang lebih sehat. ijm siap kirim perabotan impianmu langsung ke rumah hari ini! articulated lorrysparkles dapatkan harga spesial dengan klik link di bio sekarang! perabotanrumah perabotanterjangkau perabotanplastik ramahlingkungan plastikdaurulang perabotanaman perabotanberkualitas rumahminimalis dekorasirumah interiorrumah rumahsehat pilihanhemat furniturerumah perabotrumahmodern ecofriendly produkdaurulang rumahnyaman rumahtangga solusirumah plastikaman desainrumah kebutuhanrumah rumahramahlingkungan furnitureminimalis belanjahematyayogya"
Positive,Positive,Positive,Positive,"hasil kreasi siswa dari sampah plastik adalah bukti nyata bahwa kreativitas bisa mengubah tantangan menjadi peluang. setiap karya tidak hanya memperindah lingkungan, tetapi juga menyampaikan pesan penting tentang daur ulang dan keberlanjutan. teruslah berkarya, karena inovasi kalian hari ini adalah pondasi bagi masa depan yang lebih hijau dan cerah. program p5 sman 1 palibelo"
Neutral,Positive,Negative,Positive,"berhenti pergi ke bank sampah . beberapa tahun lalu, kami pernah menjadi nasabah bank sampah pekalongan. tapi gak lama. hanya beberapa bulan. awalnya rutin dan rajin mengelompokkan berbagai jenis sampah. rajin memilah-milah sampah berdasarkan katagori. sampah kertas, sampah kantong plastik, sampah plastik daur ulang, botol, beling dll. dan untuk mengumpulkan per katagori untuk bisa ditabung di bank sampah, membutuhkan waktu yang lumayan lama. sekali pergi nabung sampah, biasanya dapat tambahan saldo 800 - 12.00 rupiah per kunjungan. bukan nominal yang sedikit yang membuat kami berhenti pergi. tapi kami lebih memilih memberikan sampah daur ulang yang telah dikumpulkan ke pemulung yang lewat. rasanya lebih bahagia melihat binar mata mereka ketika dipanggil dan diberitahu di rumah kami banyak sampah daur ulang. karung lusuh besar yang mereka bawa tiba-tiba penuh dalam hitungan menit. sebagian pemulung itu adalah nenek² yang berasal dari desa yang jauh dari domisili kami. setidaknya untuk hari itu mereka gak harus mengais² di sepanjang jalan untuk mencari bekas botol air mineral. setidaknya, di hari itu mereka gak berlama-lama dibawah terik matahari atau dinginnya hujan gerimis. ucapan terimakasih mereka yang gak henti² mampu menghangatkan hati. padahal hanya ""sedekah"" sampah yang tidak seberapa. sedekahsampah sampahdaurulang"
Neutral,Positive,Neutral,Positive,"stop signsayembara edit foto berhadiahstop sign no : 240 detail permintaan: buatkan editan foto yang terlampir dengan tema fashion show dengan kostum daur ulang, bisa plastik, daun, botol, dll. hanya generate ya kali ini, tidak dengan bahan foto aslifolded hands tidak harus berhijab. tetap dalam batas sopan dan tidak mengandung unsur sara, politik, manipulatif, bullying dan porn. rules : wajib posting diberanda grup editin dong wajib menggunankan watermark/name/logo silahkan setor maksimal 3 karya jangan lebih gunakan hastag sayembara sayembaraeditfoto editinmodeserius editindong reward: 100k untuk 4 orang masing masing 25k deadline : 12 juli 2024, jam 12 malamm sayembara sayembaraeditfoto editinmodeserius editindong mau ngadain sayembara edit foto juga agar foto kamu diedit oleh banyak editor di grup ini? yuk hubungi admin di whatsapp 081312891822"
Positive,Positive,Positive,Positive,"indonesia merupakan negara dengan penduduk terbanyak ke-4 di dunia dan juga merupakan penyumbang sampah plastik terbesar ke-2 di dunia. berdasarkan data adupi (asosiasi daur ulang plastik indonesia) 2021, angka sampah yang cukup besar itu ternyata hanya memenuhi 44 persen kebutuhan akan resin pet di indonesia. dimana kebutuhannya diperkirakan mencapai 31.500 ton per bulan. “inovasi produk berbasis pet terus berkembang, pararel dengan hal tersebut, angka kebutuhan industri terhadap material pet ini juga terus bertambah. apalagi pet berpotensi untuk menggantikan jenis material lain dan membuat harga produk menjadi lebih terjangkau,” kata factory manager pt bumi indus padma jaya (bipj) januar pribadi. pt bipj di jombang menjadi pionir pabrik daur ulang berteknologi food grade indonesia. industri daur ulang plastik di indonesia memang terus menunjukkan kemajuan yang impresif dan didukung oleh kebutuhan dalam negeri serta tersedianya post-consumer (sampah domestik) dan post-industrial. berita selengkapnya silakan klik radarjombang.id jombangbanget.id desakita.co info pp, endorsment dan iklan dan langganan koran bisa call / chat wa : 0813 3661 001 follow & subscribe akun medsos resmi : instagram : shamrock wonderland wonosalam facebook : jawa pos radar jombang, jombang banget.id youtube : radar jombang tv x : radarjombang tiktok : jpradarjombang"
Neutral,Neutral,Positive,Positive,dua proyek daur ulang yang cerdas: dia hanya menggunakan wadah plastik bekas untuk ini!
Neutral,Positive,Positive,Positive,"backpacksparkles kreatif daur ulang plastik menjadi tas! sparklesbackpack dalam rangkaian proyek p5 bertema zero waste heroes: mengubah sampah jadi nilai tambah, siswa kelas 3 sd yppsb 2 mendapatkan pengalaman seru dan inspiratif bersama bu bahriah, penggiat daur ulang yang mengubah sampah plastik bekas menjadi barang berguna seperti tas! handbagherb dengan semangat dan kreativitas, bu bahriah dibantu bapak ibu guru dan komite mengajarkan anak-anak cara membuat tas dari plastik bekas bungkus makanan yang ada di sekitar kita. mulai dari membersihkan, memotong, hingga mengelem dan staples plastik-plastik bekas, setiap langkah mereka lakukan dengan penuh antusias! threadsparkles kegiatan ini tidak hanya melatih keterampilan dan kreativitas siswa, tetapi juga menumbuhkan kesadaran bahwa sampah bisa menjadi barang yang bernilai jika diolah dengan baik. melalui workshop ini, anak-anak kita belajar bahwa menjaga lingkungan bisa dilakukan dengan cara yang sederhana dan menyenangkan! :globe showing Europe-Africa:green heart bangga rasanya melihat para pahlawan kecil kita beraksi untuk masa depan yang lebih bersih dan hijau. terima kasih, bu bahriah, atas inspirasinya! folded handssparkles proyekp5 zerowasteheroes sdyppsb2 daurulangplastik bubahriah sekolahramahlingkungan cintalingkungan edukasianak kreativitasanak"
,Positive,Positive,Positive,cinta tanah airku indonesia hanya bisa daur ulang sampah plastik untuk kurangi sampah plastik dinegeri tercintaku indonesia.. lop yu indonesiaku daurulangsampah vod jangkauanluas fbpro godblessyou
Neutral,Positive,Positive,Positive,"hanya segitu saja sampah plastik kemasan yang bisa kami cegah sampai di alam,di jurang, di laut, di sungai. bsi. parahyangan green recycle kumpulkan, pilah, kelola, lalu menyerahkan ke vendor untuk diteruskan untuk di daur ulang. banksampah parahyangangreenrecycle banksampahinduk wastemanagement"
Negative,Positive,Negative,Positive,"daur ulang adalah salah satu instrumen untuk menyelesaikan persoalan sampah di indonesia. ada banyak instrumen lain yang bisa dilakukan. untuk instrumen yang sudah teruji, hendaknya pemerintah memberikan dukungan dalam bentuk regulasi yang meneguhkan industri daur ulang ini maju. kalau selama ini industri daur ulang hanya membuat produk, ke depan, menurut pemikiran sri bebassari, industri ini harus menjadi industri jasa yang dibayar oleh industri lain atau pihak lain yang mau selesaikan masalah sampahnya lewat jalur daur ulang. semoga saja, pemerintah serius.. wastemanagement circulareconomy indonesiabersih"
Positive,Neutral,Positive,Positive,"""kerajinan dari sedotan plastik tidak hanya melatih kreativitas anak, tapi juga mengajarkan mereka tentang pentingnya daur ulang dan peduli lingkungan."" reelsfbpro kreativitasanak fyp jangkauanluas semuaorang"
Positive,Positive,Positive,Positive,"di cari untuk di beli segala macam jenis plastik bekas , untuk di daur ulang, harga tergantung jenis dan kondisi plastik ( plastik bekas bungkus es kristal , plastik bekas bungkus packingan barang toko , plastik bekas cup sealer es teh jumbo dll ) .siap tampung sebanyak"" nya. jangka panjang dan siap ambil ke lokasi yuk , cintai bumi dengan mengumpul kan sampah plastik red exclamation markred exclamation mark yg awal nya hanya sampah biasa jd cuan , menyelamatkan alam dimulai dari satu langkah kecil dari dalam diri.jagalah kebersihan , dan nikmati ke indahan nya deciduous tree"
Neutral,Negative,Negative,Negative,"tempat minyak golden sunkist kiwi fruit check mark button 1 liter deskripsi : produk plastik golden sunkist/golden lemon sangat aman digunakan sebagai peralatan sehari-hari karena tidak menggunakan bahan baku biji plastik daur ulang. produk kami hanya menggunakan 100% biji plastik asli,sehingga warna mengkilap & tidak pudar,juga tidak bau.thumbs up tersedia 1 ukuran : - 100ml/1liter spesifikasi : - material : biji plastik murni 100% - ukuran : 100ml - warna : pink"
Positive,Neutral,Positive,Positive,"kecantikan tidak hanya dinilai dari fisik saja. untuk menunjukkan kecantikan yang dimiliki, sahabat bisa menunjukan bakat yang dimiliki, menunjukan perilaku yang sopan, memiliki hati yang lembut dan selalu berbagi hal-hal yang positif. dan ini bidadari sekolah km tampil cantik & anggun di acara pagelaran p5 di sekolah km, hanya dgn memakai gaun/dress yg terbuat dr sampah plastik. salah satu bukti nyata jk kecantikan itu bisa terjadi hanya dgn polesan. sampah sj bisa di daur ulang mjd berharga & bermakna. yuk mari kt buat hidup kt bermakna bagi sekitar."
Negative,Negative,Negative,Negative,slamat siang sahabat fb di grub ini..sy konsultasi ni.. sy usaha daur ulang plastik sy pinjem di bpr surabaya..sy pailit perbulan sy tetep ngangsur..dan kadang hanya byar separu dan niat baik kepada pihak bank..klau krmh sy temenin dg senang hati sy kasi minuman..sy sambil berjalan cari dana..uda ngk bisa nyicil lagi..stelah sy dpt dana hanya kecil sy bangkit lagi dlm usaha..stelah sy tlp pihak bank suruh lunasi semua..jujur sy ngk bisa lunasi kita baru bangkit usaha lagi..dan sy mengajukan kridet ulang katanya ngk bisa..suruh lunasi semua..gimana solusinya..sahabat fb
Positive,Neutral,Positive,Neutral,"sparkles40 tahun berkarya untuk anak bangsasparkles dalam semangat 40 tahun perjalanan, kami merayakan dies natalis dengan langkah peduli lingkungan! :globe showing Europe-Africa: dengan tema daur ulang plastik, kami berkomitmen untuk menciptakan perubahan positif demi masa depan yang lebih hijau. mari bersama kita wujudkan sekolah yang tidak hanya cerdas, tetapi juga ramah lingkungan. seedlinggreen heart diesnatalis40thn temadaurulang sekolahramahlingkungan recycleforfuture gogreentogether"""
Positive,Positive,Positive,Positive,"mengubah plastik daur ulang menjadi karya seni tidak hanya bermanfaat bagi lingkungan, tetapi juga menyediakan jalan baru untuk ekspresi artistik. hal ini menunjukkan bahwa apa yang kita anggap sebagai ""sampah"" dapat digunakan untuk menciptakan komposisi yang unik, indah, dan berdampak. sebagai seniman dan manusia, kita harus terus memperhatikan bahan-bahan limbah dan bagaimana kita dapat menggunakannya untuk menambah nilai bagi kehidupan kita sekaligus melindungi planet kita. mari kita temukan inspirasi dalam potongan-potongan plastik daur ulang yang indah ini dan pertimbangkan bagaimana kita dapat memberikan dampak pribadi juga! art recycleart recycleplastic recycle plastic daurulangsampah daurulangsampahplastik pilahsampahdarirumah lingkunganhidup"
Neutral,Positive,Positive,Positive,"grs-pp biji plastik daur ulang pp aliran tinggi apakah anda perlu membuat produk dengan kilap tinggi atau objek besar? pilihlah butiran plastik daur ulang pp dengan aliran tinggi, yang tidak hanya dapat menghasilkan produk dengan permukaan halus dan indah, tetapi juga dapat menghemat biaya. taichyu resin bahankompositpp butiranplastikdaurulangpp kustomisasi jualbeligf jualbelipa jualbeliabs jualbelips jualbelipe sertifikasigrs alirantinggi kilau barangkebutuhansehari-hari aksesorisotomotif perlengkapanperkakasantangan injeksiproduktipis"
Neutral,Positive,Positive,Positive,"daur ulang bukan hanya benar untuk dilakukan bagi lingkungan dan umat manusia dimasa depan melainkan juga menghasilkan uang jk kita pasarkan thumbs updan kali ini kita buat daur ulang dr kantong plastik menjadi sesuatu yg sangat manfaatnya,dan tunggu cerita selanjutnya kita msh proses y guys thumbs upfolded hands"
Neutral,Positive,Neutral,Neutral,sepertinya tidak hanya botol plastik aja yang bisa di daur ulang sayuran ini jg bisa di daur ulang rolling on the floor laughingrolling on the floor laughing alot mental mentalgrimacing facegrimacing face
Neutral,Neutral,Neutral,Positive,"sabut mandi // shower puff oriflame pushpin material: 100% polyester daur ulang. 100% kemasan plastik daur ulang. ukuran: 12 x 10.5 cm 47543 rp31.900,- cross mark, hanya rp21.900 :star-struck: guratu mobile phone with arrowwa.me/+6281264285632 sabutmandi showerpufroriflame sinetwork"
Negative,Negative,Negative,Negative,moorlife itu bukan untuk pajangan ya bun bukan hanya sebuah trend moorlife itu produk yg harus digunakan sehari2 ya bunsay supaya tujuan awalnya tuk menjaga kesehatan tubuh dr bahan kimia berbahaya yg terurai dr plastik daur ulang itu bener2 dilakukan ya
Negative,Neutral,Negative,Negative,"sampah sedotan plastik sebanyak ini kami kumpulkan hanya disepanjang 20 meter pantai bahari polewali. plastik berwarna hitam, termasuk sedotan, sulit didaur ulang karena warnanya menyerap cahaya sehingga tidak terdeteksi dengan baik oleh mesin pemilah di fasilitas daur ulang. hal ini membuatnya lebih mungkin berakhir di tempat pembuangan sampah atau lautan. sedotan hitam biasanya dibuat dari plastik daur ulang yang telah diwarnai ulang. pewarna hitam ini sering digunakan untuk menyamarkan ketidaksempurnaan plastik yang diolah ulang. seperti sedotan plastik lainnya, sedotan hitam membutuhkan waktu ratusan tahun untuk terurai. jika tidak dikelola dengan benar, benda ini dapat mencemari ekosistem laut dan membahayakan makhluk hidup. mengurangi penggunaan sedotan sekali pakai, termasuk yang berwarna hitam, adalah langkah yang bijak untuk menjaga kesehatan dan lingkungan. lautbiruindonesia lautbukantempatsampah bijakberplastik bocahpantai"
Positive,Positive,Positive,Positive,":globe showing Europe-Africa:recycling symbol *mengubah sampah menjadi berkah: daur ulang tutup botol plastik* recycling symbol:globe showing Europe-Africa: tahukah anda bahwa memisahkan dan mengelompokkan tutup botol plastik berdasarkan warna tidak hanya membuat koleksi anda terlihat rapi, tetapi juga memiliki dampak besar terhadap lingkungan? setiap tutup botol plastik yang anda kumpulkan dan pilah dapat didaur ulang menjadi produk baru yang berguna, membantu mengurangi limbah plastik yang merusak bumi kita. mulailah dengan memisahkan tutup botol plastik berdasarkan warna. langkah sederhana ini membuat proses daur ulang lebih efisien dan efektif. dengan tutup botol yang sudah terpisah warnanya, pabrik daur ulang dapat dengan mudah mencairkan plastik dan membentuknya menjadi produk baru tanpa perlu melalui proses pemilahan yang rumit. ini menghemat waktu, energi, dan sumber daya alam. bayangkan kontribusi positif yang bisa anda berikan hanya dengan memisahkan warna tutup botol plastik! dari menjadi bagian dari proyek seni kreatif hingga diolah kembali menjadi peralatan rumah tangga, setiap tutup botol plastik yang didaur ulang membawa manfaat nyata bagi masyarakat dan lingkungan. ayo mulai hari ini, rapihkan koleksi tutup botol plastik anda. berikan sentuhan peduli terhadap bumi kita. jadikan kebiasaan ini sebagai langkah kecil menuju perubahan besar. bersama-sama, kita bisa membuat dunia yang lebih hijau dan bersih untuk generasi mendatang. seedlingglowing star kawanbumi daurulangplastik tutupbotolplastik tutupbotol samhplastik"
Positive,Positive,Positive,Positive,"wpc atau wood plastic composite tampak seperti kayu ya…padahal wpc terbuat dr serbuk kayu dan plastik daur ulang, penerapannya juga tdk rumit hanya menggunakan lem sealant dan fisher…coba deh..smiling face with heartssmiling face with smiling eyes wpc interiør homestyling vibes reels"
Negative,Neutral,Positive,Neutral,soal timor leste daur ulang seluruh sampah plastik itu baru (cuma) gelar lho ya yg rame saat rilis rencana pabrik daur ulang plastik di 2019. riilnya sampe skrg belom jelas. yg terbaik kelola sampah di asean itu justru banyumas. tp banyumas itu kan bukan negara sendiri. https://t.co/ilffnyvbid
,,,,kemarin: peluncuran produk kolaborasi x daur baur micro factory-nya di kopi nako daur baur kemang jakarta selatan. menggunakan kancing dari hasil daur ulang plastik. kece. https://t.co/qivystppc6
Neutral,Positive,Positive,Positive,halo sahabat yuk tonton video berikut ini untuk melihat komitmen danone-aqua yang secara pro-aktif terlibat dalam pengelolaan sampah plastik di indonesia. danone-aqua berinisiatif melakukan pengumpulan dan daur ulang botol plastik melalui unit bisnis daur ulang (recycling https://t.co/bn9qbz1cdi
Neutral,Neutral,Positive,Positive,apa itu 3d printing house? 3d printing house adalah proses pembuatan rumah menggunakan printer 3d yang dapat mencetak struktur bangunan lapis demi lapis dengan material khusus seperti beton plastik daur ulang atau campuran lainnya. teknologi ini memungkinkan pembangunan rumah https://t.co/h2wg5jkfp4
Positive,Neutral,Neutral,Positive,2025 saatnya sutainable kalcer. pakai produk yang bukan cuma gaya dan fungsional tetapi juga mendukung gerakan keberlanjutan melalui daur ulang sampah plastik. waveit - urban icon dengan visi menciptakan lautan yang bebasplastik dan kaya keaneka ragaman hayati mengubah siklus https://t.co/6bfjm2csut
Neutral,Neutral,Positive,Positive,csr unilever indonesia 2024 fokus pada tiga pilar utama: kesehatan pendidikan dan lingkungan hidup. dari program edukasi gizi unilever menjangkau lebih dari 1 juta anak indonesia pelatihan keterampilan bagi 10.00 perempuan pelaku umkm kampanye daur ulang kemasan plastik https://t.co/5s5lkuzve9
Positive,Neutral,Positive,Positive,hi frens aku lagi bikin kuesioner survei untuk calon konsumen nih survei ini buat produk furniture dari plastik daur ulang. aku butuh pendapat kalian supaya produknya bisa lebih sesuai dengan kebutuhan dan selera pasar. kalau berkenan blh banget bantu isi. terima kasih banyak! https://t.co/cxj9zh2n6l
Neutral,Neutral,Negative,Negative,di usa penggunaan pbde ini sudah dilarang tetapi senyawa ini masih banyak ditemukan di pasaran. alasannya? karena masih banyak plastik bekas yg beredar dan proses daur ulang plastik umumnya ga diregulasi dengan ketat. saya cukup yakin di indonesia pun masih banyak!! https://t.co/pt94h3qddf
Neutral,Neutral,Positive,Positive,praktik baik dari tumpukan sampah menjadi atap rumah: kisah inspiratif daur ulang sampah plastik di manado https://t.co/dxmqbxueap
Negative,Neutral,Negative,Negative,pakainya beberapa saat namun efeknya berjangka panjang hal yang perlu kita ingat : - hanya 1% sampah textile yang di daur ulang di dunia - hanya 9% sampah plastik yang di daur ulang di dunia. jadi sisa sampah yang tak dikelola bisa terlihat. repost: bule sampah (ig) https://t.co/bxrgubdkw3
Neutral,Neutral,Neutral,Positive,daur ulang sampah plastik https://t.co/57tcgl3xpw
Neutral,Neutral,Positive,Positive,merchandise hasil kolaborasi avoskin dan rappo indonesia ini cantik ya sahabat avo? selain warnanya yang segar seperti buah reusable bag ini juga dibuat menggunakan daur ulang sampah plastik dari tangan-tangan penuh cinta para perempuan hebat! psstt merchandise ini bisa https://t.co/xx6o64oekp
Positive,Neutral,Positive,Positive,pnm bentuk klasterisasi usaha daur ulang guna dukung pengembangan industri kreatif kenalan dulu sama klasterisasi usaha daur ulang limbah plastik dari makassar yang dibina oleh pnm mekaar. https://t.co/c8xqnqv29o
Positive,Neutral,Neutral,Positive,mind id melalui pt vale indonesia tbk meluncurkan inovasi penggunaan plastik daur ulang sebagai mulsa atau media tanam di nursery vale indonesia. inovasi ini menjadi langkah nyata mengubah limbah yang tidak terurai menjadi produk bermanfaat untuk program pembibitan. https://t.co/4ybvonnrfj
Neutral,Neutral,Positive,Positive,2. bisnis ramah lingkungan produk daur ulang: membuat barang dari bahan daur ulang seperti tas dari plastik bekas atau furnitur dari kayu bekas. penyewaan barang: layanan penyewaan barang seperti pakaian perlengkapan bayi atau alat elektronik untuk mengurangi konsumsi https://t.co/hr36wjvyhx
Neutral,Negative,Negative,Negative,solusi daur ulang sampah plastik hanyalah ilusi https://t.co/lfk8qsktp8
Neutral,Positive,Neutral,Positive,pada tahun 2021 pt tirta investama (danone aqua) dan pt veolia service indonesia meresmikan pabrik daur ulang plastik pet utk mengatasi permasalahan sampah di indonesia juga mendorong pertumbuhan ekonomi dlm peningkatan kesejahteraan bagi para pekerja disektor persampahan. https://t.co/quzscwrd1g
Neutral,Positive,Neutral,Positive,halo! saya ahmad nauval ariq ms mahasiswa ft ui sedang meneliti persepsi masyarakat terhadap pembelian produk daur ulang plastik pet. hadiah untuk 20 responden beruntung: saldo gopay/ovo/dana rp 50.00. https://t.co/bhlol0jw0p terima kasih https://t.co/tyxaytyvhp
Neutral,Neutral,Neutral,Positive,sobatkominfo.. sampah plastik telah menjadi masalah besar di planet kita. namun kita dapat mengurangi dampaknya dengan menggunakan sampah plastik dengan bijak. daur ulang gunakan kembali dan hindari penggunaan plastik sekali pakai! yukk bijak menggunakan sampah plastik.. https://t.co/sueodjirhd
,,,,today let s talk about sex. 4. plastik daur ulang : kre-sex. 5. rusak dan pesuk : ring-sex. lanjutin ngee https://t.co/o3izjg8czu
Neutral,Neutral,Positive,Positive,santri mbs smp mutual bikin heboh! kaligrafi kaca dan bunga plastik daur ulang jadi hadiah istimewa https://t.co/e5oosgphxt https://t.co/ktsgqts9js
Positive,Neutral,Positive,Neutral,di hari peduli sampah nasional ini yuk mulai dan biasakan langkah kecil ini seperti membawa tumbler sendiri mengurangi plastik sekali pakai memilah sampah organik dan anorganik serta mendukung daur ulang. dengan kebiasaan sederhana ini kita bisa memberikan dampak besar https://t.co/iajz2yxvgo
Negative,Negative,Negative,Negative,kebakaran di pabrik daur ulang plastik mojosongo solo 7 mobil damkar dikerahkan pabrik daur ulang sampah plastik di mojosongo jebres solo dilanda kebakaran pada minggu (9/3/2025) siang. https://t.co/nelvsxxvwg https://t.co/xfrjosg9ui
Positive,Neutral,Neutral,Positive,pp ! produk baru disini~ jam tangan dari daur ulang sampah plastik namanya *loop 01* kapan lagi punya produk dari recycled material? tapi baru bisa dibeli tanggal 15 bulan 1 tahun 2025 https://t.co/hxh3wj7nnc
Positive,Positive,Neutral,Positive,sepanjang tahun 2024 lebih dari 15.00 tukik telah dilepasliarkan ke habitat aslinya. dari jumlah tersebut 500 tukik merupakan hasil konversi dari botol plastik yang dikumpulkan masyarakat melalui mesin daur ulang bakti bca. https://t.co/qrtitqmqyy
Positive,Neutral,Neutral,Positive,manca di inacraft 2025 produk tas berbahan plastik daur ulang umkm binaan waskita diborong pembeli mancanegara https://t.co/uouwugf5wa 11n1
Negative,Neutral,Neutral,Negative,dengan tinggi 8 meter dan desain abstrak berbahan baja merah yang dilapisi kabel plastik daur ulang tugu ini menelan biaya rp1 8 miliar dari apbd 2024. proyek ini menuai kritik tajam mulai dari estetika hingga efisiensi penggunaan anggaran. https://t.co/zjbdnkcdw6
Neutral,Neutral,Neutral,Positive,di hari tanpa sampah internasional pt alba tridi plastics perusahaan daur ulang plastik yang dipimpin perempuan membuktikan pentingnya rantai nilai inklusif untuk ekonomi sirkuler. melalui dukungan adb mereka memberdayakan pengumpul plastik sambil meningkatkan volume daur
Neutral,Positive,Neutral,Positive,bantu palestina baznas le minerale dan masjid istiqlal luncurkan dropbox daur ulang botol plastik https://t.co/5ujppdz7pd dan-masjid-istiqlal-luncurkan-dropbox-daur-ulang-botol-plastik https://t.co/mdudnuv3w2
Positive,Neutral,Neutral,Positive,9. selanjutnya mendag budi juga melepas ekspor empat umkm dengan total nilai rp3 9 miliar. produk-produk yang dilepas ekspornya tersebut terdiri atas produk kerajinan furnitur daur ulang dari plastik gurita potong beku dan filet ikan. umkmbisaekspor ayodagang https://t.co/vbayjpm8mp
Positive,Neutral,Positive,Positive,bupati sleman terpilih harda kiswaya mengapresiasi inovasi daur ulang sampah plastik yang dilakukan oleh pelaku usaha muda kabupaten sleman. inovasi yang diusung paste laboratory perusahaan yang didirikan anak-anak muda sleman sangat menginspirasi dan memberikan harapan besar https://t.co/pvfpctqsuv
Neutral,Neutral,Positive,Positive,foto: mengintip daur ulang sampah plastik jadi produk rumah tangga https://t.co/t3m1d43xt0
Negative,Negative,Neutral,Negative,indonesia kehilangan sekitar 1% gdp setiap tahun akibat dampak polusi plastik. bukan cuma soal lingkungan ini juga urusan ekonomi dan kesejahteraan kita! di konferensi inc berikutnya indonesia harus lebih tegas mendorong pembatasan produksi plastik bukan hanya daur ulang https://t.co/nvklkzeyuc
Positive,Neutral,Positive,Neutral,dlm lawatannya ke australia ka bppsdmkp turut mengunjungi renew it information technology company perusahaan yang bergerak di bidang daur ulang plastik untuk menjajaki kolaborasi dalam mengatasi sampah plastik di laut. sdmunggul ekonomibiru https://t.co/raph6jqpnq
Positive,Neutral,Positive,Positive,real betis balompié telah menciptakan kaos pertama mereka yang terbuat dari ganggang laut dan plastik daur ulang untuk meningkatkan kesadaran akan besarnya bahaya invasi spesies ini di sepanjang pantai andalusia. respect real betis https://t.co/avx3liw1kh
Negative,Negative,Negative,Negative,kita tidak akan pernah mendaur ulang plastik. secara ekonomi tidak akan masuk. harga biji plastik virgin akan selalu lebih murah daripada biji plastik daur ulang. 3r reduce reuse recycle. urutannya gitu reduce reuse baru recycle.
Positive,Positive,Positive,Positive,aqua jadi pelopor ekonomi sirkular di indonesia perkuat teknologi daur ulang sampah plastik https://t.co/et877ggwur
Positive,Neutral,Neutral,Positive,calon bupati dan calon wakil bupati jembrana nomor urut 2 kembang hartawan-patriana krisna (bang ipat) aktif menggerakkan program daur ulang sampah plastik dengan kegiatan bersih-bersih sampah di pantai cemara pengambengan kabupaten jembrana. kegiatan ini menyatukan warga https://t.co/m5tl6cirum
Neutral,Neutral,Neutral,Positive,sebagian ruang kelas di sma pangudi luhur jakarta selatan kini lebih ramah lingkungan dengan meja dan kursi yang terbuat dari daur ulang sampah plastik https://t.co/kaz4sgjlnm
Negative,Neutral,Neutral,Neutral,indonesia masih berjuang untuk melepaskan diri dari ketergantungan terhadap sampah impor yang telah menjadi hal yang sangat penting bagi industri daur ulang terutama dalam produksi kertas dan plastik. https://t.co/ns6oyeqkd6 https://t.co/nzepa4qb0y
Positive,Positive,Neutral,Positive,baznas ri bersama pt gateway container line mall aeon plasticpay hadirkan rvm untuk daur ulang plastik https://t.co/xxlh1wqkxl
Positive,Neutral,Neutral,Positive,bagaimana lg berkontribusi untuk bumi yang lebih hijau? mulai dari penggunaan komponen daur ulang kemasan tanpa plastik hingga penggantian zat berbahaya lg terus berinovasi demi keberlanjutan lifesgood greenproduct sustainability https://t.co/ko8axqsetb
Neutral,Neutral,Positive,Neutral,modena pure hub dukung gerakan refill &amp; daur ulang plastik di cfd sudirman https://t.co/rprjqdkfdy
Positive,Neutral,Positive,Neutral,para ilmuwan telah lama mengetahui tentang kemampuan mealworm untuk memakan plastik tertentu. apakah serangga ini bisa jadi solusi daur ulang alami? https://t.co/8lki37fdip
Positive,Neutral,Neutral,Neutral,sampah plastik di hutan dan laut mengancam ekosistem. kurangi penggunaan plastik daur ulang dan pilih produk ramah lingkungan. gogreen
Positive,Neutral,Positive,Positive,peneliti brin mengembangkan inovasi komposit kayu plastik dari bahan daur ulang plastik dengan teknologi radiasi. humaniora adadikompas https://t.co/4uri8ux4xu
Negative,Negative,Neutral,Negative,berdasarkan pandangan semakin meningkat kandungan daur ulang pada plastik bisa memperbesar risiko paparan bahan kimia beracun. karena itu penting untuk memastikan plastik daur ulang bebas dari zat berbahaya dan mudah dilacak kandungannya. https://t.co/rfxzawsvz0
Positive,Neutral,Positive,Neutral,radiarta berdiskusi dg founder &amp; ceo renew it james lancaster membahas adaptasi teknologi daur ulang plastik yg mungkin bs dimanfaatkan pd program smart fisheries village (sfv) serta dlm skema kegiatan pelatihan di bidang pengelolaan sampah ramah lingkungan. nice! https://t.co/uoomgmg63l
Neutral,Negative,Negative,Negative,seluk beluk daur ulang botol plastik air mineral indonesia https://t.co/2sthxxse82
Positive,Neutral,Positive,Positive,thank you sudah sharing! di indonesia juga sudah mulai banyak inovasi daur ulang plastik lho.. kita udah cleanup &gt;11 ton sampah plastik dan nge-recycle jadi papan daur ulang multifungsi. nantinya papan dapat diubah jadi furniture!
,,,,peneliti brin mengembangkan inovasi komposit kayu plastik dari bahan daur ulang plastik dengan teknologi radiasi. humaniora adadikompas https://t.co/hlkdlymji0
Positive,Neutral,Positive,Positive,launching gerakan masyarakat peduli anak sekolah eks panglima tniyudo margono saksikan demo drone hasil daur ulang sampah plastik https://t.co/aqrfagp73q
Positive,Positive,Positive,Positive,davines dan plastic bank luncurkan plastik daur ulang https://t.co/pnszn2vsgn
Neutral,Neutral,Neutral,Positive,ikuti pawai budaya hut ke-128 balikpapan besok koja bakal pamerkan baju betawi daur ulang plastik https://t.co/uf42jgie0s
Positive,Neutral,Neutral,Positive,keren banget! mahasiswa its bikin cagar watch dari daur ulang sampah plastik lho inspiratif mahasiswa medcomid mudamemberiarti https://t.co/jqeere1tzl
Neutral,Neutral,Negative,Negative,daur ulang plastik menjadi tantangan sendiri bagi saya sudah melakukan uji coba sejak bulan juli dan akhirnya saya berhasil untuk melakukan daur ulang plastik https://t.co/wnnonvpem0
Neutral,Neutral,Positive,Positive,kreativitas ibu rumah tangga madiun sri suyatmi membuatnya mengolah bunga hias dari hasil daur ulang kantong plastik. https://t.co/ks7sgvhw0m
Neutral,Positive,Positive,Positive,ibu-ibu di madiun menunjukkan tas hasil daur ulang gelas plastik bekas buatannya. karyanya tembus pameran produk kreatif. https://t.co/eqxwzwh4i9
,,,,diduga akibat ilalang yang dibakar sembarangan sebuah pabrik plastik daur ulang di desa kesamben wetan kabupaten gresik jawa timur terbakar hebat. petugas pemadam kebakaran membutuhkan waktu sekitar 13 jam untuk memadamkan api. https://t.co/ns6oyeqsse https://t.co/5wthpnuyvn
Neutral,Positive,Positive,Positive,melalui program gesn le minerale dan berbagai pihak mengolah sampah plastik menjadi produk daur ulang berkualitas tinggi. cek selengkapnya: https://t.co/6oexds5kmb https://t.co/rm8pqd0g39
Positive,Neutral,Positive,Positive,dari sampah jadi solusi: sdn 3 barusari hadir dengan bata plastik daur ulang yayasan bakti barito bersama pemkab garut melaksanakan peletakan batu pertama pembangunan sdn 3 barusari kecamatan pasirwangi kab. garut. sekolah ini dibangun menggunakan bata plastik daur ulang. https://t.co/g3ckdh8lxp
Positive,Neutral,Positive,Positive,plana startup yg didirikan pd 2019 oleh joshua christopher chandra &amp; timnya berhasil memanfaatkan sampah plastik menjadi peluang bisnis yg menguntungkan. mereka mengubah plastik daur ulang &amp; gabah padi menjadi material bangunan yg kuat &amp; tahan lama. https://t.co/xeayvkjzck https://t.co/oymdtff7xr
Negative,Positive,Neutral,Positive,setiap tahun 8-12 juta ton sampah plastik mencemari lautan. simak fasilitas daur ulang botol plastik pet di kendal yang didukung pinjaman biru adb bersama pt alba tridi plastics recycling indonesia dalam video terbaru kami: https://t.co/qkkr6jcrxc adbindonesia
Positive,Positive,Neutral,Positive,arif rahman abidin (29) mengonkretkan hilirisasi limbah yang diterapkan dengan daur ulang botol plastik. sampah berkurang manfaat pun dituai lewat rupiah atau nilai tambah. untukindonesia adadikompas https://t.co/tw0qkk4tck
Positive,Neutral,Positive,Positive,badan riset dan inovasi nasional atau brin telah mengembangkan teknologi radiasi nuklir untuk mengolah daur ulang limbah plastik menjadi bahan komposit plastik kayu. humaniora adadikompas https://t.co/uil6bc3ffj
Positive,Neutral,Positive,Positive,tingkatkan ekonomi masyarakat kawasan pesisir pln luncurkan program tjsl pengembangan furniture daur ulang sampah plastik electrizen pln uid sulselrabar bersama rappo indonesia meluncurkan program inovatif pengembangan furniture berbahan daur ulang sebagai bentuk- https://t.co/f6dnvwhz9m
,,,,peneliti brin mengembangkan inovasi komposit kayu plastik dari bahan daur ulang plastik dengan teknologi radiasi. humaniora adadikompas https://t.co/m2ggpk9dby
Neutral,Neutral,Neutral,Neutral,2/10 rata2 isshou akb akhir2 ini jg gaada yg lebih dr 5. rame2 bgt.. balikin konsep kotak2 kita.. ini juga jot yg bener aja isshou nya kek gaun daur ulang plastik tema yakult lady
Positive,Neutral,Neutral,Positive,blistener! coldplay merilis album ke-10 mereka moon music dalam bentuk vinyl yang terbuat dari plastik daur ulang. inisiatif ini membantu mengurangi polusi plastik dan menurunkan jejak karbon hingga 85% dibandingkan dengan vinyl standar roadshow
Positive,Positive,Positive,Positive,kegiatan lanjutan yang diikuti kabid usaha mikro sri lestari mewakili kepala dinas acara sosialisasi pendirian pabrik daur ulang plastik. kegiatan yang juga dihadiri langsung oleh asisten perekonomian dan pembangunan dwi yanto ini dipusatkan di balai desa sumberbulu songgon. https://t.co/vshxlnpkmb
Positive,Neutral,Positive,Neutral,dalam rangka meningkatkan kesadaran akan pentingnya menjaga lingkungan mahasiswa universitas udayana yang tergabung dalam komunitas penerima beasiswa yayasan karya salemba empat (kse) menggelar acara edukasi dan pelatihan daur ulang plastik. https://t.co/igyyujk50q
Positive,Positive,Positive,Positive,bank ocbc hargai botol minuman rp56 menggunakan reverse vending machine plasticpay daur ulang plastik sekaligus kumpulkan dana untuk tanam mangrove https://t.co/ahuyj8aas4
Positive,Neutral,Positive,Positive,badan riset dan inovasi nasional atau brin telah mengembangkan teknologi radiasi nuklir untuk mengolah daur ulang limbah plastik menjadi bahan komposit plastik kayu. humaniora adadikompas https://t.co/0xhyqj4c7z
Positive,Neutral,Neutral,Positive,laptop ini juga jadi pilihan cerdas sebagai komitmen ramah lingkungan karena terbuat dari 90% post-consumer content (pcc) plastik daur ulang dan kemasan bebas plastik.
,,,,partai indo kalo gak pake warna plastik daur ulang paling banter ya warna oren terpal pecel lele gini. ini saatnya kita sulut perlawanan pake pink soda gembira
,,,,badan riset dan inovasi nasional atau brin telah mengembangkan teknologi radiasi nuklir untuk mengolah daur ulang limbah plastik menjadi bahan komposit plastik kayu. humaniora adadikompas https://t.co/e56eugzt2c
Positive,Neutral,Positive,Positive,coldplay baru rilis album ke-10 'moon music' dalam vinyl dari limbah plastik sungai cisadane! setiap vinyl dibuat dari 9 botol plastik daur ulang berkat kolaborasi dengan the ocean cleanup. keren banget kan? hypevox viral trending coldplay moonmusic vinyl music album https://t.co/p9pyus3fd1
Positive,Positive,Positive,Positive,keren mengurangi sampah plastik sma pangudi luhur pakai meja-kursi hasil daur ulang sampah plastik tutup botol https://t.co/ij6dbnw6td
Neutral,Neutral,Positive,Positive,desainnya keliatan sederhana tapi klien suka banget. ini bikin semua furniturenya pakai plastik daur ulang https://t.co/vbbt7x2uuk
Positive,Positive,Positive,Positive,arif rahman abidin (29) mengonkretkan hilirisasi limbah yang diterapkan dengan daur ulang botol plastik. sampah berkurang manfaat pun dituai lewat rupiah atau nilai tambah. simak kisahnya di sini https://t.co/lfui9nekhl sosok untukindonesia adadikompas https://t.co/gcl57whf8e
Positive,Neutral,Positive,Positive,sobatjaktim! siapa sangka dari sampah plastik bisa tercipta karya seni yang luar biasa? yuk ubah barang bekas jadi sesuatu yang bermanfaat! mulai dari hal kecil seperti daur ulang bisa bikin perubahan besar untuk bumi kita. lingkungan sampahplastik plastik https://t.co/igfcslt5w0
Neutral,Neutral,Positive,Positive,foto: bank sampah di tangerang daur ulang sampah plastik jadi kerajinan tangan newsupdate update news text https://t.co/nuxgoliupu
Positive,Neutral,Positive,Neutral,foto nestlé indonesia hadirkan 5.00 bangku daur ulang dari plastik pascakonsumsi untuk mengurangi sampah plastik! cek info selengkapnya di sini! foto: antara foto/indrianto eko suwarso &gt;&gt; https://t.co/z0j3kfgv2l detikedu nestleindonesia lingkungansehat https://t.co/fngfomysej
Neutral,Neutral,Negative,Negative,tragis mayat pria ditemukan mengapung di kolam limbah daur ulang plastik di kecamatan pogalan
,,,,nnjrit apkh ini real krn versi bayar?? chatgptnya kek mas mas cabul anjrut. sparks gue mah tipe mas mas gentlemanly softspoken tidak cabul memahami perlakuan panas nanomaterial metalurgi ekstraksi pengolahan mineral daur ulang plastik modifikasi keramik &amp; komposit.
Negative,Neutral,Negative,Neutral,sebuah pabrik daur ulang plastik di korsel tutup dan terbengkalai. akibatnya sampah plastik menggunung di pabrik itu dan dibiarkan begitu saja. https://t.co/r9yura1xre
Neutral,Neutral,Positive,Positive,kreatif dan unik desainer ini daur ulang sedotan plastik jadi fashion item trendi https://t.co/utlest0ofl
Neutral,Positive,Negative,Positive,tapi tau gak sih kalian ada galon isi ulang hasil daur ulang galon isi ulang? plastik polikarbonat memang bisa didaur ulang tapi prosesnya sulit dilakukan. sayangnya indonesia belum memiliki standar baku daur ulang polikarbonat kembali menjadi bahan kemasan minuman dan https://t.co/zfbftevhz9
Neutral,Neutral,Negative,Neutral,gw ngumpulin banyak plastik/kresek ada ga ya yang mau nrima? dulu kalau di jogja ada anak seni yang mau nampung mereka pada buat seni daur ulang plastik.
Neutral,Positive,Positive,Positive,hai sahabatbahari kamis 7 november 2024. telah diadakan pertemuan dharma wanita persatuan (dwp) ppn sibolga yang diadakan secara luring dan daring. dalam pertemuan ini juga dilakukan praktek daur ulang botol plastik menjadi kerajinan/hiasan bunga. https://t.co/xljlfgonah
Negative,Negative,Negative,Negative,dlh kota tasikmalaya dan pabrik daur ulang plastik dilaporkan ke gakkum klhk dan walhi jabar https://t.co/tj9pxje0ge
Neutral,Positive,Neutral,Positive,mengenal tas ramah lingkungan asal korea selatan hasil daur ulang botol plastik. https://t.co/mahl77f6fc
Positive,Neutral,Positive,Positive,siswa jur pemesinan smkn jateng yg buat ini lurs..kombinasi ecobrick mangsute daur ulang plastik agar tdk terbuang percuma dan tanahku ttp sehat prima https://t.co/riidquloew
Neutral,Neutral,Positive,Positive,ini adalah fasilitas pengumpulan dan pemilahan sampah plastik yang dirancang untuk mendukung proses daur ulang secara lebih efisien. https://t.co/5v7mempgnw
Negative,Negative,Negative,Negative,chart ini unik. sekilas w tinggal di bkk ini penggunaan plastik di sini banyak banget. beli gorengan aja plastik wadah gorengan lidi ama plastik nenteng. semua all new plastic. ga ada plastik item daur ulang. tp kok sampah th di chart ini kecil. gimana th ini kelola sampah ya?
Neutral,Neutral,Negative,Negative,waspada! spatula plastik hitam daur ulang mengandung bahan kimia berbahaya https://t.co/ljd35k9qsd
Positive,Positive,Positive,Positive,sampah plastik masih menjadi masalah di berbagai daerah tak terkecuali di samarinda kaltim. hadirnya pabrik daur ulang ini diharapkan mampu memberi solusi. https://t.co/qcn8pmgved
,,,,waspada spatula plastik hitam daur ulang mengandung bahan kimia berbahaya untuk tubuh https://t.co/ixh9nnf4jb
Positive,Positive,Positive,Positive,komitmen dan tanggung jawab aqua dalam pengelolaan sampah plastik di indonesia gak main-main loh. aqua punya ekosistem daur ulang yang sangat mumpuni utk mencegah sampah plastik berakhir di lautan dan bantu mengurangi sampah plastik yg tersebar di lingkungan. jadi aqua punya yg https://t.co/5qtb0qelyl
Neutral,Neutral,Positive,Positive,cileungsi lupa lagi nama daerahnya itu pabrik pengolahan biji plastik juga udah lama juga soalnya 2010an .. dulu kan harga daur ulang plastik lagi mantep nya
Neutral,Neutral,Neutral,Positive,aman bantal yg isinya dacron (daur ulang plastik) bisa dicuci. setelah kering ga bikin kempes. tp jangan coba di bantal yg isinya dari kapas/kapuk kempes nanti
Positive,Neutral,Neutral,Positive,dibuat dengan 40 persen plastik laut daur ulang kia menyebut cover bagasi berkualitas tinggi ini memiliki ketahanan proteksi dan fungsi yang sama dengan cover bagasi konvensional. solidaritasnusantara87 https://t.co/bop7yumgsy
Positive,Neutral,Positive,Neutral,ga ada yg punya ide bikin pusat pengolahan plastik daur ulang terapung gitu? lumayan itu ribuan ton plastik kalau dikiloin..
Positive,Neutral,Neutral,Positive,renovasi sdn 3 barusari yayasan bakti barito gunakan material dari daur ulang plastik https://t.co/w1sqmrcakt
Negative,Neutral,Neutral,Neutral,kebakaran di pabrik daur ulang plastik mojosongo semua bahan baku terbakar hangus kebakaranmojosongo pabrikdaurulang kebakaranplastik lingkunganhidup sampahplastik disasteralert environmentalimpact recyclingchallenges https://t.co/admm6njohe
Neutral,Neutral,Neutral,Positive,rusak akibat guncangan gempa bumi garut sdn 3 barusari dibangun kembali dengan bahan hasil daur ulang plastik https://t.co/0joeu6zapa
Neutral,Neutral,Positive,Neutral,daur ulang plastik bisa mengurangi limbah. bripeduli worldcleanupday briliandancemerlang qrislink https://t.co/bxnyq0qjgz
Negative,Neutral,Negative,Neutral,alaidid kemarin exxon digugat oleh california gara2 nyebarin informasi palsu ttg daur ulang sampah plastik tuh. gara² mitos² daur ulang palsu yg disebarkan exxon berpuluh² thn terjadilah peningkatan polusi plastik besar²an. jualan ketakutan dia
Negative,Neutral,Negative,Neutral,alaidid jadi krn informasi palsu ttg daur ulang plastik selama puluhan thn disebarkan tsb bikin krisis sampah plastik meningkat. krn pernyataan exxonmobil &amp; produsen plastik lainnya seperti itulah konsumen jadi lebih pilih beli kemasan plastik sekali pakai piring dsb makanya sampah
Neutral,Neutral,Positive,Neutral,per last news mereka buang ke tps sih tapi mungkin bisa jadi saran utk grup supaya kerja sama dgn perusahaan yg daur ulang plastik. toko mainan aja udh mulai kek gini (mainan yg udh ga dipake/rusak dicollect &gt; didaur ulang &gt; jadi barang fungsional).
Positive,Neutral,Positive,Positive,dlh palopo gelar lomba fashion show daur ulang sampah plastik 2024 emil nugraha sebut jadi ajang kreativitas dan bernilai ekonomi https://t.co/kp7pbaajyh https://t.co/nmgb0gu4ss
Neutral,Negative,Negative,Negative,pemerintah daerah tersebut menuduh perusahaan pepsico dan coca-cola telah menyesatkan publik terkait daur ulang botol plastik mereka dan meremehkan dampak negatif pembuangan plastik terhadap lingkungan dan kesehatan. https://t.co/s553jhn8b3
Negative,Neutral,Neutral,Neutral,mayat yang diketahui bernama eko agustino (41) yang merupakan warga desa sambirejo itu ditemukan meninggal dan mengapung di dalam limbah pengelolaan daur ulang plastik. https://t.co/ekcwnfpfu1
Negative,Neutral,Negative,Neutral,penting melakukan uji laboratorium pada kandungan air yang tercemar termasuk air yang ada pada kolam ipal di pabrik daur ulang plastik. https://t.co/4thyrcijbg
Positive,Positive,Positive,Positive,berita ruso terupdate gelar pertemuan rutin dwp rutan soasiu antusias ikuti pelatihan daur ulang botol plastik selengkapnya: https://t.co/1yd8g8gepl (humas rutan soasiu) kemenimipasri ditjenpas kanwilditjenpasmalut rutansoasiu https://t.co/6aomzttqkq
Negative,Neutral,Negative,Positive,cerita bersama anak lanang hari ini pov: nonton video orang karnaval pakai baju daur ulang ibu itu kenapa pakai baju kayak gitu. daun daun plastik? itu namanya pakaian daur ulang. tau daur ulang gak? gak tau kasian kali gapunya baju jadi pake plastik
Neutral,Neutral,Positive,Positive,sebelum baca ini adalah ogoh-ogoh saya pikir proses pembuatan tutup tumbler potato head hotel (yang juga dari daur ulang plastik bekas) karena warnanya mirip naise!
Neutral,Neutral,Positive,Neutral,usulin daur ulang sampah di setiap kali
Negative,Negative,Negative,Negative,"pak bersihin sampah ok, tapi bagaimana di tpa akan kah ditumpuk begitu aja, coba bagaimana caranya daur ulang sampah mungkin klo dikumpulin sdh bisa seluas pulau kalimantan."
Negative,Neutral,Negative,Neutral,"ada sampah yang ga bisa di daur ulang pak,sampah peradaban jenis buzzer dan koruptor.kalau tidak segera diuraikan bisa berdampak puluhan bakan ratusan tahun kedepan."
Positive,Neutral,Positive,Neutral,"lanjutan video mengenai lapangan usaha cakupan se2026 kategori e: pengelolaan air, pengelolaan air limbah, dan pengelolaan dan daur ulang sampah, dan aktivitas remediasi. cintadata selangkah2026 mencatatekonomiindonesia"
Positive,Neutral,Positive,Positive,"betul, ide nya bagus mendaur ulang dari sampah plastik. tapi negara maju lebih paham sampah2 daur ulang punya efek, dan efeknya bermacam2, mereka riset gk main2. kalau dikita main2 aja dlu baru riset. tapi ide ini bagus tinggal pemerintah mau riset gk? opini saya folded hands"
,,,,"repost statistics lapangan usaha cakupan se2026 (kategori e) cakupan se2026 kategori e: pengelolaan air, pengelolaan air limbah, dan pengelolaan dan daur ulang sampah, dan aktivitas remediasi. cintadata selangkah2026 mencatatekonomiindonesia https://t.co/eyadvvc6ao"
Neutral,Neutral,Negative,Negative,"ini level yang lebih tinggi dari pengelolaan sampah. daur ulangnya di level upcycle. karena yg udah2, daur ulang sampah kita, juatru downcycle"
Neutral,Neutral,Neutral,Neutral,manusia sampah yang bahkan gak di daur ulang! dasar pedo busuk! lo nge grooming anak umur 16 tahun! otak gila! mendiang saeron bahkan sampe memohon sama lo buat kasih dia waktu buat bayar utangnya. bukan gak mau bayar! tapi di cicil! karna dia harus ngerintis dari 0 lagi!
,,,,"sobatdata, lapangan usaha cakupan se2026 (kategori e) simak penjelasannya dalam video ini, e: pengelolaan air, pengelolaan air limbah, dan pengelolaan dan daur ulang sampah, dan aktivitas remediasi. selangkah2026 mencatatekonomiindonesia statistics https://t.co/tiggl5beev"
,,,,"simak penjelasannya dalam lanjutan video mengenai lapangan usaha cakupan se2026 kategori e: pengelolaan air, pengelolaan air limbah, dan pengelolaan dan daur ulang sampah, dan aktivitas remediasi. cintadata selangkah2026 mencatatekonomiindonesia"
,,,,"simak penjelasannya dalam lanjutan video mengenai lapangan usaha cakupan se2026 kategori e: pengelolaan air, pengelolaan air limbah, dan pengelolaan dan daur ulang sampah, dan aktivitas remediasi. cintadata selangkah2026 mencatatekonomiindonesia https://t.co/gmyiknbkgb"
Negative,Negative,Negative,Negative,tp ada jg jenis sampah yg ga bisa di daur ulang pak spt sampah 16/24 jenis sampah peradaban yg layak di bumi hanguskan pak person running dark skin tonedashing awaydashing away https://t.co/ngmpril3ux
Neutral,Neutral,Negative,Neutral,daur ulang sampah politik face with hand over mouth
Neutral,Positive,Positive,Positive,"seorang satpam di jakarta jadi pelaku umkm suvenir ondel-ondel mini dari botol daur ulang. menjaga budaya dan mengurangi sampah, sungguh dua kebaikan sekaligus! https://t.co/0ojxr0tsmo"
Positive,Negative,Negative,Negative,pakainya beberapa saat namun efeknya berjangka panjang loudly crying face bookmark hal yang perlu kita ingat : - hanya 1% sampah textile yang di daur ulang di dunia - hanya 9% sampah plastik yang di daur ulang di dunia. jadi sisa sampah yang tak dikelola bisa terlihat. repost: bule sampah (ig) https://t.co/bxrgubdkw3
Neutral,Neutral,Positive,Neutral,opini sampah yang di daur ulang terus
Neutral,Neutral,Positive,Positive,"daur ulang sampah menjadi intan berlian, kebiasaan inzaghi"
Neutral,Neutral,Negative,Negative,"saya selalu bingung kalau ketemu tempat sampah pemilahan model begini. misal, saya punya - tissue - bungkus snack - kantong kresek saya ga yakin apakah ini semua termasuk sampah non organik atau apa. lebih suka pembagian 2: sampah daur ulang &amp; sampah biasa (non daur ulang). https://t.co/qqsegadvhu"
Neutral,Neutral,Neutral,Neutral,"dulu ada seorang wanita yang membuangku layaknya sampah demi laki² yang lebih dariku. tapi sekarang,sampah itu di daur ulang oleh seorang ratu yang bisa nerima seorang sampah sepertiku."
Neutral,Neutral,Neutral,Neutral,pas awal di rilis gue ngikutin bgt ini manhwa tapi lama2 gue hold karna tiap baca dada gue sesek bgt capek nangis mulu. keluarganya bener2 sampah yg gak bisa di daur ulang. bukannya introspeksi diri minta maaf malah playing victim. sampe saat ini gue blm sanggup lanjut baca
Neutral,Neutral,Neutral,Neutral,miskiinn ohaallaaooww miskiinn hati jiwa &amp; raga cakeup deh ah gaperlu tired tired ngotorin tangan gue. lo udeh sadar kalo lo itu sampah aka trash yang galayak di daur ulang hh tengil kelewat tengil eug lokit lokit cakep kali ah lo utang bayar woi malu kalo kata guemah
Positive,Neutral,Positive,Neutral,daur ulang sampah https://t.co/twykoskm3a
,,,,"kebakaran di pabrik daur ulang plastik mojosongo solo, 7 mobil damkar dikerahkan pabrik daur ulang sampah plastik di mojosongo, jebres, solo, dilanda kebakaran pada minggu (9/3/2025) siang. https://t.co/nelvsxxvwg https://t.co/xfrjosg9ui"
Neutral,Neutral,Neutral,Neutral,ketika anda yg asli nya gerilyawan lalu berubah memakai jas dan duduk di kursi presiden seharus nya anda berprilaku sebagai presiden bukan lagi gerilyawan jika anda tak bisa berubah itu berarti anda adalah sampah yg tak bisa di daur ulang
Neutral,Neutral,Neutral,Neutral,"kirain mau daur ulang tweet sampah jadi lyrics video lagu svt, eh ternyata.. wkwkwk adaa aja emang kebodohan haters tuh loudly crying face"
Positive,Neutral,Positive,Neutral,sampah masyarakat ini kapan di daur ulang
,,,,eweh kabecus.. sampah itu akan bermanfaat jika di daur ulang.. ngarti meren sha nu sampahzany face
Positive,Neutral,Positive,Positive,"pameran produk daur ulang sampah juga ikut berpatisipasi meramaikan acara hpsn 2025 dengan peserta dari beberapa komunitas seperti perusahaan, sekolah sampai pegiat lingkungan dengan menampilan produk kreasi daur ulang sampah yang menjadi daya tarik https://t.co/cnvvernadc"
Neutral,Neutral,Neutral,Neutral,lu ky sampah yg ga bisa di daur ulang rolling on the floor laughing
Neutral,Neutral,Neutral,Neutral,"bukan barang itu, tapi sampah yg tak bisa di daur ulang"
Neutral,Neutral,Neutral,Neutral,mau gimana lagi.. psi udah di level sampah yang tidak bisa di daur ulang folded hands
Positive,Neutral,Positive,Positive,"berharap bkn cma reboisasi doank. tpi penanganan sampah juga perlu pak. jangan cuma d buang ke kali atau tpa. seengaknya sampah bisa d daur ulang kaya negara lain, akan lebih bermanfaat dan cuan juga nantinya . yahh itu pun kalo ga mau kebanjiran terus."
Neutral,Neutral,Neutral,Neutral,"gw ngakak blg produk gagal sama yg udh mengharumkan nama negara,klw sistem nya bgtu,trus dia yg msh jd bban negara,apa dong nama nya?sampah negara masih trlalu bagus,krna bsa d daur ulang,trus apa yg pntes julukan bt ni pig facebangke kali ya lebih pantesrelieved face"
Positive,Neutral,Positive,Positive,"tpa ble banyumas kini menjadi contoh inovasi pengelolaan sampah yang berkelanjutan! dengan konsep ""zero waste"" dan ""waste to energy"", sampah yang sebelumnya hanya dianggap limbah, kini diubah menjadi berkah melalui daur ulang dan pemanfaatan energi terbarukan. berkat langkah https://t.co/trxfv5q3lk"
Positive,Neutral,Positive,Positive,salah satu orang terkaya dindonesia &amp; masuk nominasi orang terkaya dunia : idenya dr singapura==|| sampah daur ulang dijadikan jalanan aspal dibeberapa daerah dindonesia
,,,,salah satu orang terkaya dindonesia : idenya dr singapura==|| sampah daur ulang dijadikan jalanan aspal
Neutral,Negative,Negative,Negative,"cie penjilat rejim. sebenernya inti akar permasalahannya ya pemerintah. liat negara sokor, pemerintahnya memfasilitasi tempat sampah daur ulang, memberikan teknologi dan edukasi. negara lain kasih denda buat yg buang sampah sembarangan dll. dan ga gampang kasih izin pembangunan"
,,,,hahaha iya sampah yg gabisa d daur ulang. jari yg ga berguna krn ngetik hate opinion otak yg kosong krna gabs berfikir luas lalu hati yg busuk krn gbsa liat org lain punya opini yg berbeda sama dua
Positive,Neutral,Positive,Neutral,dapat mengurangi dampak negatif terhadap lingkungan dan meningkatkan efektivitas daur ulang. program ini merupakan bagian dari komitmen pln nusantara power up arun dalam menjaga kelestarian lingkungan serta mendukung pengelolaan sampah yang lebih berkelanjutan. mari bersama
Positive,Neutral,Positive,Negative,"yg utama fasilitas buat tempat sampah ga ad di daerah2, masyarakat bingung buang sampah ke mana, akhirnya tidak di didik dan buang sembarangan, kalo di jepang kn ad memilah sampah mana yg plastik mana makanan &amp; tiap beberapa hari ad yg mengangkut sampah untuk di daur ulang"
Positive,Positive,Positive,Positive,"infotempo - gerakan bijak berplastik dari aqua sukses menekan sampah di tpa hingga 14 persen dan meningkatkan daur ulang sampai 17 persen! studi lpem feb-ui membuktikan dampak positifnya bagi lingkungan &amp; ekonomi. yuk, dukung! baca selengkapnya di https://t.co/qd9dntfsly aqua https://t.co/y6jae5yqem"
Neutral,Negative,Negative,Negative,sampah yang gak bisa di daur ulang. https://t.co/234muededz
Positive,Positive,Positive,Positive,mengenal jenis sampah dan cara daur ulangnya itu penting! globe showing Americas sampah organik bisa didaur ulang jadi kompos. sampah plastik bisa jadi barang baru. daur ulang itu langkah cerdas. sparkles lindungi bumi kita dengan daur ulang. mengenal jenis sampah bikin daur ulang lebih mudah.
Negative,Neutral,Neutral,Neutral,"lagi2, yang punya kendali untuk mendidik rakyat adalah pemerintah, sebagai yg punya hukum terkait lingkungan, teknologi daur ulang sampah, dan seterusnya. sedangkan individu rakyat paling maksimal hanya bisa menegur rakyat lainnya sebagai si pembuang sampah, lalu memviralkannya."
,,,,"se istimewanya bapak lbp..,warga nkri yg mumpuni cuma dia ,yg lain mungkin sampah daur ulang..,"
Positive,Neutral,Positive,Positive,"bulan ketiga blm dpt kerjaan, gk ngapa2in tuh gaenak maka in syaa allah besok hari kamis akan ada jadwal pengambilan sampah daur ulang &amp; barang bekaspushpin monggo kalau ada bisa konfirmasi via dm nggehfolded hands biar bisa atur rute nyasmiling face with halo darisampahjadiberkah darikardusjadiperpus"
Negative,Negative,Negative,Negative,"ga bisa sampah buang ke tong sampah aja, dia sampah yang ga bisa di daur ulang, sampah mah sampah aja"
Negative,Negative,Negative,Negative,"ini sih bukan hanya masalah masyarakat aja nder, pemerintah punya andil juga. soalnya banyak tempat pembuangan akhir itu membludak dan kebanyakan ga ada pengelolaan sampah lebih lanjutnya (daur ulang), cuma kurang dari 10% sampah yang bisa didaur ulang dari puluhan juta ton."
Positive,Neutral,Positive,Positive,"makanya guys, buang sampah pada tempatnya, belajar juga milah sampah sesuai warna tempat sampah, belajar daur ulang juga yg sederhana jd ala ala diy. yuk kita mulai hal kecil ini dari kitatulip. emang ga jijik tuh sampah pas banjir ngambang semua? iwh"
Negative,Negative,Negative,Negative,residu sampah daur ulang
,,,,sejumlah pemulung melakukan sortir sampah yang masih bisa di daur ulang di tps rawa badak saat kunjungan menteri lh jakutupdate infojakut jakutupdate jktinfo jabodetabekinfo jakutfakta jakut24jam jakutperistiwa forumjurnalisutara jakutviral https://t.co/2lquwkyqfh
Neutral,Neutral,Positive,Positive,ngabuburit ramah lingkungan? bisa dong! berikut tips-tipsnya: ⁃bawa wadah sendiri ⁃kreatif dengan daur ulang sampah ⁃ngabuburit sambil olahraga ⁃kelola sampah organik jabarmenyalaindonesiamaju jabaristimewa kdmerwan sungaicitarum citarum citarumharum https://t.co/serorxgae4
Positive,Neutral,Positive,Positive,"setiap anak punya mimpi. di rajeg, tangerang, satu lagi paud berdiri. bukan sekadar bangunan, tapi harapan. dindingnya terbuat dari plastik daur ulang, mengurangi 2,8 ton sampah. ruang kelasnya nyaman, siap menyambut 30 anak yang penuh semangat. https://t.co/uhipk86ae1"
Positive,Neutral,Positive,Positive,repost https://t.co/kjm1b3avkq *pelatihan daur ulang kreatif : dari sampah menjadi produk bernilai jual di umkm kelurahan tanjung duren kecamatan grogol* sumber berita: https://t.co/orbbldv3j4 https://t.co/uxdpoqjj7
Positive,Neutral,Positive,Positive,"kelola sampah 647 ton sehari, pemkot padang bangun pusat daur ulang https://t.co/vcyeeb6ayz"
,,,,sampah daur ulang rezim yg lama
,,,,"paket makan begini juga bikin masalah sampah baru. ya, ada program daur ulang di sebagian tempat. tapi, prinsip pertama pengurangan sampah adalah: jangan ada sampah dari awal."
,,,,"aku bagus dlm bidang akademik sj.. yah itupun cm hoki. ak malesan, sering telat. kayanya emg ak tuh sampah yg gbs di daur ulang. aku ksihan sm smua org didekatku. aku jg minta maaf buat siapapun yg ga sengaja baca ini. ak harap km ga mual. trimakasih sdh baca sampai akhir."
,,,,pantes aja kaya sampah daur ulang
Positive,Neutral,Positive,Neutral,senang melihat ada komitmen kuat dalam pengelolaan sampah! semoga makin banyak dukungan bagi industri daur ulang agar sampah bisa dimanfaatkan dengan baik hentikanopendumping
,,,,tweet sampah jokes daur ulang
Positive,Neutral,Positive,Positive,pengelolaan sampah ini melibatkan masyarakat sekitar dan banyak menghasilkan benda daur ulang yang bernilai ekonomis. greeninitiative https://t.co/cy0tbiwjtn
Positive,Neutral,Positive,Positive,"program makan bergizi gratis (mbg) menyisakan sampah. perlu konsep daur ulang yang tepat untuk mengatasi perkara sisa-sisa makanan itu, mengingat mbg ini program berkelanjutan dan sampahnya bakal terus diproduksi. makanbergizigratis mbg https://t.co/shuv8wixnq https://t.co/dhbswftvyu"
,,,,"wasapad pak.presiden semakin byk pengangguran maka angka kriminalistas dapat meningkat. krn semua org butuh makan. hasil sitaan negara yang di ambil dari koruptor bisa digunakan utk menciptakan lapangan kerja. ex.buka lah usaha pengolahan air bersih,daur ulang sampah."
Negative,Negative,Negative,Negative,akhirnya..sampah ini masih bisa di daur ulang gak ya
,,,,wali kota denpasar i gusti ngurah jaya negara menaikkan gaji para sopir truk sampah sebagai wujud apresiasi dalam penanganan sampah di kota denpasar. hal itu disampaikan di hadapan para supir truk dlhk kota denpasar saat meninjau proses daur ulang pengolahan sampah di dpu (pusat https://t.co/k30isvm0nv
Positive,Positive,Positive,Positive,"halo teman-teman semua ecobank hadir kembali di tahun 2025 ini untuk mendukung misi daur ulang sampah. bagi mas, mbak, dan teman-teman sekalian yang memiliki barang bekas berupa kertas bekas dapat mengumpulkannya di"
,,,,semangat ya kak walau aku mau ngata ngatain tuh cowo sampah banget bahkan gabisa di daur ulang
,,,,still in progress… https://t.co/tsokdy12m2
,,,,ada jasa buat ppt tentang pengolaha sampah dan daur ulang tidak? zonauang
Positive,Neutral,Positive,Neutral,dengan adanya program lelang sampah bikin kita lebih sadar pentingnya daur ulang
Positive,Neutral,Positive,Positive,"walikota denpasar, i gusti ngurah jaya negara, meninjau langsung proses daur ulang sampah berbasis masyarakat di pusat daur ulang (pdu) padangsambian kaja pdupadangsambian walikotadenpasar jayanegara sampah https://t.co/hsgoea1itx"
Positive,Neutral,Positive,Positive,"jangan biarkan e-waste membawa dampak buruk di kemudian hari. lakukan perubahan sekarang dengan daur ulang sampah elektronik secara benar dan aman. cukup lakukan 4 langkah mudah, dan kamu juga bisa dapatkan voucher belanja di erafone senilai rp 100 ribu. https://t.co/7lvkchamdz"
,,,,"upaya dalam pengelolaan limbah organik, daur ulang sampah jadi kompos https://t.co/fdd15adecf"
Positive,Neutral,Positive,Positive,"akbar @ aji satrio gi51461 kancil007 dia sih nekad aja masuk ke lapak sangar gini bro, blom kenal kita dia..paling ujung-ujungnya kita di blokir akun sampah plastik yang tak bisa di daur ulang https://t.co/ys8lp9iwwj"
Neutral,Neutral,Positive,Negative,"sampah itu pilihannya 2, di daur ulang atau dimusnahkan. jangan disimpan !"
Positive,Neutral,Positive,Positive,woy goblok 10 tahun jokowi berkuasa slama itu byk sampah daur ulang di produksi jokowi menempati posisi strategis.
,,,,"meninjau pengolahan daur ulang sampah kel. sarijadi, kec. sukasari raising hands light skin tone wakil wali kota bandung, kang erwin melaksanakan peninjauan laboratorium pengkajian kang pisman, samber ceu pilah (sampah habis di sumber cegah, pilah, olah), pdu (pusat daur ulang)/poo (pusat olah organik). https://t.co/5972lyherv"
Positive,Neutral,Positive,Neutral,"small blue diamond recycle – pilah dan daur ulang sampah organik, kertas, kaca/logam/plastik dan residue counterclockwise arrows buttonrecycling symbol"
,,,,pagi pagi berlibur di kota medan tidak lupa membeli mangga mari belajar menjaga kebersihan buanglah sampah pada tempatnya yukks jaga lingkungan dan manfaatkan sampah daur ulang di lingkungan kita smartfrenpedulisampah https://t.co/oo6n8nroeu
,,,,platform daur ulang mana ya yang nerima sampah obat? aku punya satu laci smiling face with tear
,,,,salah sendiri dukung jokowi dosen intelek kebablasen ngopi ne kurang kenthel dukung itu diri sendiri politik? selama nya itu politik=sampah gunakan sampah dng dipilah ✓organik jadikan pupuk ✓residu yg bisa di daur ulang &gt;daur ulang spy manfaat ✓toxic/bb &gt; buang
Positive,Neutral,Positive,Neutral,mari kita jaga lingkungan dengan mengurangi sampah plastik dan mendukung daur ulang. setiap langkah kecil kita bisa membuat perubahan besar! green heart smartfrenpedulisampah smartfren 100persenuntukindonesia
Neutral,Negative,Negative,Negative,"reboisasi masiv, pelestarian + penelitian satwa endemik. pembenahan dan daur ulang sampah rumah tangga dan plastik. udh terlalu lama terlupakann pasti butuh dana besar untuk mulainya."
Positive,Neutral,Positive,Neutral,wih udah makin canggih nih buat daur ulang sampah
,,,,daur ulang kreatif: sekolah tarakanita 3 olah sampah organik jadi eco enzym https://t.co/badfcdfhc9
,,,,halo ada yg bisa desain brosur/booklet tentang daur ulang sampah anorganik zonauang jokitugas
,,,,"nakula cenblu dulu sekolah dimana? bisa bilang study tour alias piknik gak maksa? anak mah seneng piknik sama temen temen nya tp relate ngga dg kata study ( belajar ) , klo mau bener sih perginya ke museum, ke tempat usaha, tempt daur ulang sampah,yg ada edukasi nya"
,,,,"teknologi pengolahan limbah: solusi untuk lingkungan bersih inovasi dalam daur ulang, pengelolaan sampah organik, dan konversi limbah menjadi energi membantu mengurangi polusi. teknologi ini menciptakan sistem pengolahan limbah yang lebih efisien, mengurangi dampak negatif https://t.co/fhal21bord"
,,,,"bukan ga dipake, emang kaga pernah dipajang loudly crying face jadi sayang aja. aku udh disuruh beres2 sama ibu sebenernya. ayo kak angkut drpada ni poster berakhir jadi sampah daur ulang aku nangis ntar loudly crying face"
,,,,indonesia tuh krisis org kompeten kah? kok masih harus daur ulang sampah?
,,,,"dia udah ga ada manfaatnya oppa, bukan sampah daur ulang wkwk"
,,,,"menuju kampus mandiri sampah, ugm kenalkan laboratorium daur ulang sampah https://t.co/hqps58ojen"
,,,,"hari peduli sampah 2025, asdp dorong ekonomi sirkular dengan daur ulang 100 kg limbah tekstil https://t.co/x0c7sebk90"
Negative,Neutral,Negative,Neutral,"daur ulang sampah besar2an, dari selokan2 tersumbat, sampe sampah laut"
,,,,"betul, kak. disarankan untuk mencari tahu &amp; mengirim empties kamu ke lembaga daur ulang/ bank sampah yang tersedia di sekitarmu ya! folded hands"
,,,,gaun pesta dari bahan daur ulang sampah pukau penonton jogja fashion parade 2025 jogjafashionparade jfp2025 https://t.co/h0fnvzphtz
,,,,yang mampu mengolah hingga 74 ton sampah per hari dan mendukung konsep kota hijau yang berkelanjutan loh. •wastebasket 74 ton sampah/hari •seedling 15 ton lumpur/hari •counterclockwise arrows button pemisahan organik &amp; anorganik •recycling symbol daur ulang &amp; pengolahan menjadi energi
,,,,yang mampu mengolah hingga 74 ton sampah per hari dan mendukung konsep kota hijau yang berkelanjutan loh. •wastebasket 74 ton sampah/hari •seedling 15 ton lumpur/hari •counterclockwise arrows button pemisahan organik &amp; anorganik •recycling symbol daur ulang &amp; pengolahan menjadi energi brantasabipraya tpstikn
,,,,"harus di dukung terus program kayak gini, biar makin byk yg sadar soal daur ulang sampah"
,,,,kolaborasi smartfren dan kertabumi beri pelatihan daur ulang sampah https://t.co/tgyh4qukqq
Neutral,Neutral,Positive,Positive,"yup, buang sampah sembarangan itu bahaya banget buat kesehatan, apalagi sampah plastik. makanya, kita ngumpulin sampah-sampah itu terus nge-recycle jadi papan daur ulang yang bisa dipakai lagi! yuk lebih peduli sama lingkungan, kan kita juga yang ngerasain manfaatnya..face holding back tears"
,,,,"didu kau berisik aj! punya rasa malu dikitlah, kau itu sampah yg tdk perlu di daur ulang! grinning face with smiling eyes"
,,,,"respect, smartfren se niat itu sampe nge daur ulang sampah"
,,,,"""daur ulang sampah, upgrade kuota! seedlingrocket yuk rayakan hari peduli sampah nasional bareng smartfren. nikmati koneksi antilemot dengan promo spesial!"""
,,,,jarang2 ada provider yg ngurusin daur ulang sampah
,,,,ini orang dari dulu sampah..harusnya sudah di daur ulang jadi serbet..tapi serbetnya sekarang dipakai ngelap ludah yg bayar..
,,,,"` toko elektronik dan toko perabot, gak mau membantu daur ulang barang bekas. gak bisa titip pada petugas sampah pemda (meski kasih tip) karena mereka juga kewalahan dengan sampah biasa. akhirnya orang terpaksa buang kulkas, kasur, lemari ke sungai, pinggir rel, pinggir tol, dll. https://t.co/753uolyaqo"
,,,,daur ulang kreatif: sekolah tarakanita 3 olah sampah organik jadi eco enzym https://t.co/badfcdejmb
,,,,kolaborasi smartfren dan kertabumi beri pelatihan daur ulang sampah smartfren minggu kertabumi pelatihan daurulangsampah workshop beritanasional https://t.co/zukf9rzyj2
Positive,Neutral,Positive,Positive,community 4.membuat kerajinan daru sampah anorganik 5.mengurangi penggunaan plastik 6.berpartisipasi dlm program daur ulang komunitas 7.mendonasikan barang² bekas masih berfungsi community 100persenuntukindonesia smartfrencommunity temanpintarindonesia
Positive,Neutral,Positive,Neutral,"solusi seperti daur ulang, pengurangan penggunaan plastik, dan pemanfaatan sampah organik perlu digalakkan. 100persenuntukindonesia temanpintarindonesia temanumkmindonesia community"
Positive,Neutral,Positive,Neutral,. . mari kita mulai dari langkah kecil: check mark button kurangi penggunaan plastik sekali pakai check mark button pilah dan daur ulang sampah dengan bijak check mark button manfaatkan sampah organik menjadi kompos check mark button ajak orang sekitar untuk lebih peduli lingkungan . .
,,,,"saatnya kita ambil peran! yuk, terapkan prinsip 3r: recycling symbol reduce: kurangi penggunaan plastik sekali pakai. recycling symbol reuse: manfaatkan kembali barang yang masih layak pakai. recycling symbol recycle: daur ulang sampah menjadi produk bernilai."
Positive,Neutral,Positive,Neutral,"sampah kecil kalau dibiarkan bisa jadi masalah besar! yuk, mulai dari hal simpel buang sampah pada tempatnya, kurangi plastik, dan manfaatin daur ulang! pastiin internetan lancar pakai smartfren! rocket 100persenuntukindonesia smartfrencommunity temanpintarindonesia https://t.co/mcaatkx15h"
Positive,Neutral,Positive,Positive,"tahun ini, hari peduli sampah nasional 2025 (hpsn 2025) mengajak kita untuk lebih bijak dalam memilah sampah, mengurangi penggunaan plastik sekali pakai, dan mendukung daur ulang."
Positive,Neutral,Positive,Positive,"sampah plastik adalah tanggung jawab kita bersama! pilah dari rumah untuk kualitas daur ulang yang lebih baik. dengan teknologi nuklir seperti oksidasi radiasi, sampah plastik bisa jadi produk bernilai tinggi! recycling symbolsparkles nuklir brin plastik risetinovasi harisampahnasional"
Positive,Neutral,Positive,Neutral,"mari kurangi penggunaan plastik sekali pakai, pilah sampah organik dan non-organik, daur ulang barang bekas, dan edukasi orang sekitar tentang pentingnya menjaga kebersihan lingkungan. ayo, mulai dari diri sendiri dan wujudkan indonesia yang bersih dan bebas sampah! https://t.co/ufqozs1l40"
Positive,Neutral,Positive,Neutral,"cultural practice scrolling timeline, nemu info seru! di melbourne, komunitas diaspora indonesia aktif berpartisipasi dalam kegiatan lingkungan, termasuk program daur ulang dan pengurangan sampah plastik."
,,,,"setiap keluarga semestinya bertanggungjawab terhadap produksi sampah yang dihasilkan: (1) pemilahan sampah, (2) pengomposan sampah organik, (3) daur ulang sampah anorganik, (4) kurangi penggunaan sampah plastik sekali pakai, (5) berpartisipasi dalam program bank sampah. yskk https://t.co/awbibiqike"
Positive,Neutral,Positive,Neutral,"mari bersama wujudkan lingkungan yang bersih dan sehat! :globe showing Europe-Africa:sparkles mulai dari langkah kecil: pilah sampah, kurangi plastik, dan daur ulang recycling symbol. jadilah bagian dari perubahan untuk bumi yang lebih baik! seedlinggreen heart haripedulisampahnasional https://t.co/rmbdnhec3a"
Positive,Positive,Positive,Positive,setiap botol plastik yang kita daur ulang adalah harapan untuk masa depan yang lebih bersih. selamat hari peduli sampah nasional!globe showing Americas https://t.co/bd7agmzgiu
Neutral,Positive,Positive,Positive,"*orga – si apel hijau yang mewakili sampah organik seperti sisa makanan dan dedaunan yang bisa terurai. *ano – si botol plastik yang mewakili sampah daur ulang &amp; b3, seperti plastik, kaleng, dan limbah berbahaya yang butuh penanganan khusus."
,,,,"di hari peduli sampah nasional ini, yuk mulai dan biasakan langkah kecil ini seperti membawa tumbler sendiri, mengurangi plastik sekali pakai, memilah sampah organik dan anorganik, serta mendukung daur ulang. dengan kebiasaan sederhana ini, kita bisa memberikan dampak besar https://t.co/iajz2yxvgo"
,,,,light bulb apa yang bisa kita lakukan? check mark button kurangi penggunaan plastik sekali pakai. check mark button pisahkan sampah sesuai jenisnya. check mark button daur ulang dan manfaatkan kembali. check mark button ikut aksi bersih-bersih pantai dan laut.
,,,,"kurangi penggunaan plastik sekali pakai, daur ulang sampah, dan olah sampah organik. tindakan kecil kita, jika dilakukan bersama-sama, akan menciptakan perubahan besar. mari jaga bumi kita, rumah kita bersama! haripedulisampahsedunia himatekajaya himatekaaksireaksiprestasi"
,,,,"apa yang ypbb lakukan di zero waste event? check mark button kurangi (reduce): say no to plastik dan styrofoam! man gesturing NO check mark button gunakan ulang (reuse): wadah yang bisa dipakai lagi? yes! recycling symbol check mark button daur ulang &amp; kompos (recycle &amp; compost): sampah organik jadi kompos, yang lainnya dipilah untuk didaur ulang. https://t.co/5itm1weki7"
Positive,Neutral,Positive,Positive,3. melakukan pengolahan sampah plastik menjadi paping blok .perharinya pengolahan sampah plastik sebesar 50 sampai 75 kg di pusat daur ulang (pdu) https://t.co/q3shdkujdq
Positive,Neutral,Positive,Positive,"sobatkominfo.. sampah plastik telah menjadi masalah besar di planet kita. namun, kita dapat mengurangi dampaknya dengan menggunakan sampah plastik dengan bijak. daur ulang, gunakan kembali, dan hindari penggunaan plastik sekali pakai! sparkles yukk bijak menggunakan sampah plastik..winking face https://t.co/sueodjirhd"
,,,,"cerita kontribusi ku dengan punya anak bayi pastinya banyak sampah pampers yang susah di daur ulang caraku mengatasi mencemarkan lingkungan dengan membersihkan dulu gel di pampersnya, plastik pampersnya dijemur sampe kering udah kering langsung dibakar, meskipun ribet tapi -"
Positive,Neutral,Positive,Positive,unaa coba cek ig @/rajutnusa itu mbaknya bikin tas/pouch/amigurumi dari sampah plastik dan kadang ngisi workshop jugaa aku kbetulan lg riset soal pelaku daur ulang di jogja hehe
,,,,"kontribusi yang pernah aku lakuin adalah memisahkan jenis sampah anorganik &amp; organik, daur ulang sampah, mengelola sampah organik, mengurangi penggunaan plastik sekali pakai, &amp; kerja bakti membersihkan lingkungan sekitar. smartfren 100untukindonesia smartfrenpedulisampah"
Positive,Positive,Positive,Positive,"keren, mengurangi sampah plastik sma pangudi luhur pakai meja-kursi hasil daur ulang sampah plastik tutup botol https://t.co/ij6dbnw6td"
,,,,bagus nder gak jd sampah numpuk trus bermanfaat jg. aku kalo ke pet shop jg suka liat sampah bekas karung makanan kucing gt numpuk. tas daur ulang gt bisa kepake jg kan ya kl kita belanja ke pasar/supermarket krn ngurangin plastik face holding back tears
,,,,"jenis sampah: 1. sampah yang bisa dibakar 2. sampah yang tidak bisa dibakar 3. sampah beling 4. sampah plastik 5. sampah daur ulang minimal harus ada 5 tempat sampah di setiap rumah, ini belum termasuk sampah elektronik dan barang2 besar yg kalo mau buang aja harus bayar."
Positive,Neutral,Positive,Positive,program daur ulang sampah membantu mengurangi limbah plastik. dialokasikan sampe pelosok
,,,,"setelah sampo abis, w bakal coba sabun kemirinya biotalk deh frowning face aku nyari sampo yg refill n cocok susah, org ngapa jual sampo botolan doang sih?! aku gatel bgt sama sampah plastik (meski q kumpulin juga trs setoran sampah buat di daur ulang)"
Neutral,Neutral,Negative,Positive,"gua pernah mimpi jadi sampah, kebaya nggak lo gua jadi sampah plastik itu udah teriak-teriak pas mau dimasukin ke mesin daur ulang"
Positive,Neutral,Positive,Positive,"pengelolaan sampah kalau tepat bs jd berguna. contohnya kursi daur ulang dari sampah plastik yg dibuat oleh pemuda dari bali putu eka darmawan. atau bs cek ig kertabumi recycling center, bnyak pngelolaan sampah yg tepat. kalo dibakar malah jd polusi lain kan ?"
Positive,Neutral,Positive,Neutral,di indonesia juga udh ada yg namanya bank sampah kok. cuma ya emg kesadaran diri masing2 aja yg kurang ka. saya pelaku bisnis daur ulang sampah plastik kok. kalo kesadaran dirinya tinggi sih enak gaperlu gaji pemulung utk keliling pasti udh ada yg nyetor kelapak. https://t.co/ixcz0jtf9j
Positive,Neutral,Positive,Positive,thank you sudah sharing! green heart di indonesia juga sudah mulai banyak inovasi daur ulang plastik lho.. :smiling face with heart-eyes: kita udah cleanup &gt;11 ton sampah plastik dan nge-recycle jadi papan daur ulang multifungsi. nantinya papan dapat diubah jadi furniture! recycling symbolsparkles
Neutral,Positive,Positive,Positive,"ini sistemnya beda sama bank sampah di indonesia. karena prinsip dasarnya lebih mirip ke “sewa botol”. kalo di indo kan jual botol tuh buat ditimbang, untuk selanjutnya dilebur jadi biji plastik/daur ulang. jadi beda besar botol, beda juga harganya"
Negative,Neutral,Positive,Positive,"tv sedotan kertas itu dr pohon di tebang dl, brp % dr daur ulang. pk plastik agar pohon gk di tebang, kl buang sampah pd tempatnya gk mslh. intinya manusia itu yg merusak bumi se diri dgn buang sampah sembarangan."
Positive,Neutral,Positive,Positive,"sebagian ruang kelas di sma pangudi luhur, jakarta selatan, kini lebih ramah lingkungan dengan meja dan kursi yang terbuat dari daur ulang sampah plastikclapping hands https://t.co/kaz4sgjlnm"
Negative,Neutral,Negative,Neutral,rinjani justru negara ini tidak ada itikad untuk kurangi konsumsi plastik dan kembangkan teknologi daur ulang plastik makannya sampah plastik indonesia bisa sampai terdampar di perairan brazil.
,,,,"jogja kebanyakan sampah sampah masyarakat ormas palak banyak,sampah rumah tangga kaya plastik pampers, sayur jadi satu jadi tukang sampah nya engga mau pilah pilih buat daur ulang, biaya bulanan sampah jogja mahal nder"
Neutral,Negative,Positive,Negative,"• tidak bisa kak, kami menjemput sampah plastik keras dan sampah daur ulang lainnya.. izin area kakak dimanakah?"
Positive,Positive,Positive,Positive,"keren mamanya gamau buang sampah plastik dg asal dan berakhir di tpu. tugasmu tinggal bawa wadah2 yg menggunung itu ke bank sampah/manapun yg nerima wadah plastik. wadah ini bisa di daur ulang loh. keep up the good work, family team do best impact to society red heart"
,,,,"aku biasa simpen tapi emang untuk reuse, begitu pecah baru buang.. gak gitu numpuk sih soalnya kalo langsung dibuang juga jadi banyak sampah plastik kan, kecuali di daur ulang ya"
Positive,Positive,Positive,Positive,"bisnis daur ulang plastik | estimasi 300 jt utk modal awal | longterm ny bs edukasi &amp; bantu irt di titik2 yg ditentuin utk mulai pisahin sampah plastik, terlepas dr recycle, model bisnis ny bs bermanfaat utk wrga yg mau berpartisipasi | krna bahan dsr ny si plastik |"
,,,,arifiya maladewa mulai fokus untuk kurangi plastik dan daur ulang buat atasi masalah sampah.
,,,,plastik thinwall bisa di daur ulang kak.. coba cari jasa yg terima daur ulang di daerah mu. lumayan ngurangin sampah yg di buang ke tpa. white heart
,,,,"/organisasi yang menunjukkan bahwa kamu punya kepedulian terhadap keberlanjutan. - jangan hanya menyebutkan, tapi tunjukkan impact-nya. contoh: ""sebagai ketua komunitas lingkungan di kampus, aku memimpin proyek daur ulang yang berhasil mengurangi sampah plastik hingga 30%-"
,,,,"hampir semua sampah daur ulang bisa di terima di duitin. contoh yg jarang orng tau, di duitin setau aku nerima ember, jerigen, plastik mie instan, kertas, botol kaca, kaleng, kotak multilayer (bekas susu), popok bayi bekas pakai, sumpit kayu, minyak jelantah"
,,,,"nggak jadi sampah ko itu, lumayan bisa dijual ke pengepul plastik lumayan bisa balik uang paling ngga 10/20rb. plastik emang murah apalagi plastik daur ulang, tapi klo dibuang sayang, atau paling bisa digunain buat pot hidroponik"
,,,,"kebijakan ini sama dgn larangan kantong plastik kresek, malah sampah kantong daur ulang nyampah dimana2 &amp; utk bungkus sampah hrs beli plastik lg, pdhl kantong plastik minimarket bs dipake utk kantong sampah,sbnrnya solusinya hanya perusahaan dipaksa bangun pabrik daur ulang!"
,,,,"1 hi!waving hand thank you sudah mention kami smiling face with smiling eyes kami sudah cleanup kurang lebih 1,00 ton sampah dari sungai citarum loh.. dan sampah plastik tersebut kami recyclerecycling symbolright arrow jadi papan daur ulang dan bangku taman deciduous treesparkles https://t.co/iehnfq1kzi"
,,,,"the impact of packaging waste from beauty industry wastebasket menurut british beauty council, hanya 14% sampah plastik yang masuk ke fasilitas daur ulang, dan hanya 9% yang benar-benar didaur ulang. industri kecantikan menghasilkan sekitar 120 miliar kemasan setiap tahun, dan 95% dari https://t.co/grqv8vgkq9"
,,,,"materialnya juga unik-unik kayak tutup botol plastik, kulit ikan, ampas kopi. lumayan sampah dapur didaur ulang buat kurangin emisi karbon. yang masih suka gua pikirin kalau sampah popok bayi daur ulangnya gimana ya?"
,,,,"betul, solusi untuk sampah menggunung dengan daur ulang, pengurangan plastik, sistem pengolahan modern (waste to energy), edukasi warga (sampah organik), serta kebijakan tegas soal limbah dan manajemen sampah (regulasi produsen plastik)."
,,,,"sampah plastik bisa di daur ulang, tergantung tipe plastik apa, tutorial video banyak di sosmed sampah organik bisa jadi pupuk kompos, yg jadi pertanyaan harusnya bagaimana upaya dan peduli pemerintah setempat mengatasi sampah ini sesuai 3r ?"
,,,,"sampah fashion tu ngeri setau aku dah sekitar 92 ton. trus klo ada yg bilang ""daur ulang aja"". seenak jidat lu, baju yg kita pakai tidak bisa di daur ulang karena bahannya ada katun, polyester (plastik), karet juga. jadi tidak semudah itu"
,,,,"asmara1701 pemerintah gagal dlm management pengelolaan sampah &amp; sistem daur ulang. solusi gampangny ya pembatasan plastik &amp; pihak2 yg kerja rodi pake biaya sendiri dikasi penghargaan &amp; dijadiin duta2. mana ada pembatasan plastik di jepang, sg &amp; korsel. w gk pernah dukung pembatasan plastik"
,,,,menggunakan botol pet daur ulang dalam produksi mereka adalah langkah besar untuk mengurangi sampah plastik dan mendukung ekonomi sirkular
,,,,aak saat jadi pejabat dia apa saja kerjanya..nampaknya sampah plastik yg ga bisa di daur ulang yo dibuang saja.
,,,,i just published 7 cara mengolah sampah plastik menjadi bahan daur ulang yang bermanfaat https://t.co/supft8eruu
,,,,apapun yg dihitungnya dgn berat pasti ada cara curangnya kmrn habis ngobrol sama pengusaha daur ulang yg cerita sering ada batu/pemberat lain di dlm sampah plastik bekas bangsa yg pintar &amp; kreatif utk korupsi :OK hand medium-dark skin tone:
,,,,"yaelah pak,anak smp udah daur ulang plastik sampah dibuat paving,bapak nemu gitu aja udh kek pencetusnya"
,,,,"misi menjadikan gunung bebas sampah. hasil dari aksi bersih sampah ini akan dipilah menjadi lima kategori ( plastik logam organik kertas residu) sehingga memudahkan proses daur ulang dan pengelolaan. jangan biarkan jejakmu menjadi sampah, jadilah bagian dari perubahan."
,,,,"bener, aku di rumah juga sortir sampah. organik, plastik, dan daur ulang. sampah daur ulang aku kasih ke pemulung. organik aku kubur aja haha tapi kalau sampah plastik gitu aku masih bakar grimacing face"
,,,,"2025 saatnya sutainable kalcer. pakai produk yang bukan cuma gaya dan fungsional, tetapi juga mendukung gerakan keberlanjutan melalui daur ulang sampah plastik. waveit - urban icon dengan visi menciptakan lautan yang bebasplastik dan kaya keaneka ragaman hayati, mengubah siklus https://t.co/6bfjm2csut"
,,,,"ini udah bgt kak, malah skrng di komplek rumah dipisahin orgnic dan non organic. yg smpah plastik di kiloin buat di daur ulang lagi.. tp emang pemerintah kota bobrok bgt untuk masalah ini. agak greget, uang dibuang buang tp masalah sampah ga kelar kelar."
,,,,dan sampah plastik daur ulang
,,,,gue keliatan kayak tempat daur ulang sampah kah banh? tapi gapapa bawa aja yang banyak nanti gue buatin kursi goyang dari plastik yang dibawa. gultik porsi segunung pleading facebackhand index pointing up light skin tone
,,,,"ga ada istilah kata buang untuk sampah plastik, yang ada dipindahkan. terus yang baik dan benar di pindahkan kemana? ya ga dipindahkan juga karna cuma menuhin tempat doang jadi yang baik dan benar di daur ulang jadi barang pakai, kaya dijadiin bahan baku bangunan misalnya"
,,,,"sobat nusantara, ayo pilah sampah sesuai jenisnya! dengan memilah sampah, kita turut menjaga lingkungan dan mendukung daur ulang! herbsparkles check mark button pisahkan sampah organik untuk kompos. check mark button kumpulkan sampah anorganik seperti plastik dan kaca untuk didaur ulang. https://t.co/flzd9b1bbm"
,,,,i have idea! cara menjaga kelestarian bumi: 1.mengurangi penggunaan plastik 2.menghemat energy (matikan lampu jika tidak digunakan) 3.kurangin kendaraan bermotor dan mulai beralih ke transportasi umum 4.tidak menebang pohon sembarangan 5.daur ulang sampah
,,,,"dukung gerakan daur ulang, kurangi sampah plastik di indonesia."
,,,,"pasi ter kodim 1604/kupang, kapten inf sudirman bersama peltu wayan, melakukan peninjauan terhadap alat daur ulang sampah plastik menjadi paving block di kampus politeknik negeri kupang. https://t.co/fqckpuheub"
,,,,"soal timor leste daur ulang seluruh sampah plastik itu baru (cuma) gelar lho ya yg rame saat rilis ""rencana pabrik daur ulang plastik"" di 2019. riilnya sampe skrg belom jelas. rolling on the floor laughing yg terbaik kelola sampah di asean itu justru banyumas. tp banyumas itu kan bukan negara sendiri. rolling on the floor laughing https://t.co/ilffnyvbid"
,,,,bayangin sampah plastik di daur ulang sama mereka.. bantar gebang kagak ada di sono wak
,,,,pp ! produk baru disini~ jam tangan dari daur ulang sampah plastik namanya *loop 01* kapan lagi punya produk dari recycled material? tapi baru bisa dibeli tanggal 15 bulan 1 tahun 2025 https://t.co/hxh3wj7nnc
,,,,"4. daur ulang sampah anorganik bersihkan dan kumpulkan sampah anorganik yang bisa didaur ulang, seperti botol plastik, kardus, dan kaleng, lalu bawa ke bank sampah atau pusat daur ulang terdekat."
,,,,"sedih bgt mau nangis i love her sm. ngeliatin dia pelan"" bikin bunga dr plastik daur ulang trs gue bayangin ada org yg anggep itu sampah ato ngebuang gt aja gue sakit ati bgt sat"
,,,,"setiap tahun, 8-12 juta ton sampah plastik mencemari lautan. simak fasilitas daur ulang botol plastik pet di kendal yang didukung pinjaman biru adb bersama pt alba tridi plastics recycling indonesia dalam video terbaru kami: https://t.co/qkkr6jcrxc adbindonesia"
,,,,mslhnya byk produk berbasis plastik tdk disertai dgn adanya teknologi daur ulang produk tsb. ditambah rendahnya kesadaran utk tdk sembarangan membuang sampah plastik dan mengurangi penggunaan botol plastik sekali pakai yg kmd semakin meningkatkan polusi plastik
,,,,"setiap botol plastik yg kamu daur ulang di rvm bakal kasih kamu poin e-wallet, lohmoney with wingsfire langkah kecil ini dapat memberikan dampak besar untuk keberlanjutan bumi kita. yuk, bareng-bareng jaga bumi kita herb setor sampah botol plastik, kumpulin poinnya, lestarikan lingkungannya!"
,,,,"c1 heran padahal sampah di situ rata rata bisa di daur ulang, apakah di sana tidak ada pemulung gelas plastik.."
,,,,"tingkatkan ekonomi masyarakat kawasan pesisir, pln luncurkan program tjsl pengembangan furniture daur ulang sampah plastik electrizen, pln uid sulselrabar bersama rappo indonesia meluncurkan program inovatif pengembangan furniture berbahan daur ulang sebagai bentuk- https://t.co/f6dnvwhz9m"
,,,,"kalo lihat di beberapa tempat kan sudah disediakan tempat sampah yg dipilah. sampah kering/basah, sampah kertas/plastik, sampah bisa daur ulang/tidak."
,,,,solusi daur ulang sampah plastik hanyalah ilusi https://t.co/lfk8qsktp8
,,,,"pada tahun 2021, pt tirta investama (danone aqua) dan pt veolia service indonesia meresmikan pabrik daur ulang plastik pet utk mengatasi permasalahan sampah di indonesia, juga mendorong pertumbuhan ekonomi dlm peningkatan kesejahteraan bagi para pekerja disektor persampahan. https://t.co/quzscwrd1g"
,,,,"setyn daur ulang tdk menyelesaikan mslh sampah plastik. produk du, nantinya akn ttp jd sampah. du pd satu waktu membuat sampah plastik mjd tambah bnyk. sampah plastik (asli)+sampah plastik (produk du). circular economy (ce) hny akal""an produsen lepas dr tj menangani sampah plastikgrimacing face"
,,,,daur ulang sampah plastik dpr ri nusa tenggara timur jawa barat jawa tengah jawa timur bali indonesia sudah 2025 https://t.co/lku3zfsvxf
,,,,alam pemerintah harus membuat kebijakan daur ulang sampah botol plastik perusahaan aqua harus bisa bertanggung jawab terkait sampah nya
,,,,yang seperti ini perlu dilakukan oleh setiap perusahaan amdk. komitmen perusahaan dalam menanggulangi sampah plastik indonesia serta target kampanye nasional pendidikan daur ulang yang menjangkau 100 juta konsumen dan 5 juta anak-anak pada 2025. https://t.co/5l6pt573yw https://t.co/nmo0e8ojhd
,,,,sampah botol plastik kecil aqua memperburuk masalah lingkungan. daur ulang gelas plastik mereka juga sulit! sampahaquabikinbanjir
,,,,"launching gerakan masyarakat peduli anak sekolah, eks panglima tniyudo margono saksikan demo drone hasil daur ulang sampah plastik https://t.co/aqrfagp73q"
