Unnamed: 0,text,Recyclability_Negative,Recyclability_Neutral,Recyclability_Positive,Recyclability (PET)_Negative,Recyclability (PET)_Neutral,Recyclability (PET)_Positive,Recycling_Negative,Recycling_Neutral,Recycling_Positive,Future_Negative,Future_Neutral,Future_Positive
1068,luar biasa sekali! bsi memang fokus keuntungan peduli lingkungan. pengurangan emisi karbon daur ulang limbah plastik signifikan patut diacungi jempol. teruskan inisiatif hijau ini! kinerjabsiqmoncer,False,False,True,False,True,False,False,False,True,False,True,False
1679,"daur ulang kantong plastik kresek, daur ulang botol plastik mesin daur ulang kantong plastik kresek botol plastik teknologi dirancang mengolah sampah plastik menjadi bahan baku digunakan kembali. mesin bekerja cara menghancurkan, mencuci, mencairkan plastik terpakai, baik kantong plastik kresek maupun botol plastik, menjadi pellet material plastik siap digunakan proses produksi. proses daur ulang mengurangi jumlah sampah plastik mencemari lingkungan, mengurangi kebutuhan bahan baku plastik baru, berdampak positif penghematan sumber daya alam. keunggulan mesin daur ulang plastik terletak kemampuannya mengolah berbagai jenis plastik efisiensi tinggi, mengubahnya menjadi produk bermanfaat kembali. mesin sering digunakan industri daur ulang mendukung kelestarian lingkungan, mengurangi polusi plastik, menghasilkan bahan baku dimanfaatkan berbagai sektor industri, mulai pembuatan produk plastik baru hingga barang-barang komposit lainnya. teknologi semakin berkembang, mesin dilengkapi sistem pemisahan otomatis memproses berbagai jenis plastik terpisah, meningkatkan kualitas hasil daur ulang. daurulangplastik recyclingplastic kantongplastikkresek daurulangbotolplastik lingkunganbersih plastikdaurulang inovasidaurulang hematsumberdaya jagabumi ecofriendly",False,True,False,False,False,True,False,False,True,False,False,True
1061,mengurangi kalah penting mengolah nya.. . repost from balroom (repost media app) . tahukah % plastik benar-benar didaur ulang? daur ulang dasarnya,False,False,True,False,True,False,True,False,False,False,True,False
763,suhartanto hati terjebak false solution global plastik didaur ulang % negara maju ndak %nya upaya daur ulang sampah plastik dikumpulkan. terlanjur diatasi sebaiknya dicegah awal.,True,False,False,True,False,False,True,False,False,True,False,False
213,gaet perusahaan asal inggris pemkot bogor olah sampah plastik galuga,False,True,False,False,True,False,False,True,False,False,False,True
172,coba kalau gini apa gak malu ? bukan prestasi yg mendunia malah sampahnya yg mendunia. pabrik daur ulang sampah hrus digalakkan ekonomi sirkular jg makin tumbuh. sampah plastik indonesia ditemukan terdampar hingga afrika,False,True,False,True,False,False,False,True,False,True,False,False
623,capek liat mentri kehabisan akal. semua pajak.. sekarang hrus balik pajak trsebut mengurangi sampah dgn daur ulang dgn pajak dibangun pabrik daur ulang klo enggak ngapain kena cukai berlebih. ppn per produk kurang ?,True,False,False,False,True,False,True,False,False,False,True,False
433,pulau lombok ntb sampah berupa botol plastik dikumpulkan didaur ulang lombok pet menjadi bahan baku pembuatan kemasan baru air minum. nusantara adadikompas,False,True,False,False,False,True,False,True,False,False,False,True
1656,"opini : pendanaan tata kelola sampah plastik sangat penting dukungan finansial memadai, upaya pengelolaan pengurangan polusi plastik sulit dilakukan efektif. berikut beberapa alasan pendanaan krusial: . infrastruktur pengelolaan sampah banyak negara, terutama negara berkembang, kekurangan infrastruktur pengelolaan sampah memadai, sistem daur ulang efisien, fasilitas pemrosesan limbah, tempat pembuangan ramah lingkungan. pendanaan membantu membangun meningkatkan sistem ini. . dukungan ekonomi sirkular mengurangi ketergantungan plastik sekali pakai, diperlukan investasi model ekonomi sirkular, sistem isi ulang penggunaan ulang. ini, investasi sektor rendah, pendanaan tambahan sangat diperlukan mempercepat peralihan solusi lebih berkelanjutan. . pengurangan beban lingkungan kesehatan sampah plastik terkelola baik mencemari lingkungan, merusak ekosistem, bahkan berdampak kesehatan manusia. pendanaan cukup, pemerintah organisasi mengurangi dampak negatif melalui program pembersihan, kampanye edukasi, inovasi teknologi ramah lingkungan. . mendorong tanggung jawab produsen pendanaan berperan penerapan kebijakan extended producer responsibility (epr), mana produsen plastik diwajibkan mendanai pengelolaan limbah produk mereka. memastikan biaya penanganan limbah ditanggung pemerintah masyarakat. . riset inovasi teknologi pengembangan teknologi baru daur ulang lebih efisien bahan alternatif ramah lingkungan memerlukan investasi besar. adanya pendanaan, riset inovasi pengelolaan sampah plastik berkembang lebih cepat. jadi, pendanaan cukup, solusi sulit diterapkan luas, krisis polusi plastik semakin memburuk.",True,False,False,False,True,False,True,False,False,False,True,False
786,surabaya duitin ini. hiks. padahal oke banget buat mengelola sampah plastik yg bs daur ulang.,False,True,False,False,False,True,True,False,False,False,False,True
1382,"lombokpost-paving block dihasilkan pengolahan sampah plastik tempat pengolahan sampah terpadu (tpst) sandubaya dijual terbuka masyarakat. kini pemkot mataram mulai mengkaji aturan, produk tersebut dijual masyarakat umum. ""itu menghasilkan pad (pendapatan asli daerah) depannya,"" kata kabid persampahan dinas lingkungan hidup (dlh) kota mataram vidi partisan gamanjaya. lombokpost",False,True,False,False,True,False,False,True,False,False,False,True
1181,"backhand index pointing rightmasya allah..tabarakallah hasil karya daur ulang sampah plastik siswa kelas b kusmiling face with hearts hasil karya siswi perempuanthumbs upface blowing a kiss pembungkus makanan ringan, pembungkus mie instant, lain-lain terimakasih anak hebatnya ibu gurusmiling face with heartsthumbs up p hasilkaryasiswakelasb daurulangsampahplastik kolasebajubatik",False,False,True,False,True,False,False,False,True,False,False,True
866,mengandung berbagai bahan kimia beracun larut berbahaya kesehatan. jenis plastik jarang diterima program daur ulang.,False,True,False,False,True,False,True,False,False,True,False,False
804,terpopuler news sirkulasi daur ulang plastik maksimal via,False,True,False,True,False,False,False,True,False,True,False,False
1348,"angin semilir membawa aroma kompos bilik-bilik pengolahan sampah makanan perumahan jatinegara baru, jakarta timur. “aromanya tape. [aroma] asam enak, aroma manis. bukan bau busuk,” kata shanty syahril, koordinator koperasi kompos perumahan itu. “kalau dikelola benar, sampah dapur ternyata enggak bau busuk. melakukan fermentasi,” imbuhnya. shanty memulai inisiatif mengompos garasi rumahnya . hidup melambat pandemi, mengaku banyak orang mulai rajin berkebun, termasuk dirinya. mulai mengolah sampah makanan rumahnya sendiri. lama-kelamaan, aktivitas dilakukan bersama-sama. rumah bersedia bergabung,” ujar shanty, mengatakan komunitas berkembang cepat, sampai-sampai garasi rumahnya tak cukup mengolah sebanyak sampah makanan. , pihak rw setempat mengizinkan shanty ibu tergabung koperasi kompos menggunakan sebidang tanah kini menjadi ‘taman kompos’. jauh kumuh, taman tengah-tengah perumahan tampak bersih rapi. ini, rumah kompleks perumahannya, rumah berkontribusi. sepekan, kg sampah makanan dikumpulkan pekerja koperasi kompos. memilah sampah dapur menjadi kebiasaan dianggap “ribet” sini. safroni, misalnya, punya tiga buah tempat sampah dapurnya. satu tong sampah organik kulit buah sisa sayuran, satu tong sampah plastik, satu tong lainnya sampah kertas. “saya menanamkan anggota keluarga rumah. kalau buang saja, memindahkan sampah. kalau dipilah, sampah organik jadi kompos, sampah anorganik diterima pemulung,” bebernya. sampah organik warga kemudian dicampur bilik-bilik tempat ‘memasak’ sampah makanan menjadi kompos. termometer, shanty menunjukkan suhu sampah diproses menunjukkan - derajat celcius. “artinya, proses kompos sedang berlangsung,” kata shanty. kompos dihasilkan kemudian dibagikan pupuk warga. sebagian kecilnya dijual rw setempat memupuk taman-taman komunal perumahan. shanty mengakui, penjualan pupuk kompos tak seberapa. dana operasional koperasi kompos berasal kocek pribadi shanty donatur. namun, uang memang bukan tujuan utama dirinya membentuk inisiatif ini. “kalau mengurangi sampah, dikelola sampah makanan. selama ‘naik daun’ daur ulang bahan-bahan anorganik. sampah makanan dipandang sebelah mata,” berujar. padahal, dia, lebih mudah mencegah pemakaian sampah anorganik plastik. “sementara hidup makan.” sumber : bbc news indonesia",False,True,False,True,False,False,False,False,True,True,False,False
1055,oecd mencatat juta ton plastik digunakan tahun lalu. jumlah sampah plastik terus meningkat pertahunnya mengurangi penggunaan plastik % sampah plastik berhasil daur ulang seluruh dunia indonesia semangatsalingbantu,True,False,False,True,False,False,False,True,False,True,False,False
198,kota bogor siap olah sampah plastik,False,True,False,False,True,False,False,False,True,False,False,True
1014,@ emridwan pertanyaannya plastik daur ulang apa % didaur ulang berakhir kali,True,False,False,True,False,False,True,False,False,True,False,False
1619,cari plastik daur ulang yg potongan mana geh gloser..an kasih info toko mana ngeh,False,True,False,False,False,True,False,True,False,False,False,True
1661,"bagaimana menangani limbah produk cacat dihasilkan selama proses produksi? recycling symbolgranulator berpendingin udara suhu rendah, mendaur ulang plastik polietilena biodegradable#, penolong baik melindungi lingkungan menjaga pembangunan berkelanjutan! output tinggi, konsumsi rendah diperlukan air regenerasi partikel, operasi stabil, pengoperasian mudah, bebas polusi tahan lamagranulator. cocok semua jenis ldpe, hdpe, cpe, pvc, tpe, pla, plastik biodegradable. jaring ikan pe, kantong plastik, film gelembung, film elastis, pita irigasi tetes, geomembran, dll. + air + pendinginan udara + suhu rendah lebih baik melindungi sifat plastik asli, menggunakan partikel daur ulang, memecahkan masalah limbah mengurangi biaya produksi. berminat, silakan hubungi whatsapp: +",False,True,False,False,False,True,False,False,True,False,False,True
1566,"ready stock :smiling face with heart-eyes: leora lemari plastik susun desain minimalis makan tempat.. dilipat mudah dipindahkan (ada roda).. bagian tutup transparan, bahan plastik tebal berkualitas (bukan daur ulang)",False,True,False,True,False,False,True,False,False,True,False,False
791,berarti mengurangi sampah lebih ramah lingkungan ya? perlu dipertimbangkan manajemen sampah kota/negara lain. kalo daur ulang plastik difasilitasi baik bagus. kalo sampahnya cuma ditumpuk aja lebih baik dikurangin. (/),True,False,False,False,True,False,True,False,False,False,True,False
751,beberapa sektor udah jalan: industri daur ulang plastik (inov) daur ulang logam berat (mhki) proyek biomassa &amp; wte (oasa toba) sinkron &amp; didukung penuh kebijakan nasional.,True,False,False,False,True,False,True,False,False,False,True,False
1812,waspada! spatula plastik hitam daur ulang mengandung bahan kimia berbahaya,False,True,False,False,True,False,True,False,False,True,False,False
474,bumi indus padma jaya jadi pabrik daur ulang pet lokal indonesia pertama berteknologi foodgrade,False,True,False,False,False,True,False,True,False,False,False,True
1225,proses daur ulang sampah plastik menjadi barang berguna daurulang recycle sampah,False,True,False,False,True,False,False,False,True,False,False,True
600,parahnya sebenernya ga efektifnya sistem daur ulang indonesia. jangankan e-waste plastik aja kacrut. terus kalo mau pake paper bag rata sini blm pake yg murni daur ulang krn supplynya kurang buat bisnis.,True,False,False,False,True,False,True,False,False,False,True,False
1036,bicara mengenai daur ulang. sampah plastik terdaur ulang jerman ternyata sebesar - persen. persennya justru dibakar sisanya di-impor luar negeri. faktanya mayoritas sampah impor jerman terdapat wilayah asia tenggara.,True,False,False,True,False,False,True,False,False,True,False,False
177,ketua umum asosiasi daur ulang plastik indonesia (adupi) christine halim mengungkapkan industri daur ulang mampu menjadi penghubung lingkaran ekonomisirkular selama tersambung. stage,False,False,True,False,False,True,False,True,False,False,False,True
1927,jaga lingkungan mengurangi sampah plastik mendukung daur ulang. langkah kecil membuat perubahan besar! green heart smartfrenpedulisampah smartfren persenuntukindonesia,False,False,True,False,True,False,False,False,True,False,True,False
980,daur ulang sampah cukup melindungi laut pencemaran plastik lewat,True,False,False,False,True,False,True,False,False,False,True,False
733,waspada serangan monster plastik! lebih % plastik didaur ulang perusahaan terus meningkatkan produksi plastiknya. daur ulang menyelesaikan masalah plastik lho breakfreefromplastic pantangplastik,True,False,False,True,False,False,True,False,False,True,False,False
667,ngurangin sampah plastik daur ulang sampah plastik. tempat sampah aja nyampur kan sampah organik non organik,True,False,False,False,True,False,True,False,False,False,True,False
535,berkunjung pabrik naga kuda brand perbatasan maros-makassar. takjub tangan ibu feni timnya semua jenis sampah plastik terkecuali diolah menyeluruh menjadi produk bernilai ekonomi.,False,True,False,False,False,True,False,False,True,False,False,True
697,negara udah bahas ekspedisi angkasa mobil tenaga listrik daur ulang sampah plastik. sini urusin agama ijin beribadah,True,False,False,False,True,False,True,False,False,False,True,False
1748,indonesia kehilangan % gdp tahun akibat dampak polusi plastik. bukan cuma soal lingkungan urusan ekonomi kesejahteraan kita! konferensi inc berikutnya indonesia lebih tegas mendorong pembatasan produksi plastik bukan daur ulang,True,False,False,True,False,False,False,True,False,True,False,False
481,wujudkan indonesia bersih sampah tahun bsn tetapkan sni pet daur ulang,False,True,False,False,False,True,False,True,False,False,False,True
1368,proses pengolahan sampah plastik semua orang reel,False,True,False,False,True,False,False,False,True,False,True,False
1036,bicara mengenai daur ulang. sampah plastik terdaur ulang jerman ternyata sebesar - persen. persennya justru dibakar sisanya di-impor luar negeri. faktanya mayoritas sampah impor jerman terdapat wilayah asia tenggara.,True,False,False,True,False,False,True,False,False,True,False,False
1215,"dosen stti bontang sukses daur ulang limbah plastik menjadi bahan bakar minyak orang melihat sampah memiliki nilai ekonomi. sekolah tinggi teknologi industri (stti) bontang justru melihat sebaliknya. sampah dikelola baik benar, memberikan nilai ekonomi masyarakat. kampus berada bawah atap yayasan pendidikan islam (yabis) bontang itu, sukses mengubah limbah sampah plastik menjadi bahan bakar minyak (bbm). hasil inovasi bahkan diusulkan lomba diadakan pemerintah kota (pemkot) bontang oktober mendatang. ahmad yani, irhamni nuhardin, fitria, ratnawati, irianto, empat nama balik inovasi tersebut. bermodalkan kompor gas, tabung freon, selang, tabung biskuit, keempat dosen stti bontang sukses menghasilkan bbm limbah sampah plastik. irhamni nuhardin mengatakan, hasil penelitian pengolahan limbah sampah plastik menjadi bbm diikutkan lomba inovasi, penelitian teknologi tepat (si peena) kota bontang. lomba tahun ini, pemkot bontang mengusung inovasi tema pengembangan teknologi berwawasan lingkungan. tiga hasil penelitian diajukan stti bontang desalinasi air laut menggunakan energi matahari sumber air tawar masyarakat kepulauan kota bontang, pemanfaatan limbah organik produksi bahan bakar gas penambahan effective microorgabism-, rancang bangun sistem distilasi air laut menggunakan energi surya metode desalinasi single stage flash. “semua usulan hasil penelitian masuk si peena. semuanya berwawasan lingkungan,” ungkap perempuan berkerundung tersebut. pengembangan teknologi berwawasan lingkungan merujuk peraturan wali kota (perwali) bontang nomor tahun pengurangan penggunaan produk plastik sekali pakai. melalui pengembangan teknologi itu, diharapkan volume sampah bontang ditekan tahunnya. “kami mengelola sampah memiliki nilai ekonomi masyarakat,” ucapnya. diketahui, volume sampah kota bontang tahunnya terbilang cukup tinggi. sehari saja, jumlah sampah dihasilkan masyarakat mencapai ton. “sekitar ton antaranya sampah plastik,” terangnya. selama ini, sampah plastik bontang dicacah dikirim pulau jawa. padahal dikelola baik benar, sampah-sampah dimanfaatkan memberikan nilai ekonomi cukup tinggi. “dari situ lah mencoba mengolah sendiri limbah sampah plastik kota bontang,” katanya. dosen tim penelitian stti bontang ahmad yani menuturkan, sejauh ini, pengolahan limbah gas metan bontang,kata dia, limbah sampah plastik kota taman –sebutan bontang- dikelola sendiri pengembangan teknologi, sampah memberikan nilai ekonomi. “saat ini, harga bahan bakar minyak jenis premium dijual rp ribu per liternya. kalau limbah sampah plastik kelola sendiri, harganya tekan,” katanya. sisi lain, masyarakat perlu khawatir menggunakan plastik. sebab, limbah sampah dikelola menjadi bbm. bbm dihasilkan bukan premium, berupa solar pertalite. “selama keterbatasan alat saja,” ujarnya. mengolah sampah menjadi bbm, baik irhamni, ahmad yani, ketiga rekannya, memanfaatkan barang bekas dibeli tempat loakan tabung freon, kaleng biskuit, selang besi. “semua bahan beli rp ribu. hasil uji coba lakukan, bahan bakar minyak dihasilkan ternyata dipakai buat motor,” katanya. ahmad yani berkeyakinan, alat pengolahan sampah dimodifikasi sedemikian mungkin, masyarakat bontang memanfaatnya baik aman. sekarang tinggal bagaimana dukungan pendanaan stakeholder terkait. “apabila alat sederhana kelurahan rt, banyak sampah dikurangi,” ucapnya. satu kilogram sampah menghasilkan mililiter bbm pemanfaatan teknologi dibuat irhamni kawan-kawannya terbilang cukup sederhana. limbah sampah plastik dicacah dimasukkan tabung freon dipanaskan atas kompor gas. hasil pembakaran kemudian dialirkan melalui sebuah selang besi didinginkan kaleng biskuit. itu, minyak olahan ditampung menggunakan toples. ahmad yani menerangkan, idealnya pengolahan sampah plastik satu kilogram menghasilkan bbm satu liter. terbatasnya alat, satu kilogram sampah baru mampu menghasilkan mililiter bbm. “saat pengujiannya, perlu dilakukan penyempurnaan. nantinya, sisa hasil pembakaran dimanfaatkan paping blok,” katanya. irhamni menceritakan, pengolahan limbah sampah pernah pelajari mendalami ilmu teknik kimia, khususnya konversi energi. kata dia, prinsipnya, energi berubah satu bentuk bentuk lainnya, energi dimusnahkan (dihancurkan). “sampah plastik dibuat bahan minyak. sekarang bagaimana mengembalikannya pengolahan minyak lagi,” katanya,,",False,False,True,False,True,False,False,False,True,False,False,True
1178,"daur ulang sampah plastik upaya mengelola menggunakan plastik bekas. daur ulang plastik mengurangi dampak negatif lingkungan pencemaran udara, air, tanah. daurulangsampahplastik foto teks fyp trending semuaorang sorotan",False,True,False,False,True,False,False,False,True,False,False,True
241,keren pemuda pesisir kota pasuruan olah sampah plastik jadi bbm lewat beritahariini beritapasuruan beritalumajang beritaprobolinggo infolumajang infoprobolinggo infopasuruan instatoday trendingtopic infoterkini,False,False,True,False,True,False,False,True,False,False,False,True
1881,"cie penjilat rejim. sebenernya inti akar permasalahannya pemerintah. liat negara sokor, pemerintahnya memfasilitasi tempat sampah daur ulang, memberikan teknologi edukasi. negara kasih denda buat yg buang sampah sembarangan dll. ga gampang kasih izin pembangunan",False,True,False,True,False,False,True,False,False,True,False,False
1109,vit lebih ringan aqua. le minerale pakai galon plastik sekali pakai relatif lebih aman sedikit lebih mahal karna galonnya daur ulang. kandungan bikarbonat buat rasa manis.,False,False,True,False,False,True,False,True,False,False,False,True
555,yg jdi masalah kan produksinya. mau disulap jadi pot bak ranjang sekalipun ttp aja jumlahnya bejibun. cuma ngubah bentuk + nambah nilai aja. klo niatnya mau ngurangi plastik pake galon isi ulang rebus/filter air sendiri. less waste sekalian zero waste,True,False,False,True,False,False,True,False,False,True,False,False
721,daur ulang sampah plastik kini %,True,False,False,True,False,False,True,False,False,True,False,False
450,pt alba tridi plastics recycling indonesia mendapatkan pinjaman hq pembangunan fasilitas daur ulang plastik pet indonesia Indonesia. alba group perusahaan daur ulang jerman berkiprah beberapa negara asia termasuk indonesia. IndonesiaGermany,False,False,True,False,True,False,False,True,False,False,True,False
1019,dr. hartuti purnaweni mpa (ketua program studi doktor ilmu lingkungan undip) mengungkapkan mengelola sampah tak r reuse (penggunaan kembali) reduce (mengurangi) recycle (daur ulang) refuse (menolak) menolak pemakaian plastik berlebihan.,True,False,False,False,True,False,False,True,False,False,True,False
1003,atha rasyadi jurukampanye urban greenpeace indonesia bila kebijakan perusahaan &amp; pemerintah sebatas daur ulang menggunakan plastik ramah lingkungan target indoensia mengurangi % sampah plastik lautan tahun impian. breakfreefromplastic isthisyours,True,False,False,True,False,False,True,False,False,True,False,False
1150,"% solar movement, jam dibuat bahan daur ulang mengurangi jumlah limbah plastik luar sana, bahkan strapnya terbuat hasil daur ulang botol plastik. klik belanja! ustyleme urbanicon",False,True,False,False,False,True,False,True,False,False,False,True
1783,/ rata isshou akb akhir jg gaada yg lebih dr . rame bgt.. balikin konsep kotak kita.. jot yg bener aja isshou nya kek gaun daur ulang plastik tema yakult lady,False,True,False,False,True,False,False,True,False,False,True,False
1313,"yuk, setor sampah kamu waste station ! hasil barang bekas disetor sini didaur ulang menjadi berbagai barang berguna, inovasi botol aqua life, terbuat % terbuat plastik daur ulang % daur ulangrecycling symbol jangan lupa, apapun aktivitasmu aquadulu! aqua, murni terlindungi blue heart sehataqua bijakberplastik aquadulu aqualife",False,False,True,False,False,True,False,False,True,False,False,True
466,plastik nilainya bagus buat daur ulang pet (yang biasa buat amdk) sisanya kurang. kalo isinya kebanyakan styrofoam. sungai design bikin kursi kresek hasil cleanup kali cost harga jualnya jadi mahal buanget,False,True,False,False,False,True,True,False,False,False,False,True
956,iya sih.. produksi.. berarti menambah folume bahan plastik yg produksi padahal plastik daur ulang alam.. . siap.. mestinya larang produksi dukung larangan produksi plastik muka bumi terutama negara,True,False,False,True,False,False,True,False,False,True,False,False
873,grab it fast!! biru biru mini tas bulatnya ready nih gaeess salah satu bahannya rajangan sampah kemasan plastik lho.. jarang jarang produk kaya gini nih. cocok buat hang out anti-mainstream buat kalian kekinian projectbindonesia butikdaurulang,False,True,False,False,False,True,False,False,True,False,False,True
708,. peluang pengembangan industri daur ulang plastik indonesia dinilai cukup besar mengingat daur ulang sampah rumah tangga berada level %,True,False,False,True,False,False,True,False,False,True,False,False
32,kreatif abis yayasan rimba indonesia olah sampah plastik jadi bbm,False,True,False,False,True,False,False,False,True,False,False,True
223,dlhk banda aceh olah sampah plastik jadi minyak mentah teknologi pirolisis,False,True,False,False,True,False,False,True,False,False,False,True
1299,cara kreatif daur ulang plastik perlu coba!,False,True,False,False,True,False,False,False,True,False,True,False
1626,walo sempat berkarya kreasi daur ulang lagi.. ngasih ngirim plastik karung..sementara ditampung dulu saja..lagi gak semangat mendaur ulangnya..,False,True,False,True,False,False,True,False,False,True,False,False
1555,"rak yoyo tingkat diproduksi biji plastik asli, bukan plastik daur ulang, hingga lebih kokoh mudah pecah, anti rayap, anti lembap, berbau. uk. x x cm",False,True,False,False,True,False,True,False,False,True,False,False
597,indonesia merupakan salah satu negara penghasil sampah plastik terbesar dunia bahkan menempati urutan kedua terbanyak. data sustainable waste indonesia (swi) tingkat daur ulang sampah plastik indonesia kurang - kkmuntirtajawara kkm untirta,True,False,False,False,True,False,True,False,False,False,True,False
771,indonesia malah banyak yg tau apa sampah daur ulang. sampah basah sampah botol plastik berada ditempat yg sama. penting sekali sekolah orang tua mengajarkan penting ini.. indonesia yg lebih hijau,True,False,False,False,True,False,True,False,False,False,True,False
1818,dibuat persen plastik laut daur ulang kia menyebut cover bagasi berkualitas tinggi memiliki ketahanan proteksi fungsi sama cover bagasi konvensional. solidaritasnusantara,False,False,True,False,True,False,False,True,False,False,False,True
1302,"banyak cara menyelamatkan bumi. tahukah kamu bravia tv tv ramah lingkungan? faktanya: . kadar plastik daur ulang ""sorplastrade mark” sony tinggi . berkat injeksi udara eksternal, bagian resin ditekan udara mengurangi lekukan limbah. . kemasan ramah lingkungan . memberikan kualitas gambar penghematan energi baik jadi, menikmati tontonan menyelamatkan lingkungan? tidak! sonybravia sonyindonesia braviaxr tvbravia",False,True,False,False,True,False,False,True,False,False,False,True
285,paving block sampah plastik? ada! siapa sangka limbah plastik jadi solusi keren buat halaman taman estetik? bank sampah pepeling berdaya desa berdaya ciparay sampah plastik diolah jadi paving block ramah lingkungan kuat bermanfaat! semua,False,True,False,False,True,False,False,False,True,False,False,True
568,maaf bukan menyinggung aku gk tau souvernir km bahan plastiknya apa tp jujur aku sebel kalo dapet souvernir plastik jelek yg keliatan bgt plastik daur ulang yg bentuknya peralatan makan soalnya gk kepake. pdhl kalo gantungan kunci malah kepake dibanding,False,True,False,True,False,False,False,True,False,True,False,False
68,exxonmobil sedang mengkaji implementasi teknologi mutakhir daur ulang plastik skala besar indonesia. simak video cara kerja teknologi tersebut.,False,False,True,False,True,False,False,False,True,False,True,False
558,bpa pet sama plastik sama gak sehat. daur ulang kualitas plastik menurun. pdam emang jelek mati jam malem nyala sebebasnya jakarta jl. mardani. bayar doank suruh tepat waktu,False,True,False,True,False,False,False,True,False,True,False,False
126,yuk peringati globalrecyclingday besok! maret taman literasi martha christina tiahahu . . wib kamu berkesempatan mengikuti workshop daur ulang plastik &amp; memperluas wawasan terkait bahaya sampah plastik lho! sekarangsaatnya aksigenerasiiklim,False,False,True,False,True,False,False,False,True,False,False,True
1542,"mau lemari plastik kuat berkualitas?? yaa olymplastdouble exclamation mark terbuat % biji plastik murni bukan daur ulang, jadi dijaminbackhand index pointing down check mark button bau check mark button mudah pecah check mark button mudah lecet lapisan atas berbahan mdf tebal, jadi ngga cuma berfungsi lemari, jadi meja tempat hiasan ruangan andasmiling face with open hands buruan dapatkan harga flash sale akhir bulan mulai rban aja:smiling face with heart-eyes: stok terbatas! pemesanan langsung hubungi mimin yaa admin : ana admin : tofik",True,False,False,True,False,False,True,False,False,True,False,False
1027,% sampah plastik dilakukan daur ulang. mariberbagiperan sustainabilityday unileverindonesiafoundation,True,False,False,True,False,False,True,False,False,True,False,False
920,penataan taman gober area kantor kelurahan gumuruh memanfaatkan botol bekas air mineral sampah plastik daur ulang bentuk ecobrick. cc safarinii,False,False,True,False,False,True,False,False,True,False,False,True
1749,dlm lawatannya australia ka bppsdmkp turut mengunjungi renew it information technology company perusahaan bergerak bidang daur ulang plastik menjajaki kolaborasi mengatasi sampah plastik laut. sdmunggul ekonomibiru,False,False,True,False,True,False,False,False,True,False,True,False
790,salah satu faktor penyebabnya sistem daur ulang sampah plastik berjalan baik kesadaran masyarakat kurang membuang sampah sembarangan,True,False,False,False,True,False,True,False,False,False,True,False
94,kantor cabang bsi nanti'y akn disediakn mesin daur ulang sampah plastik yg tlah terintegrasi dgn aplikasi plasticpay cukup dgn menukar plastik scan barcode masyarakat memproleh poin yg dpt ditukar dgn merchandise dr bsi &amp; plasticpay indonesia balisustainablemovement,False,False,True,False,True,False,False,True,False,False,True,False
930,sejumlah ilmuwan australia mengembangkan teknologi mendaur ulang semua plastik termasuk selama didaur ulang. apa? sampahplastik,False,False,True,False,False,True,False,False,True,False,False,True
1887,mengenal jenis sampah cara daur ulangnya penting! globe showing Americas sampah organik didaur ulang jadi kompos. sampah plastik jadi barang baru. daur ulang langkah cerdas. sparkles lindungi bumi daur ulang. mengenal jenis sampah bikin daur ulang lebih mudah.,False,False,True,False,False,True,False,False,True,False,False,True
371,program recycle me hadir upaya meningkatkan kepedulian kesadaran masyarakat daur ulang sampah. program hadir memudahkan masyarakat mendaur botol plastik pet bekas pakai infotempo,False,False,True,False,False,True,False,True,False,False,False,True
450,pt alba tridi plastics recycling indonesia mendapatkan pinjaman hq pembangunan fasilitas daur ulang plastik pet indonesia Indonesia. alba group perusahaan daur ulang jerman berkiprah beberapa negara asia termasuk indonesia. IndonesiaGermany,False,False,True,False,True,False,False,True,False,False,True,False
1029,/organisasi menunjukkan kamu punya kepedulian keberlanjutan. - jangan menyebutkan tunjukkan impact-nya. contoh: ketua komunitas lingkungan kampus aku memimpin proyek daur ulang berhasil mengurangi sampah plastik hingga %-,False,False,True,False,True,False,False,False,True,False,False,True
790,salah satu faktor penyebabnya sistem daur ulang sampah plastik berjalan baik kesadaran masyarakat kurang membuang sampah sembarangan,True,False,False,False,True,False,True,False,False,False,True,False
825,nilai cukai plastik daur ulang bakal lebih rendah,True,False,False,True,False,False,False,True,False,True,False,False
795,pemilahan sampah indonesia terbatas dilakukan profesional. diperlukan segenap pihak bahu membahu membangun manajemen daur ulang plastik berdaya meminimalisir pencemaran.,False,False,True,False,True,False,True,False,False,False,True,False
1022,boneka plastik daur ulang benda mati.,False,True,False,True,False,False,False,True,False,True,False,False
488,penggunaan produk plastik hasil daur ulang berisiko kesehatan: sampahplastik menjadi persoalan pengelolaan sampah indonesia sulit terselesaikan. pasalnya komponen plastik menjadi jenis sampah sulit,True,False,False,True,False,False,True,False,False,True,False,False
1053,perusahaan tersebut sekedar menghimbau melakukan daur ulang % plastik pernah diproduksi pernah didaur ulang menumpuk saja. daur ulang cukup dikurangi sumbernya.,True,False,False,False,True,False,True,False,False,False,True,False
1701,"tempat minyak golden sunkist kiwi fruit check mark button liter deskripsi : produk plastik golden sunkist/golden lemon sangat aman digunakan peralatan sehari-hari menggunakan bahan baku biji plastik daur ulang. produk menggunakan % biji plastik asli,sehingga warna mengkilap & pudar,juga bau.thumbs up tersedia ukuran : - ml/liter spesifikasi : - material : biji plastik murni % - ukuran : ml - warna : pink",False,True,False,True,False,False,True,False,False,True,False,False
71,kantor cabang bsi disediakan mesin daur ulang sampah plastik yg terintegrasi aplikasi plasticpay. cukup dgn menukar plastik scan barcode masyarakat memperoleh poin yg dpt ditukarkan dgn merchandise bsi plasticpay indonesia. balisustainablemovement,False,False,True,False,False,True,False,True,False,False,False,True
1395,mulai kecil. daur ulang plastik langkah sederhana lakukan hari menjaga bumi kita. smp katolik yapenthom maumere,False,False,True,False,True,False,False,False,True,False,False,True
793,world sejauh bagus cuma pengiriman sejak bulan terakhir. kapasitas kirim - ton. pabrik plastiknya stop krn pandemi daur ulang plastik hd (kantong plastik). kalau jelantah naik terus harganya.,True,False,False,False,False,True,True,False,False,False,False,True
45,brin pemkab banjarnegara olah sampah plastik jadi bahan bakar petasol,False,True,False,False,True,False,False,True,False,False,False,True
57,tropical go green olah sampah plastik jadi barang bermanfaat,False,True,False,False,False,True,False,False,True,False,False,True
1472,"dijual : unit mesin daur ulang ( cina ), awal beli jt, dijual murah jt (nego), semua kondisi ok-siap kerja (posisi pontianak ) (tanpa perantara) dijual usaha tutup. ongkos pengiriman via cargo/ekspedisi ditanggung pembeli. cp : (wa)",False,False,True,True,False,False,False,False,True,True,False,False
1646,"botol plastik bekas memiliki banyak manfaat didaur ulang benar. berikut beberapa manfaat utama botol plastik bekas: * mengurangi pencemaran lingkungan: daur ulang botol plastik membantu mengurangi jumlah sampah plastik mencemari lingkungan, terutama lautan tempat pembuangan sampah. * menghemat sumber daya alam: daur ulang botol plastik mengurangi kebutuhan produksi plastik baru, berarti menghemat sumber daya alam minyak bumi. * mengurangi emisi gas rumah kaca: proses daur ulang botol plastik umumnya menghasilkan emisi gas rumah kaca lebih rendah dibandingkan produksi plastik baru. * menciptakan lapangan kerja: industri daur ulang botol plastik menciptakan lapangan kerja baru pengumpulan, pemrosesan, pembuatan produk daur ulang. * nilai ekonomi: botol plastik bekas memiliki nilai ekonomi. botol plastik didaur ulang menjadi berbagai produk baru bernilai jual, pakaian, perabot, bahan bangunan. contoh pemanfaatan botol plastik bekas * kerajinan tangan: botol plastik bekas diubah menjadi berbagai kerajinan tangan kreatif, vas bunga, tempat pensil, hiasan dinding. * wadah tanaman: botol plastik bekas digunakan wadah menanam tanaman, baik kebun maupun rumah. * media pembelajaran: botol plastik bekas digunakan media pembelajaran mengenalkan konsep daur ulang pentingnya menjaga lingkungan anak-anak. memanfaatkan botol plastik bekas bijak, memberikan kontribusi positif lingkungan masyarakat.",False,False,True,False,False,True,False,False,True,False,False,True
446,jurus le minerale kurangi sampah indonesia lewat daur ulang botol pet,False,True,False,False,False,True,False,True,False,False,False,True
524,sampah plastik indonesia banyak menumpuk sulit buat daur ulang masak iya nambahin sampah,False,True,False,True,False,False,True,False,False,True,False,False
74,sambut kedatangan pengusaha kolombia bidang daur ulang plastik dubes ri tatang razak tim ekonomi paparkan potensi ekonomi regulasi investasi indonesia. inidiplomasi rintiskemajuan,False,False,True,False,True,False,False,True,False,False,True,False
1792,coldplay baru rilis album ke- 'moon music' vinyl limbah plastik sungai cisadane! vinyl dibuat botol plastik daur ulang berkat kolaborasi the ocean cleanup. keren banget kan? hypevox viral trending coldplay moonmusic vinyl music album,False,False,True,False,True,False,False,False,True,False,False,True
1664,"singapura berhasil mengubah sampah plastik menjadi material jalan raya melalui inovasi teknologi daur ulang, dilakukan perusahaan rintisan magorium proyek kerjasama dow chemical. memproses plastik bekas menjadi bahan campuran aspal, menghasilkan jalan lebih tahan lama, bising lebih rendah, lebih tahan kerusakan. elaborasi: inovasi teknologi: magorium, misalnya, mengembangkan teknologi memecah enam jenis plastik menjadi bubuk, serpihan, pelet kemudian dicampur aspal. proyek kerjasama: proyek kerjasama dow chemical melibatkan pembangunan jalan plastik daur ulang panjang meter lebar meter. manfaat: jalan plastik daur ulang memiliki daya tahan lebih baik, lebih sedikit kebisingan, lebih tahan keretakan, percobaan west coast highway. penggunaan: plastik digunakan berasal sampah domestik, botol plastik, sampah industri. pendekatan ekonomis: inisiatif sejalan konsep ekonomi sirkular, mana limbah plastik didaur ulang menjadi sumber daya berharga. penerapan: jalan raya, plastik daur ulang digunakan membuat trotoar, bangku taman, bahkan insulasi panas suara, penyaringan partikel.",False,False,True,False,False,True,False,False,True,False,False,True
804,terpopuler news sirkulasi daur ulang plastik maksimal via,False,True,False,True,False,False,False,True,False,True,False,False
1439,daur ulang botol plastik mengagumkan!,False,True,False,False,False,True,False,False,True,False,False,True
353,mending riset bikin avtur sampahx plastik cobaa..kan dapet solusi buat masalah..ya kan kan ?,False,False,True,False,True,False,False,False,True,False,True,False
1294,cara daur ulang plastik bekas jerigen menjadi barang berguna dirumah idekreatif tutorial,False,True,False,False,True,False,False,False,True,False,False,True
1826,per last news buang tps sih mungkin jadi saran utk grup kerja sama dgn perusahaan yg daur ulang plastik. toko mainan aja udh mulai kek gini (mainan yg udh ga dipake/rusak dicollect &gt; didaur ulang &gt; jadi barang fungsional).,False,True,False,False,True,False,False,False,True,False,True,False
1758,modena pure hub dukung gerakan refill &amp; daur ulang plastik cfd sudirman,False,True,False,False,True,False,False,False,True,False,True,False
301,sebenarnya botol plastik daur ulang aqua pakai botol daur ulang botol plastik sebelumnya. yg jadi masalah sebenarnya sampah plastik lainnya yg daur ulang yg dibatasi botol plastik. sedikit lucu.,True,False,False,False,False,True,False,True,False,True,False,False
273,elledesigntalk: isu sampah makin bikin resah menginisiasi sungai design merancang furnitur ergonomis solusi pengelolaan sampah plastik. simak interview bersama sang pemenang penghargaan 'future on stage' maison et objet :,False,True,False,False,True,False,False,False,True,False,False,True
1502,"satu tahap lagi, besok lanjutkan! pemanfaatan limbah plastik mengimplementasikan gaya hidup minim sampah. yuk, daur ulang sampah plastikmu menjadi barang berguna, mencemari lingkungan. ecobrick #",False,True,False,False,False,True,False,False,True,False,False,True
787,botol plastik digunakan mengalami proses daur ulang baik benar. botol plastik mengalami daur ulang terurai lambat membutuhkan banyak waktu.,True,False,False,True,False,False,True,False,False,True,False,False
862,chan haha ktg plastik udah paling rendah dlm siklus daur ulang. kalau plastik daur ulang jd plastik lg tp turun tingkat,False,True,False,False,True,False,False,False,True,False,True,False
1715,soal timor leste daur ulang seluruh sampah plastik baru (cuma) gelar lho yg rame rilis rencana pabrik daur ulang plastik . riilnya sampe skrg belom jelas. yg terbaik kelola sampah asean justru banyumas. tp banyumas kan bukan negara sendiri.,True,False,False,False,True,False,False,False,True,False,True,False
561,. daur ulang menimbulkan mindset ah gapapa gunain plastik. yg penting kan didaur ulang . pdhl nyatanya yg disebut diatas ga semua plastik recycle bahkan plastik yg direcycle durability nya. klo udh jelek yaa ga recycle lgi,True,False,False,True,False,False,True,False,False,True,False,False
1018,btw botol daur ulang botol aqua gitu buat mengurangi sampah plastik. baru bali . gak sama aqua kok kerjasamanya.,False,True,False,False,False,True,False,True,False,False,False,True
1045,menurutsaya masalah sampah plastik indonesia tak merta diatasi mencari alternatif pengganti plastik. menggalakkan daur ulang edukasi pemilahan pembuangan sampah tempatnya nilai lebih diutamakan.,False,False,True,False,False,True,False,False,True,False,False,True
512,sama sama jaga bumi sampah plastik. plastik sangat sulit diurai alami daur ulang plastik cukup mengurangi sampah plastik. sama sama menjadi pelopor perubahan,False,True,False,True,False,False,False,True,False,True,False,False
1269,jemur plastik? face with hand over mouth plastik mau daur ulang menjadi yg bermanfaat reels tagar fbpro plastikdaurulang,False,True,False,False,True,False,False,False,True,False,False,True
1411,ide kerajinan daur ulang botol plastik menakjubkan taman,False,True,False,False,False,True,False,False,True,False,False,True
1145,sampah plastik daur menjadi beras plastik. hati hati..,True,False,False,False,True,False,False,True,False,True,False,False
1457,cara kreatif daur ulang plastik perlu coba!,False,True,False,False,False,True,False,False,True,False,False,True
849,banyaknya sampah plastik dihasilkan tingkat daur ulang plastik rendah saatnya ambil bagian besar kurangi sampah plastik bumi tetap terjaga sahabathijau!,True,False,False,True,False,False,True,False,False,True,False,False
1088,sampah plastik diselesaikan dgn membentuk bank sampah yg menukar sampah anorganik dgn poin e-money yg dipakai utk belanja apa saja. bank sampah kerjasama dgn industri daur ulang sampah shg sampah tpa sangat sedikit jumlahnya.,False,False,True,False,False,True,False,False,True,False,False,True
875,menfess jangan disamain sm indo nder malah klw minum air mineral lebih sering pakai botol sekali pakai jarang yg pakai galon isi ulang sampah plastik daur ulang rakyatnya disiplin tau gimana milah sampah coba deh liat drama adegan ~,True,False,False,True,False,False,True,False,False,True,False,False
1703,slamat siang sahabat fb grub ini..sy konsultasi ni.. sy usaha daur ulang plastik sy pinjem bpr surabaya..sy pailit perbulan sy tetep ngangsur..dan kadang byar separu niat baik pihak bank..klau krmh sy temenin dg senang hati sy kasi minuman..sy berjalan cari dana..uda ngk nyicil lagi..stelah sy dpt dana kecil sy bangkit dlm usaha..stelah sy tlp pihak bank suruh lunasi semua..jujur sy ngk lunasi baru bangkit usaha lagi..dan sy mengajukan kridet ulang katanya ngk bisa..suruh lunasi semua..gimana solusinya..sahabat fb,True,False,False,True,False,False,True,False,False,True,False,False
1819,ga yg punya ide bikin pusat pengolahan plastik daur ulang terapung gitu? lumayan ribuan ton plastik kalau dikiloin..,False,False,True,False,True,False,False,False,True,False,True,False
1864,pas awal rilis gue ngikutin bgt manhwa lama gue hold karna tiap baca dada gue sesek bgt capek nangis mulu. keluarganya bener sampah yg gak daur ulang. bukannya introspeksi diri minta maaf malah playing victim. sampe gue blm sanggup lanjut baca,False,True,False,False,True,False,False,True,False,False,True,False
1754,sebagian ruang kelas sma pangudi luhur jakarta selatan kini lebih ramah lingkungan meja kursi terbuat daur ulang sampah plastik,False,True,False,False,True,False,False,True,False,False,False,True
1451,"assalamualaikum wr. wb. salam sejahtera mohon ijin admin moderator. ( ) yg beralamat sidoarjo berniat menawarkan berbagai macam mesin produksi daur ulang plastik. melayani pembuatan perbaikan mesin daur ulang plastik, : - crusher / mesin giling plastik - extruder / mesin pelet plastik - mesin tali rafia - straw / mesin sedotan - conveyor - centrifugal / pengering - mesin gulung rafia kiloan utk informasi lebih lanjut, telephone : wassap : terimakasih atas waktunya. wassalamualaikum wr. wb bengkelbubut bengkelbubutsurabaya recycling plasticrecycling daurulangplastik crusher plasticcrusher mesingilingplastik extruder plasticextruder mesinpeletplastik mesintalirafia mesinsedotan",False,False,True,False,True,False,False,False,True,False,True,False
1579,"punya produk daur ulang?? chemenn!! keppo belajar monggo minat, japri",False,True,False,False,True,False,False,False,True,False,False,True
1251,kreasi daur ulang sampah plastik. art sculpture mask trible ethnic daurulang daurulangsampah daurulangsampahplastik mikroplastik,False,True,False,False,True,False,False,True,False,False,False,True
531,baru mantabdouble exclamation mark emang benar hasil olahan limbah plastik lebih cakep drpd pertaminadex.. si kuda laut siap aja modar bin bangkrut!! kira .. hasil karya anak negri bakal support malah binasakan pemerintah exclamation question mark,False,True,False,False,True,False,False,False,True,False,False,True
256,nonton dah ancur banget buset bahan bakarnya pake sampah plastik.. gmn org ga gampang sakit skrg,False,True,False,True,False,False,True,False,False,True,False,False
436,tengah isu lingkungan semakin mendesak industri daur ulang menghadapi tantangan besar.,False,True,False,False,True,False,True,False,False,False,True,False
1476,shodaqoh sampah tempat buat khusus sampah botol plastik sampah botol plastik berguna daur ulang mengurangi sampah plastik menghasilkan bernilai ekonomis semoga menginspirasi sahabat fb,False,False,True,False,False,True,False,False,True,False,False,True
453,wujud komitmen mendukung program pemerintah terkait pengelolaan sampah plastik ekonomi sirkular coca-cola mendirikan fasilitas daur ulang botol plastik pet dikelola pt amandina bumi nusantara.,False,False,True,False,False,True,False,True,False,False,False,True
1543,"pasar biji plastik mulai pulih.. tingkatkan hasil gilingan plastik anda, diterima pasar harga yg bagus.. hadir memberikan solusi !! sabun khusus cuci daur ulang plastik sabun cuci plastik gc maxpro fungsi : membersihkan daur ulang plastik yg diolah menjadi biji plastik keunggulan : - menghilangkan bau - membersihkan kotoran / noda . bekas oli . batu bara . gemuk . getah / pewarna bahan baku menjadi : - bebas bau tak sedap - bahan menjadi bersih - warna menjadi lebih cerah kemasan jerigen liter sabun / chemical yg produksi memiliki ijin resmi ( bukan produksi rumahan) bahan yg gunakan aman penggunanya, mengandung bahan kimia berbahaya. telp / wa: limbahplastik daurulang pelet bijiplastik sampahplastik daurulangplastik daunan karungbekas pet hdblow",False,True,False,False,False,True,False,False,True,False,False,True
1366,"grobogan, kompas.tv - limbah plastik ternyata memiliki manfaat besar sebuah bumdes kabupaten grobogan, jawa tengah, diolah menjadi bahan bakar minyak. berbekal alat mesin pengolah sampah, sehari kapasitas mesin mampu menghasilkan bbm jenis premium solar sebanyak hingga liter, hasil olahan sebanyak kilogram limbah plastik. kualitas bbm premium memiliki kandungan oktan . jenis solar setara solar jenis dex. ""badan riset daerah jawa tengah mempercayakan kita, menjadi solusi. bahan bakunya plastik diusahakan laku mas. produksinya bbm jenis premiun sama solar,"" jelas sadzali, ketua bumdes kuwariron jaya. inovasi pengolahan limbah plastik menjadi bbm menjadi solusi mengatasi permasalahan sampah plastik membantu operasional bbm petani. artikel dilihat :",False,False,True,False,True,False,False,False,True,False,False,True
94,kantor cabang bsi nanti'y akn disediakn mesin daur ulang sampah plastik yg tlah terintegrasi dgn aplikasi plasticpay cukup dgn menukar plastik scan barcode masyarakat memproleh poin yg dpt ditukar dgn merchandise dr bsi &amp; plasticpay indonesia balisustainablemovement,False,False,True,False,True,False,False,True,False,False,True,False
64,aneka kreasi pemanfaatan sampah daur ulang plastik. teknologi sederhana mengolah material daur ulang plastik menjadi berbagai produk menarik. dilakukan banyak tempat indonesia.. yuk sebarluaskan info lebih banyak orang,False,False,True,False,True,False,False,False,True,False,False,True
417,makanya gk heran sampah plastik pet menjadi primadona dunia. ketua umum asosiasi daur ulang plastik indonesia (adupi) christine halim mengatakan sampah plastik pet (polyethylene terephthalate) sangat diminati industri daur ulang seluruh dunia.,False,False,True,False,False,True,False,True,False,False,False,True
1733,sobatkominfo.. sampah plastik menjadi masalah besar planet kita. mengurangi dampaknya menggunakan sampah plastik bijak. daur ulang gunakan hindari penggunaan plastik sekali pakai! yukk bijak menggunakan sampah plastik..,False,True,False,False,True,False,False,True,False,False,False,True
1479,"konsep daur ulang sebenarnya. tujuan utamanya mengurangi sampah, bukan bikin sampah baru. afwan. semoga panitia ketinggalan juknis penilaian.",False,True,False,False,False,True,False,False,True,False,False,True
827,sayang kesadaran indonesia rendah daerah luar jawa sampah plastik luar biasa banyak fasilitas daur ulang sangat minim bahkan ada.,True,False,False,False,True,False,True,False,False,False,True,False
1641,"sisi lain, tingkat daur ulang sampah plastik jumlah timbulan sampah plastik sangat rendah sampah plastik menjadi persoalan besar perlindungan pelestarian lingkungan hidup. masalah sampah lebih sekedar masalah teknis merupakan menjadi cerminan perilaku masyarakat lingkungan. perubahan pengelolaan sampah dimulai kebiasaan sehari-hari dilakukan konsisten memberikan dampak besar lingkungan. cara efektif lainnya pengelolaan sampah plastik. menjalankan bisnis daur ulang plastik. informasi lebih lanjut, kalian mengunjungi website menghubungi / ya! bisnis daurulang sampahplastik pojokplastik indonesia",True,False,False,True,False,False,True,False,False,True,False,False
1751,pernah mendaur ulang plastik. ekonomi masuk. harga biji plastik virgin selalu lebih murah biji plastik daur ulang. r reduce reuse recycle. urutannya gitu reduce reuse baru recycle.,True,False,False,True,False,False,True,False,False,True,False,False
1603,daur ulang sampah plastik & pengelolahan sampah organik menjadi pupuk organik diberdayakan nian tana.,False,True,False,False,True,False,True,False,False,False,True,False
1736,hari peduli sampah nasional yuk mulai biasakan langkah kecil membawa tumbler sendiri mengurangi plastik sekali pakai memilah sampah organik anorganik mendukung daur ulang. kebiasaan sederhana memberikan dampak besar,False,False,True,False,True,False,False,False,True,False,True,False
1203,daur ulang sampah.. jarang update soalnya ngumpulin sampah dulusmiling face with open handssmiling face with open hands.. yuk daur ulang sampah menjadi lebih berguna smiling face with smiling eyessmiling face with smiling eyes duarulang sampah plastik fyp jangkauanluas,False,True,False,False,True,False,False,False,True,False,True,False
1098,pendapat klo mengurangi plastik mungkin bosa sedikit signifikan mungkin lebih tepat cari cara mengolah sampah plastik daur ulang,False,False,True,False,False,True,False,False,True,False,False,True
1888,"lagi, punya kendali mendidik rakyat pemerintah, yg punya hukum terkait lingkungan, teknologi daur ulang sampah, seterusnya. individu rakyat paling maksimal menegur rakyat lainnya si pembuang sampah, lalu memviralkannya.",True,False,False,False,True,False,False,True,False,False,True,False
439,le minerale hadir jakarta fair kemayoran (jfk) edukasi konsumen produk daur ulang pet,False,True,False,False,False,True,False,True,False,False,False,True
464,revolusi industri kemasan pangan: sip menetapkan standar menggunakan kemasan minuman berbahan % pet daur ulang (rpet),False,False,True,False,False,True,False,False,True,False,False,True
1511,"setop pakai plastik sampul! menyampul buku baru pakai plastik merupakan salah satu kegiatah berpihak lingkungan bidang pendidikan perpustakaan tetap lestari hingga ini. menyampul plastik membuat buku lebih awet mencegah buku terkelupas, sampul berbahan plastik sangat sulit didaur ulang. akhirnya, sampul plastik menjadi sampah berakhir cara dibakar tempat sampah. pegiat sampah sekaligus guru memberi saran mengurangi limbah plastik lingkungan memudahkan proses pemilahan sampah plastik kertas, peserta didik pustakawan menggunakan kertas sampul. kertas dipakai lagi, dimanfaatkan didaur ulang menjadi kertas daur ulang (kdu). sampul berbahan plastik tak didaur ulang mesti ditinggalkan. sampah plastik bumerang semua, estetika menjadi ‘ugal-ugalan’ menggunakan plastik mungkin saatnya berpikir ulang. bukankah demikian? bijak berplastik hidup lebih baik! banksampahbalairaja bijakberplastik",True,False,False,True,False,False,True,False,False,True,False,False
1484,edisi karnaval yah anak sd memakai kostum kantongan plastik yg daur ulang menjadi baju seragam karnaval fyp fbpro reels semuaorang monetisasi,False,True,False,False,True,False,False,False,True,False,False,True
898,harusnya lsm tuh lebih mendalami daur ulang plastik terburu mengambil kesimpulan janganmenggiringopini,True,False,False,False,True,False,False,True,False,False,True,False
29,riza farizaha siswi smkn kediri olah sampah plastik jadi minyak,False,False,True,False,True,False,False,True,False,False,False,True
1129,"mesin pencacah plastik buat bertujuan membantu pengusaha daur ulang sampah menjadi cacahan kecil. mesin pencacah plastik mempermudah pekerjaan pencacahan botol bekas plastik dijual kembali. mesin pencacah plastik menjadi solusi memanfaatkan limbah didaur ulang. mesin pencacah satu ini, plastik plastik terbuang dijadikan produk memiliki nilai jual. telephone receiver info konsultasi : telp/wa : cs : wa.me/+ cs : wa.me/+ cs : wa.me/+ cs : wa.me/+ office building workshop : jl madiun - ponorogo km selatan puskesmas geger meter ,ds. jatisari kec. geger kab. madiun",False,True,False,False,False,True,False,False,True,False,False,True
1645,"sahabat lestari, memperpanjang usia plastik daur ulang! daur ulang menjadi salah satu langkah bijak lakukan rumah melindungi bumi lingkungan sekitar. namun, kesadaran pentingnya rendah, nih. kira-kira kenapa, ya? geser slide informasi selengkapnya, winking face",True,False,False,False,True,False,False,False,True,False,True,False
1597,rak aqua macam e banyak banget admin sempat foto..harganya banyak yg rb bahkan banyak yg dibawah rb..bahan ori bukan plastik daur ulang yah,False,True,False,False,True,False,True,False,False,True,False,False
1177,daur ulang sampah plastik kreasi anak sd,False,False,True,False,True,False,False,True,False,False,False,True
1019,dr. hartuti purnaweni mpa (ketua program studi doktor ilmu lingkungan undip) mengungkapkan mengelola sampah tak r reuse (penggunaan kembali) reduce (mengurangi) recycle (daur ulang) refuse (menolak) menolak pemakaian plastik berlebihan.,True,False,False,False,True,False,False,True,False,False,True,False
1163,antusias membuat selalu bersemangat mengajarkan daur ulang sampah plastik,False,False,True,False,True,False,False,False,True,False,True,False
190,cara olah sampah plastik jadi bahan baku d printing,False,True,False,False,True,False,False,True,False,False,False,True
44,wow! warga kalasan sleman diajari cara olah sampah plastik jadi bbm,False,True,False,False,True,False,False,False,True,False,False,True
1655,"[//]* sebanyak potong sampah botol plastik, gelas cup kaleng ditemukan jalan. akibat kurangnya edukasi pentingnya daur ulang. daur ulang material sampah langkah selanjutnya dilakukan pola hidup rendah sampah dilakukan.",True,False,False,True,False,False,True,False,False,True,False,False
1051,industri daur ulang plastik merupakan salahsatu industri yg terdampak besar selama masa pandemi covid- utilisasi produksi mencapai - persen.,True,False,False,False,True,False,False,True,False,False,True,False
735,sebenernya kemasan botol pet kaya galon malah banyak pabrik daur ulang mau terima. kemasan plastik sablonan warna warni kaya gini harusnya diganti. pabrik indonesia kayanya berani olah ongkos daur ulangnya mahal lewat banyak proses,True,False,False,True,False,False,True,False,False,True,False,False
585,rata sampah yg dihasilkan jkt kurang lebih . ton per hari tahun yg %nya merupakan sampah plastik. data swi sampah indonesia ternyata %nya tetap berakhir tps kurang % sampah plastiknya terdaur ulang. kpn tingkat daur ulang kyk sgp,True,False,False,True,False,False,True,False,False,True,False,False
1397,bergabunglah revolusi daur ulang ubah botol plastik menjadi baruface screaming in fearface screaming in fear jamtayang reelsfyp fyp pekerjaan amazing pabrik gajihmilyaran daurulang,False,True,False,False,False,True,False,False,True,False,False,True
593,tips &amp; trik menjaga linkungan data sustainable waste indonesia (swi) tingkat daur ulang sampah plastik indonesia kurang % -%. padahal indonesia merupakan salah satu negara penghasil sampah plastik terbesar dunia. per hari nya,True,False,False,True,False,False,False,True,False,True,False,False
489,sampah plastik dihasilkan sulit terdegradasi daur ulang alami butuh kepedulian banyak pihak mendapatkan solusinya. simak selengkapnya insight with hari pukul . wib,False,True,False,True,False,False,False,True,False,True,False,False
1535,"darurat sampah apa kabar tpa sarimukti beberapa minggu petugas sampah selalu telat mengangkut sampah, kebakaran terjadi tpa. terbayang sampah telat diangkut, sampah basah/dapur.. bau pasti, muncul belatung.. grimacing facegrimacing face tahun ini, belajar memilah sampah optimal. terasa sekali dampaknya. sampah didaur ulang (botol sejenisnya), kertas, dus pisahkan. kasihkan pengepul suka keliling, lumayankan.. jadi pahala kebaikan buat kita. sampah dapur pisahkan sayuran, cangkang buahn jenis daging, ikan. sayuran, buah-buahan masuk wadah bekas cat bawahnya beri lubang keluar cairan plus saringan. sampah dapur masuk, ditutupi sampah coklat alias daun-daunan halaman. lupa diberi cairan khusus. sekali dikasih bubuk kopi biar baunya enak, lanjut kocek. ngga rajin ngitung bulan, panennya kalau dirasa sampahnya mengerut cairan bawahnya habisbeaming face with smiling eyes cairan jadi pupuk buat tanaman kita, kompos sampahnya. coba mulai rumah sendiri. sepertinya sampah masuk tpa sebanyak sekarang. sampah terkumpul tpa sampah memang sulit daur ulang, plastik sejenisnya. memang pr buat kami, meminimalisir plastik masuk rumah betul-betul perlu saling mengingatkan antar anggota keluarga.",True,False,False,True,False,False,True,False,False,True,False,False
1829,mayat diketahui bernama eko agustino () merupakan warga desa sambirejo ditemukan meninggal mengapung limbah pengelolaan daur ulang plastik.,True,False,False,False,True,False,False,True,False,False,True,False
680,mendukung adanya kesadaran peduli lingkungan mengurangi penggunaan plastik melalui tagar sendok memikirkan produk makanan yg menggunakan kemasan plastik yg sulit daur ulang,False,True,False,False,True,False,False,True,False,True,False,False
1094,lalu memindahkan pot mini &amp; memberi sedikit pupuk yg diolah sendiri dibantu alat sederhana hasil daur ulang limbah plastik semoga membantu. bercocok tanam salah satu metode perlawanan penindasan &amp; keserakahan penguasa. salam lestari semesta!,False,True,False,False,True,False,False,False,True,False,False,True
1992,"keren mamanya gamau buang sampah plastik dg asal berakhir tpu. tugasmu tinggal bawa wadah yg menggunung bank sampah/manapun yg nerima wadah plastik. wadah daur ulang loh. keep up the good work, family team do best impact to society red heart",False,False,True,False,False,True,False,False,True,False,False,True
151,daur ulang sampah plastik indonesia minim menyentuh persen,True,False,False,True,False,False,False,True,False,True,False,False
845,jenis plastik ps mempengaruhi gen paru-paru hati sistem kekebalan tubuh. ditambah jenis plastik mempunyai tingkat daur ulang rendah.,True,False,False,False,True,False,True,False,False,True,False,False
638,langkah ditempuh mencegah senyawa beracun menyebar lingkungan prosedur daur ulang baik sayangnya pusat daur ulang kesulitan memisahkan lapisan plastik paper cup britania raya paper cup benar-benar,True,False,False,True,False,False,True,False,False,True,False,False
136,pantasan pelaku bisnis sampah kok sedikit indonesia. kalau aku tajir sih (kapan wkwk) aku mau bangun pabrik daur ulang sampah plastik,False,False,True,False,True,False,False,True,False,False,True,False
870,plastik kemasan minuman aneka warna salah satu jenis sampah yg beredar dilautan jarang sekali yg menerima daur ulang kemasan aneka warna. bawa botol minummu sendiri membeli minuman kemasan. *gambar hasil pembersihan pantai dikep seribu plasticfreefriday,False,True,False,True,False,False,True,False,False,True,False,False
1002,faktanya ton sampah plastik dihasilkan tiap harinya. % didaur ulang. tahukan teman-teman terkait fakta daur ulang plastik? simak poster yaa chemicalrecycling falsesolution breakfreefromplastic recycling,True,False,False,True,False,False,True,False,False,True,False,False
861,update milari : peningkatan mutu aspal daur ulang plastik mutu rendah.: deskripsi : ..,True,False,False,False,True,False,False,True,False,True,False,False
1038,sampah anorganik plastik diurai cara tertentu misalnya daur ulang sampah. piramida pengelolaan sampah r recycle daur ulang berada tahap terakhir. dimaksudkan sampah dimaksimalkan penanganannya awal.,False,True,False,False,True,False,False,False,True,False,False,True
1226,part daur ulang sampah botol plastik menjadi bunga cantik hibiscus vod fyp daurulangsampah semuaorang pengikut pemula monetisasi,False,True,False,False,False,True,False,False,True,False,False,True
1450,"ide kreatif plastik bubble wrap ** tutorial sederhana plastik bubble wrap tangan tepat plastik bubble wrap didaur ulang menjadi berbagai kerajinan,salah satunya membuat dekorasi dinding mengurangi sampah plastik sampah plastik sulit diurai,kita punya tangan kreatif sedikit membantu cara mendaur ulang..semoga teman"" ikut melibatkan diri bekerja bersama"" mengurangi limbah sampah plastik,kembangkan kreasi daur ulang punya nilai jual salam kreatiffolded hands daurulang daurulangplastik kreasidaurulang dekorasidindingdariplastik fyp bonus fotofyp interaksi jangkauanluas viral",False,True,False,False,True,False,False,False,True,False,False,True
566,nah mulai bohongnya nih boti jelek pemuja plastik daur ulang. army marah lo bawa zionist bukan ttg muka buruk lo njir sok penting nih boti tulang lunak,False,True,False,True,False,False,False,True,False,True,False,False
1568,":globe showing Asia-Australia: plastik bukan trend lagi, saatnya pilih kemasan ramah lingkungan! :globe showing Asia-Australia: dunia semakin sadar pentingnya menjaga lingkungan. green heart kemasan eco-friendly paperbag, box daur ulang, label ramah lingkungan bukan pilihan, keharusan! sudahkah bisnismu beralih? four leaf cloverrecycling symbol ecofriendlyliving kurangiplastik sustainablepackaging tunggu apalagi, yuu buruan order! shopping cart order: wa: -- klik link bio custom paper bag kampoeng hijaupackaging wrap box roll label hangtagtas furingstiker amplop alas kaki cuci mobil cherriesdesign gratis sesuai selera cherriesharga lebih murah pesan pcs cherriesbisa custom ukuran, bentuk jenis kertas cherriesramah lingkungan kampoenghijau daruratsampahjogja taskertasgrosir taskertasjogja paperbagjogja paperbagcustom paperbagbatik paperbagkekinian gogreen jogjadaruratsampah ordernow",False,True,False,False,True,False,False,True,False,False,False,True
1204,punya barang silahkan tawarkan.. daur ulang sampah botol plastik pet jangkauan,False,True,False,False,False,True,False,True,False,False,False,True
1005,kedua adalah; stop pembakaran sampah limbah rumah tangga sampah plastik lebih baik daur ulang nih awaiters! bukan mengurngi asap polusi mengurangi banyaknya penggunaan plastik menjadi barang baru lebih berguna nih awaiters! gogreen,False,False,True,False,True,False,False,False,True,False,True,False
614,patters iya tau impor sampah alasannya bahan baku sampah plastik indonesia kurang akhirnya justru bikin banyak masuk sampah yg dpt daur ulang pasal baru nguntungin indonesia ga sih? ayo mending rakyat diajarin memilah sampah sendiri? sampah banyak kan?,False,False,True,True,False,False,True,False,False,True,False,False
235,dituntut terampil anak didik lpka lombok tengah olah sampah plastik menjadi kerajinan bernilai jual berita selengkapnya..,False,False,True,False,True,False,False,False,True,False,False,True
1455,"[dokumentasi berita] ecobrick merupakan bata daur ulang terbuat limbah plastik dimasukan botol air mineral. bagian kegiatan p gaya hidup berkelanjutan, siapa sangka bata daur ulang berubah menjadi sebuat barang berguna memiliki nilai estetika. baca artikel selengkapnya di: pendaftaran online diakses di: pendaftaran offline langsung datang smp santo yosef lahat, jalan sekolah no , gunung gajah lahat. web: instagram: lahat youtube: tarakanita lahat facebook: tarakanita lahat ecobrick batadaurulang sayangilingkungan daurulangplastik tarakanitalahat tarakanitalahat tarakanitawilayahlahat cerdasberintegritas",False,False,True,False,False,True,False,False,True,False,False,True
1090,sedikit info. gelas plastik daur ulang. campuran bahan produk plastik lain. ngak daur ulang jadi gelas amdk lagi.,True,False,False,False,False,True,False,False,True,False,False,True
1072,punya kebiasaan pilah sampah gelas /botol plastik utk kmdn disalurkan pemulung yg khusus bahan plastik tsb yg kmdn sesuai mata rantai alami proses daur ulang. kegiatan yg sederhana nmn smg bs berdampak. namanya aja ssjb (sedikit sedikit jadi bukit),False,False,True,False,False,True,False,False,True,False,False,True
299,wagub nyanyang kunjungi pt. free the sea tinjau industri daur ulang sampah plastik batam,False,False,True,False,True,False,False,True,False,False,False,True
906,sobatair selalu buang sampah tempatnya kan ? sampah plastik merupakan masalah bersama. penguraiannya membutuhka waktu hingga tahun sobatair. ayok pilah sampah plastik daur ulang mencemari lingkungan bumnuntukindonesia jasatirta,False,False,True,False,False,True,False,False,True,False,False,True
175,indonesia mampu melakukannya tinggal menunggu gercep mas tweet &amp; membuat aturan kota &amp; kabupaten punya bumd pabrik daur ulang plastik &amp; serentak. serapan tenaga kerjanya menumbuhkan ekonomi indonesia. bravo,False,False,True,False,True,False,False,False,True,False,False,True
180,hari bumi sedunia citraland konsisten olah puluhan ton sampah plastik hingga bangun ev charging,False,True,False,False,True,False,False,True,False,False,False,True
1731,tahun pt tirta investama (danone aqua) pt veolia service indonesia meresmikan pabrik daur ulang plastik pet utk mengatasi permasalahan sampah indonesia mendorong pertumbuhan ekonomi dlm peningkatan kesejahteraan pekerja disektor persampahan.,False,True,False,False,False,True,False,True,False,False,False,True
1650,"produsen bergerak bidang pembuatan mesin plastik. mengembangkan memproduksi granulator plastik ramah lingkungan, granulator masterbatch berisi air, mesin peniup film mesin tunggal, mesin peniup film aba, mesin stretch film, mesin pembersih plastik, penghancur plastik, mesin film gelembung, granulator berpendingin air cocok berbagai bahan plastik. memiliki satu-satunya tim r&d tiongkok menyesuaikan granulator berbagai kapasitas. produk baru terbaru, granulator suhu rendah, mengandung air, berasap, berbau, digunakan baik kering maupun basah. granulator berpendingin air pp memiliki output tinggi kualitas baik. digunakan bahan film pp, pe, bahan film pp, po, pet, abs, pvc lunak, bahan lainnya. mesin stabil aman. whatsapp: situs web: kantong plastik butiran plastik daur ulang plastik mesin daur ulang plastik granulator plastik granulator plastik mesin pemotong plastik mesin daur ulang film film plastik mesin pembuat kantong plastik mesin cetak tiup film plastik ekstruder plastik daur ulang sampah plastik daur ulang plastik granulator potong panas berpendingin udara lini produksi film tiup ko-ekstrusi multi-lapis kantong plastik ekspres botol air",False,False,True,False,False,True,False,False,True,False,False,True
609,aro balebambu klo botol plastik daur ulang klo galon kek gitu aku kurang tau. aku jual pendaur ulang web,False,True,False,False,False,True,True,False,False,True,False,False
935,sebenarnya botol plastik daur ulang aqua pakai botol daur ulang botol plastik sebelumnya. yg jadi masalah sebenarnya sampah plastik lainnya yg daur ulang yg dibatasi botol plastik. sedikit lucu.,False,True,False,False,False,True,True,False,False,True,False,False
949,penanganan sampah plastik bergantung daur ulang semata. diperlukan alternatif mengurangi sampah plastik. harilingkunganhidupsedunia adadikompas,True,False,False,False,True,False,True,False,False,False,True,False
1760,sampah plastik hutan laut mengancam ekosistem. kurangi penggunaan plastik daur ulang pilih produk ramah lingkungan. gogreen,False,False,True,False,True,False,False,True,False,False,True,False
1320,"ubah sampah plastik jadi rebricks, material bangunan ramah lingkungan siapa sangka sampah plastik menjadi material bangunan kuat berkelanjutan? inilah rebricks, inovasi brilian anak bangsa mengubah limbah plastik menjadi paving block, hollow block, ventilation block proses pembakaran. berkat inovasi ini, rebricks berhasil meraih juara housing related innovation – established business btn housingpreneur, sebuah ajang kompetisi btn mendorong inovasi sektor perumahan. btnhousingpreneur hgcthi",False,False,True,False,True,False,False,False,True,False,False,True
768,botol aqua % bahan daur ulang plasti pasarkan kah??disekolah soalny sedih liat plastik,True,False,False,True,False,False,True,False,False,True,False,False
1550,"termos nasi by moorlife, terbuat dr bahan plastik premium. bukan daur ulangcross mark aman bebas bpacheck mark button",True,False,False,True,False,False,True,False,False,True,False,False
1626,walo sempat berkarya kreasi daur ulang lagi.. ngasih ngirim plastik karung..sementara ditampung dulu saja..lagi gak semangat mendaur ulangnya..,False,True,False,True,False,False,True,False,False,True,False,False
707,tangan orang kreatif indonesia sampah plastik diubah menjadi produk daur ulang multifungsi. sayangnya masifnya sampah plastik terlalu banyak diatasi beberapa orang saja. sampahplastikindonesia pencemaranlingkungan,True,False,False,False,False,True,True,False,False,False,False,True
1208,"sahabatdisdik ternyata sampah daur ulang sangat burguna loh melakukan aktivitas menyenangkan. adik-adik sdn sukabumi selatan mengadakan "" fashion show daur ulang sampah plastik"" disamping menyenangkan melatih kreatifitas . repost : disdikdki",False,False,True,False,True,False,False,False,True,False,False,True
1393,"jokowi kunjungi bank sampah banjarnegara, dorong ekonomi sirkular pengolahan sampah plastik jokowi ekonomisirkular banksampah banjarnegara pengolahansampah sampahplastik petasol indonesiabersih lingkunganhidup inovasihijau virtualbrowsing",False,False,True,False,True,False,False,False,True,False,False,True
859,tepatnya plastik kresek yg item. plastik golongan daur ulang level paling rendah alias racun | om,False,True,False,True,False,False,True,False,False,True,False,False
1667,"[video] mengatasi limbah plastik 'beras' penggunaan sedotan plastik indonesia mencapai lebih juta batang per hari. sisi lain, pelaku daur ulang tertarik limbah sedotan plastik nilainya rendah proses daur ulang sulit. korea selatan, upaya menanggulangi sedotan plastik menciptakan sedotan beras. bisakah jadi alternatif?",True,False,False,False,True,False,True,False,False,True,False,False
548,inov (pt inocycle technology): spesialis daur ulang plastik jadi serat tekstil (recycled pet). ekspor kuat jepang &amp; eropa. revenue-nya stabil pasar fluktuatif. cocok buat investor konservatif.,True,False,False,False,False,True,False,True,False,False,False,True
1319,"indonesia menghadapi masalah sampah botol plastik. pihak amdk, aqua mengungkap tantangan dihadapi soal daur ulang botol plastik air mineral.",True,False,False,True,False,False,True,False,False,True,False,False
530,diijinkan keliling belajar salah satu pabrik pengolahan limbah plastik milik bang saut marpaung satu hari menghasilkan ton biji plastik limbah plastik jenis pe (beda dgn yg kresek kmaren skaar..) jadi ngiler ane brapa rupiah yg dihasilkan,False,False,True,False,False,True,False,False,True,False,False,True
762,prospek industri daur ulang plastik indonesia tahun depan diperkirakan bakal makin suram lantaran dampak perang dagang mereda.,True,False,False,False,True,False,True,False,False,False,True,False
1793,keren mengurangi sampah plastik sma pangudi luhur pakai meja-kursi hasil daur ulang sampah plastik tutup botol,False,False,True,False,False,True,False,False,True,False,False,True
1957,. . mulai langkah kecil: check mark button kurangi penggunaan plastik sekali pakai check mark button pilah daur ulang sampah bijak check mark button manfaatkan sampah organik menjadi kompos check mark button ajak orang lebih peduli lingkungan . .,False,False,True,False,True,False,False,False,True,False,True,False
1293,limbah menjadi mekar! ide daur ulang plastik cerdas taman anda!,False,True,False,False,True,False,False,False,True,False,False,True
1311,"kotak penyimpanan soket listrik terbuat pot plastik daur ulang, kecil, ringan praktis",False,True,False,False,True,False,False,False,True,False,False,True
327,daur ulang plastik merupakan salah satu solusi mengatasi sampah plastik makin hari makin memprihatinkan. bersih aman nyaman akbpbagusnyomangedejunaedi polreslombokbarat ceria fyp video viral ramadhan bulanpuasa berkah,False,False,True,False,True,False,False,False,True,False,False,True
918,alangkah baiknya menghindari kemasan plastik kalo inovasi daur ulang plastik siap potensi gundukan sampah plastik tiba rsud sultan fatah karangawen demak jateng,True,False,False,True,False,False,True,False,False,True,False,False
510,c jgn lo lupain soal sampah plastik galon polikarbonat !! lu yakin pastiin gak galon aqua tiap hari gak rusak? jenis galon pc aqua sulit daur ulang lo bayangin kalau sehari galon rusak!! sampah nya lo mau lo makan?,False,True,False,False,True,False,True,False,False,True,False,False
624,lah padahal sekarang kan plastik makan minuman daur ulang seminggu ancur sendiri kurang kreatif tempat makannya.. bilangnya go green gatau inovasi wadah ramah lingkungan,True,False,False,True,False,False,False,True,False,True,False,False
1370,"larangan penggunaan plastik sama halnya larangan kemasan rokok. bila plastik tetap terus perdebatkan sampah berbahaya bagaimana sampah kain (pakaian), menggunakan baju /pakaian kulit kayu? butuhkan kini solusi penanganan pengolahan sampah organik maupun anorganik profesional. bukan bakar yg menimbulkan dampak polusi baru.",False,False,True,False,True,False,False,False,True,False,True,False
1802,sebuah pabrik daur ulang plastik korsel tutup terbengkalai. akibatnya sampah plastik menggunung pabrik dibiarkan saja.,True,False,False,False,True,False,True,False,False,False,True,False
324,jabar pabrik semen semua punya fasilitas pengolahan sampah plastik jd bahan bakar bahkan pemerintah jakarta sdh kerjasama dgn indocement knp pemda jabar msh terlihat bingung memang tdk bs menampung semua tp solusi lho.,True,False,False,False,False,True,False,True,False,False,False,True
335,solusi ampuh terkait sampah plastik? mengurangi produksi penggunaan plastik..,False,True,False,False,True,False,True,False,False,False,True,False
292,allah muak bgt sama iklan le mineral. mulai botol sekali pakai lebih higienis daur ulang segel tutup botol sekarang iklan daur ulang sampah plastik?? galon sekali pake lu noh nyampah ajgghh,False,True,False,True,False,False,True,False,False,True,False,False
1657,"jangkauan pengangkutan sampah rendah, diharapkan sampah dibuang tpa meningkat. mengantisipasi pembuangan sampah sembarangan masyarakat. cara efektif lainnya pengelolaan sampah plastik. menjalankan bisnis daur ulang plastik. informasi lebih lanjut, kalian mengunjungi website menghubungi / ya! bisnis daurulang sampahplastik pojokplastik indonesia",True,False,False,False,True,False,True,False,False,False,True,False
370,salah satu gaya hidup sustainability yg diterapkan kehidupan sehari-hari menggunakan produk ramah lingkungan rangkaian produk retrieve ini! seluruh produk dibuat menggunakan botol plastik pet daur ulang yg dikumpulkan melalui rvm. eigergreen,False,True,False,False,False,True,False,False,True,False,False,True
1806,hai sahabatbahari kamis november . diadakan pertemuan dharma wanita persatuan (dwp) ppn sibolga diadakan luring daring. pertemuan dilakukan praktek daur ulang botol plastik menjadi kerajinan/hiasan bunga.,False,True,False,False,False,True,False,False,True,False,False,True
1106,@ xltk pemulung jualin dijadiin biji plastik dijadiin bahan daur ulang export permintaannya gede (makanya bos pemulung kaya). plastik lemineral galonnya lebih tipis jd kebutuhan pembuatan botolnya lebih sedikit,False,False,True,False,False,True,False,False,True,False,False,True
1573,"klo bener namanya daur ulang sampah plastik, bukan bikin gaun plastik plastik yg baru beli smiling face",False,True,False,False,True,False,True,False,False,True,False,False
170,peluncuran pabrik daur ulang botol plastik ccep indonesia dynapack asia mempromosikan pendekatan disebut-sebut memacu ekonomi sirkular membantu mengatasi masalah lingkungan. baca artikel selengkapnya green network indonesia:,False,False,True,False,False,True,False,True,False,False,False,True
642,limbah plastik rumah tangga medis botol infus mainan anak didaur ulang kawasan depok jawa barat. sayangnya pendapatan usaha daur ulang limbah plastik tak menentu. cnnindonesia,True,False,False,False,False,True,False,False,True,False,False,True
1737,kebakaran pabrik daur ulang plastik mojosongo solo mobil damkar dikerahkan pabrik daur ulang sampah plastik mojosongo jebres solo dilanda kebakaran minggu (//) siang.,True,False,False,True,False,False,True,False,False,True,False,False
405,pt amandina bumi nusantara pionir implementasi sni : resin pet daur ulang,False,False,True,False,True,False,False,True,False,False,True,False
1557,"ecobrick bukan solusi sangat sedih mengetahui sebagian orang, termasuk projek p sekolah, membuat ecobrick menghasilkan banyak sampah plastik membuat lebih banyak ecobrick crying face. sahabatbasmenjar, menciptakan solusi mengatasi masalah bukan sebaliknya. ecobrick lebih tepat diaplikasikan daerah memiliki fasilitas daur ulang tempat pemrosesan akhir (tpa) pulau-pulau terluar. perlu mengingat membuat ecobrick, tahapan penting membuat ecobrick menolak plastik. menolak kantung plastik, sedotan, menghindari makanan dibungkus banyak plastik. hari semakin hari akui, plastik menjadi bagian tak terpisahkan kehidupan kita, muncul ide ecobrick. namun, sebuah ecobrick bukan alasan terus menghasilkan banyak sampah plastik. ecobrick bukan solusi permanen sampah plastik. mengurangi pemakaian plastik rumah digunakan membuat ecobrik, pertanda baik thumbs up. berto sitompul",True,False,False,True,False,False,True,False,False,True,False,False
1837,"lanjutan video mengenai lapangan usaha cakupan se kategori e: pengelolaan air, pengelolaan air limbah, pengelolaan daur ulang sampah, aktivitas remediasi. cintadata selangkah mencatatekonomiindonesia",False,False,True,False,True,False,False,False,True,False,True,False
569,jangan plastik susah daur ulang udah aja kardus sekalian bungkus tuh muka lo muak gue liatnya jelek bangeut wkwkwkwk,False,True,False,True,False,False,False,True,False,True,False,False
196,warga rt gang pande lamaru olah sampah plastik jadi kerajinan hasilnya via,False,True,False,False,True,False,False,False,True,False,False,True
973,niat daur ulang mulia sayangnya % sampah plastik dunia terdaur ulang. artinya perubahan level berskala besar.,True,False,False,True,False,False,True,False,False,True,False,False
1624,kemarin komunitas plastik kebaikan mendapat kesempatan berkunjung pt tridi oasis group tangerang. pt tridi oasis group merupakan perusahaan bergerak bidang daur ulang botol plastik bekas. hasil wawancara mba dian kurniawati selaku salah satu founder tridi oasis. tridi sedang melakukan inovasi mendaur ulang plastik-plastik multilayer. menurutnya percobaan tersebut plastik multilayer jadikan furniture. terkendala pandemi covid inovasi berlanjut. dian kurniawati menyebutkan pandemi cukup berpengaruh bisnis gelutinya ini. mau tau bincang-bincang lengkap salah satu founder tridi oasis ini? tunggu video lengkapnya channel plastik kebaikan yaa! plastikuntukkebaikan plastikbernilaiekonomi plastik botolbekas tiktok moneyheist viral newnormal perubahandimulaidarirumah pilahsampahdarirumah perubahandimulaidarisekarang sedekahbotolplastik circulareconomy circulareconomiplastic,True,False,False,False,False,True,True,False,False,False,False,True
1424,plastik daur ulang,False,True,False,False,True,False,False,True,False,False,False,True
593,tips &amp; trik menjaga linkungan data sustainable waste indonesia (swi) tingkat daur ulang sampah plastik indonesia kurang % -%. padahal indonesia merupakan salah satu negara penghasil sampah plastik terbesar dunia. per hari nya,True,False,False,True,False,False,False,True,False,True,False,False
154,pb pasi gandeng mills jersey timnas indonesia dibuat daur ulang sampah plastik,False,True,False,False,True,False,False,True,False,False,False,True
659,. pengembangan industri daur ulang plastik negeri terus dikebut pemerintah upaya strategis substitusi bahan baku impor. disamping kebutuhan bahan baku plastik sangat tinggi. visi industridaurulang,True,False,False,False,False,True,True,False,False,False,False,True
137,perlu dilakukan perusahaan amdk. komitmen perusahaan menanggulangi sampah plastik indonesia target kampanye nasional pendidikan daur ulang menjangkau juta konsumen juta anak-anak .,False,False,True,False,True,False,False,True,False,False,False,True
752,nope daur ulang sampah plastik indonesia rendah banget. kebanyakan sampah plastik terkelola baik tpa berakhir mencemari lingkungan baik darat maupun perairan. cmiiw kehigenisan kualitas so called daur ulang terjamin.,True,False,False,True,False,False,True,False,False,True,False,False
1824,alaidid kemarin exxon digugat california gara nyebarin informasi palsu ttg daur ulang sampah plastik tuh. gara² mitos² daur ulang palsu yg disebarkan exxon berpuluh² thn terjadilah peningkatan polusi plastik besar²an. jualan ketakutan,True,False,False,False,True,False,True,False,False,False,True,False
653,gila makin lama amerika emang licik bgt. buang sampah plastik yg gabisa daur ulang jawa timur dijadiin bahan bakar buat pabrik tahu. padahal indo susah buat pengolahan sampahnya. pemerintah lengah bgt buat beginian,True,False,False,True,False,False,True,False,False,True,False,False
467,pt bipj jombang jadi pabrik daur ulang pet lokal indonesia pertama berteknologi food grade,False,False,True,False,False,True,False,True,False,False,False,True
1163,antusias membuat selalu bersemangat mengajarkan daur ulang sampah plastik,False,False,True,False,True,False,False,False,True,False,True,False
945,adupi (asosiasi daur ulang plastik indonesia) mudah lulus seleksi bagian beli giling bagian cuci saja. mampu bikin produk baru punya nilai tambah diekspor. jadi bedakan industri daur ulang plastik kertas,False,True,False,True,False,False,True,False,False,True,False,False
553,kakak ipar gua bikin tempat usaha daur ulang plastik modalnya dr gadein sk bank ambil m.. lancar..?? cuma bulan doank sisanya bangkrut.. mau ga mau gajinya auto d cut buat bayar utang..,True,False,False,False,True,False,True,False,False,False,True,False
1102,hyundai motor company merilis foto terbaru (/) sedikit memperlihatkan kabin ioniq . adapun beberapa parts kabinnya terbuat bahan hasil daur ulang botol plastik. kabarotocom hyundai hyundaiioniq,False,False,True,False,False,True,False,True,False,False,False,True
1980,program daur ulang sampah membantu mengurangi limbah plastik. dialokasikan sampe pelosok,False,False,True,False,True,False,False,False,True,False,False,True
1048,peluang ekonomi daur ulang plastik tuh sebenernya banyak bgt. muncul larangan solusi pengolahan limbahnya,True,False,False,True,False,False,True,False,False,True,False,False
1390,ajo gagah bank sampah tuah basamo-nya sangat berpeluang merintis pengolahan sampah plastik menjadi bbm ini. recycling daurulang sampahplastik bbm,False,False,True,False,True,False,False,False,True,False,False,True
212,warga sukoharjo olah sampah plastik jadi bbm pertalite dijual rp./liter,False,True,False,False,True,False,False,False,True,False,False,True
916,kantong plastik kresek berwarna terutama hitam mayoritas merupakan produk daur ulan. proses daur ulang tersebut riwayat penggunaan sebelumnya diketahui bekas wadah pestisida,False,True,False,True,False,False,True,False,False,True,False,False
1777,plana startup yg didirikan pd joshua christopher chandra &amp; timnya berhasil memanfaatkan sampah plastik menjadi peluang bisnis yg menguntungkan. mengubah plastik daur ulang &amp; gabah padi menjadi material bangunan yg kuat &amp; tahan lama.,False,False,True,False,True,False,False,False,True,False,False,True
1459,"loudspeaker biji plastik berkualitas produk houseware! recycling symbol sedang mencari bahan biji plastik terbaik proses injection molding? hadir biji plastik daur ulang berkualitas cocok berbagai produk houseware kursi, meja, wadah penyimpanan, banyak lagi! sparkles keunggulan biji plastik kami: check mark button cocok bahan injection molding check mark button kuat, tahan lama, ramah lingkungan check mark button tersedia berbagai jenis warna contact us for price & any inquiry cv. sinar indah plastic jl. raya rancaekek km , bandung, jawa barat sinarindahplastic daurulangplastik daurulang recycle recycling sampahplastik plasticrecycling plastic daurulangplastik bijiplastik plastictrash sampahplastik bijiplastikdaurulang pabrikplastik plastikinjection bijiplastikpp supplierplastik bijipp bijippwarna bijiplastikppwarna bahanhousewareplastik bahanperabot",False,True,False,False,False,True,False,True,False,False,False,True
1927,jaga lingkungan mengurangi sampah plastik mendukung daur ulang. langkah kecil membuat perubahan besar! green heart smartfrenpedulisampah smartfren persenuntukindonesia,False,False,True,False,True,False,False,False,True,False,True,False
1408,"mohon ijin admin. assalamualaikum wr. wb. bengkel bubut sumber jaya ( ) beralamat sidoarjo berpengalaman lebih tahun pembuatan mesin plastik, berniat menawarkan berbagai produk perusahaan kami. melayani pembuatan / perbaikan mesin daur ulang plastik : - crusher / mesin giling plastik - extruder / mesin pelet plastik - mesin tali rafia - straw / mesin sedotan - conveyor - centrifugal / pengering - mesin rafia kiloan - mesin pemilah plastik utk informasi lebih lanjut : telephone : wassap : terimakasih. wassalamualaikum wr wb. "" "" bengkelbubut bengkelbubutsurabaya recycling plasticrecycling daurulangplastik crusher plasticcrusher mesingilingplastik extruder plasticextruder mesinpeletplastik mesintalirafia mesinsedotan mesinpemilahplastik mesinrafiakiloan",False,False,True,False,True,False,False,True,False,False,True,False
1537,"pancing rezeki sedekah ! sedekah gampang ! gak orang miskin sedekah. sedekah satu-satunya pengeluaran menguntungkan kembalinya berlipat ganda. sedekah gak mengurangi harta sedikitpun bahkan sedekah membuat harta lebih berkualitas lebih berkah. seringkali suka mikir kalo sedekah, seolah-olah sedekah berat dilaksanakan. gimana mo sedekah wong kekurangan? gimana mo sedekah wong aja susah, harusnya disedekahin bukan sebaliknya. gimana mo sedekah wong uang pos-posnya gak tersedia buat sedekah?? sebabnya kekurangan, susah, miskin uang selalu gak bersisa, pelit ! rezeki jadi susah masuk kalo pelit. harusnya pancing rezeki datang sedekah. sedekah gak mesti nunggu kaya,nunggu banyak duit, nunggu berkecukupan sedekah intinya action alias melakukan, segera gak nunggu lama. sedekah gak pake duit. intinya sedekah gampang, kalo mau lho ! banyak jalan bersedekah penjelasan berikut. banyak cara bersedekah. () sedekah nasi bungkus. siapkan nasi bungkus rumah. berikan orang kira-kira membutuhkan pedagang asongan, pengemis, orang gila, pengamen, anak terlantar, tukang sapu jalan sebagainya. usah banyak-banyak, misal bungkus harinya. gak usah maksain juga. amalan paling penting bukan kuantitasnya kualitasnya. sedekahnya sih keliatan kecil, cuma sebungkus nasi, kalo dilakukan tiap hari. seminggu orang miskin beri makan, bukan? setahun orang..?? wow !! nasinya buat sendiri lauk sederhana, beli sesuai kemampuan. gak mesti maksain makanannya wah.. penting cukup membuat kenyang perut lapar. kalo gak kuat beli nasi, roti gak apa-apa. roti aqua gelas cukup mengganjal perut. () sedekah perlengkapan masjid. laundry/cucikan mukena berkala musholla lingkungan kita. berkala beli mukena baru, misal bulan sekali. malu dong sama allah pake itu-itu melulu, kalo baju bole ganti-ganti. beli baru lama disedekahkan. bawa mukena berpergian. tinggalkan masjid/ musholla yg singgahi. beli kamper/pengharum baju. taruh kumpulan mukena masjid/musholla yg singgahi bungkus perlengkapan shalat (mukena, sarung, sajadah, kopiah, al qur'an jadikan parcel lebaran. berikan satpam komplek tukang kebersihan komplek office boy dikantor. inshaa allah pahalanya mengalir. beli beberapa pasang sandal cepit, taruh kantor, musholla masjid digunakan berwudhu. beli perlengkapan membersihkan toilet, pengharum ruangan, berikan berkala masjid. shalat jum'at, datang menit lebih awal. bantu bersih beres. () sedekah bahan daur ulang kumpulkan botol minuman plastik/botol bekas shampoo dll, banyak berikan pemulung. kumpulkan kertas / karton / koran bekas, berikan pengumpul koran / kertas ditimbang dijadikan uang. dibakar mengotori udara. () sedekah alam. kalau beli minum kemasan, kalau sisa bawa pulang. airnya disedekahkan tanaman (sedekah alam), wadahnya dikumpulkan, kalo banyak kasi pemulung.. beli beberapa burung murah saja, lepaskan alam bebas. kalo ketemu tanaman layu jalan, siramilah. ketemu tanaman patah, ikat tanaman tersambung. jangan sengaja menginjak tanaman binatang kecil jalan mencari rezeki allah tanah. beli makanan kecil kacang/kerupuk taro toples, bawa tas. jalan ketemu kucing kelaparan, berikan. () sedekah panti asuhan. beli barang diskonan supermarket banyak. misal detergent, minyak goreng, sabun, buku tulis, pulpen kemudian bungkus cantik hadiahkan panti asuhan rumah singgah. buku cerita baju-baju udah gak dipake, kumpulin bawa panti asuhan. sana butuh bahan bacaan pakaian. () lebihkan pembayaran. jangan nawar pedagang kecil, kalo justru kasih lebih. gak usah ngotot minta kembalian, sedekahin aja. belanja pedagang kecil mendukung mencari nafkah halal, nyuri / nipu ! beli tissue keperluan yg sederhana pedagang kecil yg jumpai, misal tissue rupiah, ikat rambut peniti cukup bikin senang. bayarlah lebih naik angkot supirnya kakek-kakek bapak tua. kasih tips lebih buat ibu/abang ojek online kalo kira-kira jaraknya jauh kondisi yg memprihatinkan (tua misalnya). bis/ angkot. bayarin nenek-kakek yg keliatan kurang mampu suami istri buta. () sedekah makanan. makan kaki lima pengemis anak terlantar, beliin seporsi yg makan.. asik makan gorengan anak minta-minta, kasiin aja sekantong gorengan. pembangunan masjid? bikin gorengan? berikan beberapa pekerja. () gratisin puasa. siapa suka jualan makanan kecil kantor? gratisin buat buka puasa. kebayang kan gorengan bikin masuk surga? insya allah. pas bulan ramadan. diperkirakan buka puasa diperjalanan. angkot, bis, kereta, busway etc. siapkan beberapa air mineral (gelas) pas adzan bagi-bagi. kebayang beli aja udah , pahala beri minuman orang berbuka. in sya allah. () sedekah tumpangan. tawarkan temen searah, bawa kendaraan. selalu siap dimintai tenaga, sedekah materi lakukan. () sedekah membersihkan. perjalanan bersama keluarga mampir toilet masjid biasakan anak laki-laki diberi tugas bersihin toilet tempat wudhu. bersihkan mesjid mushala kantor/toko/kompleks, meski cuma sekali seminggu menjelang jumatan. () sedekah mainan. rutin mensortir mainan anak-anak kita. mainan udah gak kepake gak dimainin anak-anak bagus, dikumpulin dibagi anak panti asuhan anak orang miskin rumah makan susah beli mainan. buy give . beli mainan baru mainan disedekahkan temannya panti asuhan. banyak cara buat bersedekah bukan? semoga jadi salah satu timbangan amal jariyah nanti. semoga tulisan menginspirasi enggan bersedekah, sesungguhnya sedekah gampang. mulai terlihat sepele, mulai diri sendiri, mulai sekarang..gak nunggu besok, keburu dijemput ajal, jadinya telat lho! kebayang satu orang menjalankan harinya berapa banyak masalah sosial teratasi? yuk mulai hari bersedekah ya.. !! wallahu alam..",False,True,False,False,True,False,False,False,True,False,False,True
1615,"pet ( polyethylene terephthalate) plastik digunakan membuat wadah paling umum pasar minuman ringan ini, botol plastik. kode tulisan pet/pete berarti kemasan plastik tersebut terbuat polyethylene terephthalate. kemasan tahan panas mudah pecah. kemasan pet menjadi primadona industri daur ulang. bukan berarti penangan pet mudah, rata-rata sampah terpilah jadi dipilah dulu, desain kemasan banyak beredar sulit jenis botol langsung didaur ulang, melalui proses lepas tutup lepas label terlebih dahulu. redesign kemasan salah satu solusi mempercepat proses daur ulang pet menghindari label multilayer . upaya mengurangi sampah solusi terbaik, ga nyampah . yuuk kurangi sampahmu! kalau ga nyampah jangan nyampah - wilda yanti-",True,False,False,True,False,False,True,False,False,True,False,False
1915,adanya program lelang sampah bikin lebih sadar pentingnya daur ulang,False,False,True,False,True,False,False,False,True,False,True,False
414,galon bekas le minerale dihargai rp perkilogram kata pengepul sampah langganan ku memang harga galon pet lumayan mahal sangat disukai industri daur ulang jadi tinggal pilih mau jual daur ulang jadikan kreasi pot bunga lainnya.,False,True,False,False,False,True,False,False,True,False,False,True
878,: sampah / plastik pouch lebih susah terdaur ulang..dan jarang yg make buat plasik daur ulang..benarkah?,True,False,False,True,False,False,True,False,False,True,False,False
1851,"level lebih tinggi pengelolaan sampah. daur ulangnya level upcycle. yg udah, daur ulang sampah kita, juatru downcycle",False,True,False,False,True,False,True,False,False,True,False,False
1870,sampah masyarakat kapan daur ulang,False,False,True,False,True,False,False,False,True,False,True,False
1727,pnm bentuk klasterisasi usaha daur ulang dukung pengembangan industri kreatif kenalan dulu sama klasterisasi usaha daur ulang limbah plastik makassar dibina pnm mekaar.,False,False,True,False,True,False,False,False,True,False,False,True
1548,kaya begini kasihan sampah plastik daur ulang.. bukan djadikan beras rolling on the floor laughingrolling on the floor laughing,True,False,False,True,False,False,True,False,False,True,False,False
1370,"larangan penggunaan plastik sama halnya larangan kemasan rokok. bila plastik tetap terus perdebatkan sampah berbahaya bagaimana sampah kain (pakaian), menggunakan baju /pakaian kulit kayu? butuhkan kini solusi penanganan pengolahan sampah organik maupun anorganik profesional. bukan bakar yg menimbulkan dampak polusi baru.",False,False,True,False,True,False,False,False,True,False,True,False
1384,"teknologi pirolisis banyak dilakukan beberapa daerah pengolahan sampah plastik menjadi produk lebih bermanfaat. bukan satu-satunya strategi, satu utama iqbal dinda serius penyelesaian permasalahan sampah ntb. iqbaldinda",False,False,True,False,True,False,False,False,True,False,False,True
396,adb menandatangani pinjaman biru pt alba tridi plastics recycling indonesia membangun fasilitas daur ulang polietilena tereftalat (pet/polyethylene terephthalate) jawa tengah. pelajari selengkapnya: adbindonesia,False,False,True,False,False,True,False,False,True,False,False,True
201,klhk ajak masyarakat olah sampah plastik jadi sumber daya ekonomi,False,True,False,False,True,False,False,False,True,False,False,True
1009,hay barudak unpas ceumin mau sharing nih kamu tau ga sih? lebih juta plastik digunakan menit. % plastik plastik sekali pakai langsung berakhir tong sampah. % daur ulang. kepoin akun ig nya,True,False,False,True,False,False,True,False,False,True,False,False
891,pelajaran ambil . daur ulang sampah plastik diurai kurun waktu singkat . hemat biaya memakai alat bahan seadanya . mengisi waktu luang kegabutan . bahagia sederhana,True,False,False,True,False,False,True,False,False,True,False,False
248,napi rutan olah sampah plastik jadi perhiasan adat bugis makassar,False,True,False,False,True,False,False,False,True,False,False,True
576,jokowi paksa mal dki gunakan plastik daur ulang,True,False,False,False,True,False,False,True,False,False,True,False
1138,ide p gaya hidup berkelanjutan membuat bunga plastik bekas sangat kreatif,False,True,False,False,True,False,False,False,True,False,False,True
1693,"backpacksparkles kreatif daur ulang plastik menjadi tas! sparklesbackpack rangkaian proyek p bertema zero waste heroes: mengubah sampah jadi nilai tambah, siswa kelas sd yppsb mendapatkan pengalaman seru inspiratif bersama bu bahriah, penggiat daur ulang mengubah sampah plastik bekas menjadi barang berguna tas! handbagherb semangat kreativitas, bu bahriah dibantu bapak ibu guru komite mengajarkan anak-anak cara membuat tas plastik bekas bungkus makanan kita. mulai membersihkan, memotong, hingga mengelem staples plastik-plastik bekas, langkah lakukan penuh antusias! threadsparkles kegiatan melatih keterampilan kreativitas siswa, menumbuhkan kesadaran sampah menjadi barang bernilai diolah baik. melalui workshop ini, anak-anak belajar menjaga lingkungan dilakukan cara sederhana menyenangkan! :globe showing Europe-Africa:green heart bangga rasanya melihat pahlawan kecil beraksi masa depan lebih bersih hijau. terima kasih, bu bahriah, atas inspirasinya! folded handssparkles proyekp zerowasteheroes sdyppsb daurulangplastik bubahriah sekolahramahlingkungan cintalingkungan edukasianak kreativitasanak",False,True,False,False,False,True,False,False,True,False,False,True
321,bayangkan kalau botol plastik buang sembarangan malah berakhir mencemari laut mengotori lingkungan selama ratusan tahun. solusi lebih baik!,False,False,True,False,False,True,False,False,True,False,False,True
246,butuh waktu jam warga cilegon olah sampah plastik jadi bbm,False,True,False,False,True,False,False,True,False,False,True,False
1107,memiliki ton sampah dibuat hari favela brasil infrastruktur mendaur ulangnya butuhkan hanyalah sedikit kreativitas kesenangan membuat orang bersemangat daur ulang!,True,False,False,True,False,False,True,False,False,True,False,False
1550,"termos nasi by moorlife, terbuat dr bahan plastik premium. bukan daur ulangcross mark aman bebas bpacheck mark button",True,False,False,True,False,False,True,False,False,True,False,False
1087,pengen punya usaha daur ulang plastik buat jadi furniture .. tapi.. plastik basah bau sedikit gua udah muntah..,False,True,False,False,True,False,True,False,False,True,False,False
1447,"halo calon pengusaha! pojok plastik punya solusi kamu mau mulai usaha ngga punya lahan luas loh! salah satu paket usaha pojok plastik ini, kamu punya bisnis daur ulang sampah plastik cukup lahan garasi halaman rumah ya! penasaran? mau tau caranya? tunggu apa lagi? let's join us! informasi lebih lanjut, kalian mengunjungi website menghubungi / ya! bisnis daurulang sampahplastik pojokplastik indonesia",False,False,True,False,True,False,False,False,True,False,True,False
490,banyak tpa yg volumenya melebihi kapasitas penampungan. pengelolaan sampah indonesia menjadi pr pemerintah. dpr sendiri punya gerakan dpr hijau yg menjadi sistem praktik mendukung pengurangan limbah plastik maupun bahan yg sulit daur ulang.,False,True,False,True,False,False,True,False,False,True,False,False
743,tau daur ulang sampah plastik gimanaa? yuk mending ikut acara nih tegal semuadukungganjar,False,False,True,False,True,False,False,False,True,False,True,False
1698,"daur ulang salah satu instrumen menyelesaikan persoalan sampah indonesia. banyak instrumen dilakukan. instrumen teruji, hendaknya pemerintah memberikan dukungan bentuk regulasi meneguhkan industri daur ulang maju. kalau selama industri daur ulang membuat produk, depan, pemikiran sri bebassari, industri menjadi industri jasa dibayar industri pihak mau selesaikan masalah sampahnya lewat jalur daur ulang. semoga saja, pemerintah serius.. wastemanagement circulareconomy indonesiabersih",True,False,False,False,False,True,True,False,False,False,False,True
442,aneh banget ya? bahan baku sampah plastik pet kurang indonesia padahal sungai mana-mana sampah plastik bertumpuk kok gagal daur ulang?,True,False,False,True,False,False,False,True,False,True,False,False
1128,"inovasi ramah lingkungan hadir ntb. sebuah sekolah dasar lombok barat, sdn medas, menjadi bangunan pertama dunia dibangun menggunakan bata limbah plastik daur ulang (ecobrick). viral fyp facebookviral fakta kreatif kisahinspiratif ntb",False,False,True,False,True,False,False,False,True,False,False,True
1107,memiliki ton sampah dibuat hari favela brasil infrastruktur mendaur ulangnya butuhkan hanyalah sedikit kreativitas kesenangan membuat orang bersemangat daur ulang!,True,False,False,True,False,False,True,False,False,True,False,False
105,jersey teamnas indonesia terbaik sangat memiliki nilai sangat kuat dibuat daur ulang botol plastik jersey digunakan teamnas yg disabotase sebagian elemen sepakbola indonesia pengurus klub supporter,False,True,False,False,False,True,False,True,False,False,False,True
1803,kreatif unik desainer daur ulang sedotan plastik jadi fashion item trendi,False,True,False,False,True,False,False,False,True,False,False,True
654,daur ulang (yg indo penerapannya kurang memadai) bukanlah jawaban utama pengurangan sampah plastik. pengurangan penggunaan plastik tatplah jawaban utama pengurangan sampah. kalo terus daur ulang ujungnya ttp bakal dibuang tolakgalonsekalipakai,True,False,False,True,False,False,True,False,False,True,False,False
1645,"sahabat lestari, memperpanjang usia plastik daur ulang! daur ulang menjadi salah satu langkah bijak lakukan rumah melindungi bumi lingkungan sekitar. namun, kesadaran pentingnya rendah, nih. kira-kira kenapa, ya? geser slide informasi selengkapnya, winking face",True,False,False,False,True,False,False,False,True,False,True,False
1101,beli yg mahal sedikit. beli merk luby jauh lebih awet dr yg ribuan yg bahannya plastik daur ulang.,False,True,False,False,False,True,False,True,False,False,False,True
915,miliar metrik ton plastik diproduksi sejak pertama kali ditemukannya tahun an. % sampah plastik tdk daur ulang sebagian besar plastik terurai alam sampah plastik tetap hingga ratusan bahkan ribuan tahun mendatang.,True,False,False,True,False,False,True,False,False,True,False,False
1916,"walikota denpasar, i gusti ngurah jaya negara, meninjau langsung proses daur ulang sampah berbasis masyarakat pusat daur ulang (pdu) padangsambian kaja pdupadangsambian walikotadenpasar jayanegara sampah",False,False,True,False,True,False,False,False,True,False,False,True
228,bupati banyumas ajak masyarakat olah sampah plastik menjadi paving,False,False,True,False,True,False,False,False,True,False,False,True
233,cara pln peduli lingkungan olah sampah plastik jadi paving block: membantu mengatasi permasalahan sampah pt pln (persero) unit induk wilayah sulselrabar memberikan bantuan pengembangan paving block sampah news plnpedulilingkungan ptpln,False,False,True,False,True,False,False,False,True,False,False,True
661,berfikir ga sih sampah banyak berserakan terutama sampah plastik.. karna : . tempat sampah sangat terbatas . pemakaian sampah plastik non daur ulang banyak bgt . budaya - diubah kesadaran aturan . peraturan yg kurang ditegakkan.,True,False,False,True,False,False,True,False,False,True,False,False
683,sebenernya sabun cair mendasar merugikan krn menggunakan kemasan plastik. tp aku bakal dukung kalau sabun cair menggunakan kemasan plastik daur ulang bahan lebih environmental friendly.,False,False,True,True,False,False,True,False,False,True,False,False
113,pegadaian gandeng plustik daur ulang ton sampah plastik,False,True,False,False,True,False,False,True,False,False,False,True
52,berhasil olah sampah plastik jadi bbm chandra asri (tpia) minta penerbitan izin distribusi komersial,False,False,True,False,True,False,False,False,True,False,False,True
1403,"proses pencacahan plastik disortir plastik selanjutnya masuk tahap pencacahan. proses paling banyak diminati ditekuni mayoritas penggiat daur ulang plastik. biaya pembuatan mesin cacah plastik tersebut tidaklah murah. sangat disayangkan, padahal kalau semakin banyak penggiat proses pencacahan semakin banyak sampah plastik didaur ulang maksimal. semoga kedepanya usahaa daur ulang plastik mendapat perhatian khusus berbagai pihak membantu menangani masalah sampah tak kunjung usai rongsokan daurulangplastik sampahplastik fyp jangkauanluas green",False,True,False,False,True,False,True,False,False,False,False,True
1015,temuan kunci laporan antaranya adalah: ) tak komitmen mulai menghentikan penggunaan kemasan plastik sekali pakai perusahaan disurvei. solusi ditawarkan daur ulang breakfreefromplastic ourocean ourocean pantangplastik,True,False,False,False,True,False,True,False,False,False,True,False
151,daur ulang sampah plastik indonesia minim menyentuh persen,True,False,False,True,False,False,False,True,False,True,False,False
410,coca-cola europacific partners indonesia (ccep indonesia) baru meresmikan pabrik daur ulang botol plastik polyethylene terephthalate (pet) rabu (//) kawasan industri cikarang bekasi jawa barat.,False,False,True,False,False,True,False,False,True,False,False,True
1613,"kerja borongan kiloan sortir sobek cuci pengeringan pake mesin paham sama ngerti khusunya daur ulang plastik ..yang paham paham kalo minat ,silah kan wa",False,True,False,False,True,False,False,False,True,False,False,True
435,pembangunan pabrik daur ulang pt bumi indus padma jaya memenuhi kebutuhan material pet terus bertambah. jangan sampah plastik pet trusan impor. masa sampah impor trus ?,False,False,True,False,False,True,False,True,False,False,False,True
357,[blog] menggali makna r: mencari solusi lebih berkelanjutan sampah plastik,False,False,True,False,False,True,False,False,True,False,False,True
390,adb tanda tangani pinjaman biru $ juta alba group utk membangun fasilitas daur ulang botol minuman polietilena tereftalat (pet) kendal jawa tengah kurangi limbah plastik laut indonesia. klik utk info lebih lengkap,False,False,True,False,False,True,False,False,True,False,False,True
1285,daur ulang sampah plastik go green,False,True,False,False,True,False,False,False,True,False,False,True
423,fokus resin kemasan pet daur ulang amandina berkomitmen menjalankan praktik industri berkelanjutan,False,False,True,False,False,True,False,True,False,False,False,True
1959,"sampah kecil kalau dibiarkan jadi masalah besar! yuk, mulai simpel buang sampah tempatnya, kurangi plastik, manfaatin daur ulang! pastiin internetan lancar pakai smartfren! rocket persenuntukindonesia smartfrencommunity temanpintarindonesia",False,False,True,False,True,False,False,False,True,False,True,False
1630,"nama produk : pencil case daur ulang kode produk : pencilcase informasi produk . bahan : - terbuat daur ulang plastik - tebal awet - jahitan rapi . fungsi : - tempat pensil - menyimpan alat tulis - karya sanitasi - koleksi . ukuran : cm x cm . cocok kegiatan sehari - hari, souvernir, kegiatan kemasyarakatan, .harga normal rp. .,- harga spesial hari diskon %, harga menjadi rp. .,- ( ongkir ) order pesanan gunakan wa, tulis : [ nama + no. hp + kode barang + nama barang + alamat lengkap ] admin online : fast respon : chat whatsapp : - - - online order : senin - minggu ( . - . ) store fisik & pengiriman : distro daur ulang sampah solo jl. larasati no. kec. serengan kota solo follow di=> •facebook : distrodaurulangsampah •instagran : mengalami kendala order komplain silahkan hubungi tim support : - - ( wida ) ==> senin - minggu ( . - . ) pencilcase pencilcasedaurulang tempatpensillucu alattulisunik atk tempatpensilplastik dompetdaurulang dompetlokal kreasidaurulang tempatpencildaurulang distrodaurulang tokodaurulang ramahlingkungan kerajinandaurulang sampahbawaberkahdaurulanglimbahplastikmanfaatsampahdaurulangsampah",False,True,False,False,False,True,False,True,False,False,False,True
428,gw sih ngarep aqua pake pet sekali pakai sistemnya tukar galon aja cuma galon bekas pakainya depo aqua daur ulang aja. polemik kaset kusut diputer terus.,False,True,False,True,False,False,True,False,False,True,False,False
976,daur ulang sama sekali cukup. % plastik diproduksi berakhir mencemari lingkungan dibakar menjadi polusi udara emisi gas beracun jadi mikroplastik tercecer,True,False,False,True,False,False,True,False,False,True,False,False
812,laksono solusi jangka pendek. kalau mau penglohan sampah jangka panjang prosesnya lama. dsn industrinya mendukung. misal daur ulang sampah plastik punya. kalau mendatangkan perusahaan asing perlu dana. sabar lah dulu miskin.,True,False,False,True,False,False,False,True,False,True,False,False
214,fakta-fakta warga sukoharjo olah sampah plastik jadi bbm solar dijual murah,False,True,False,False,True,False,False,False,True,False,False,True
1779,arif rahman abidin () mengonkretkan hilirisasi limbah diterapkan daur ulang botol plastik. sampah berkurang manfaat dituai lewat rupiah nilai tambah. untukindonesia adadikompas,False,False,True,False,False,True,False,True,False,False,False,True
994,tak jersey kini sepatu berbahan daur ulang plastik,False,False,True,False,True,False,False,True,False,False,False,True
936,tim peneliti universitas ilmu pengetahuan teknologi tiongkok menemukan proses daur ulang plastik polietilena satu lima jenis plastik paling umum bersifat sangat stabil mudah terurai. sumber:,False,False,True,False,True,False,False,False,True,False,False,True
148,dukung gerakan daur ulang kurangi sampah plastik indonesia.,False,False,True,False,True,False,False,False,True,False,True,False
860,negara tingkat daur ulang sangat rendah tak pilihan mengurangi pemakaian plastik. klik:,True,False,False,True,False,False,True,False,False,True,False,False
883,ga gitu sih galon sekali pakai berbahan pet d daur ulang jarang temukan d tumpukan sampah yg banyak tetep botol plastik,False,True,False,True,False,False,True,False,False,True,False,False
436,tengah isu lingkungan semakin mendesak industri daur ulang menghadapi tantangan besar.,False,True,False,False,True,False,True,False,False,False,True,False
824,proses daur ulang sedotan plastik memerlukan biaya sedikit. nilai sedotan plastik daur ulang sangat rendah. berdasarkan bentuknya sedotan plastik sulit daur ulang.,True,False,False,True,False,False,True,False,False,True,False,False
220,industrialisasi zero waste kini ntb mampu olah sampah plastik menjadi solar,False,False,True,False,True,False,False,True,False,False,False,True
1051,industri daur ulang plastik merupakan salahsatu industri yg terdampak besar selama masa pandemi covid- utilisasi produksi mencapai - persen.,True,False,False,False,True,False,False,True,False,False,True,False
1278,plastik daur ulang,False,True,False,False,True,False,False,False,True,False,False,True
655,plastik awalnya dibuat memudahkan kehidupan manusia kini menjadi ancaman. jumlah produksi konsumsi plastik meningkat dibarengi proses daur ulang memadai.,True,False,False,True,False,False,True,False,False,True,False,False
731,talkshow lingkungan pengelolaan sampah bareng indonesia &amp; bogor. kelas daur ulang bareng musik daur ulang begal plastik banyak lainnya!,False,False,True,False,True,False,False,False,True,False,True,False
821,udah tahu nih mkgfriends sekarang loccitane id bekerjasama menawarkan fasilitas daur ulang wadah plastik bekas produk kesayangan kalian. yuk bawa kemasan kosong,False,True,False,False,False,True,False,False,True,False,False,True
1059,[/ : am] : tahukah sampah plastik mencapai hingga juta ton per tahunnya setara berat juta ekor gajah? rendahnya tingkat daur ulang sampah plastik indonesia berada,True,False,False,True,False,False,True,False,False,True,False,False
1454,"assalamualaikum wr wb. mohon ijin admin, moderator, semua member. bengkel bubut sumber jaya ( ) beralamat sidoarjo berpengalaman lebih tahun pembuatan mesin plastik, berniat menawarkan berbagai produk perusahaan kami. melayani pembuatan / perbaikan mesin daur ulang plastik : - crusher / mesin giling plastik - extruder / mesin pelet plastik - mesin tali rafia - straw / mesin sedotan - conveyor - centrifugal / pengering - mesin rafia kiloan - mesin pemilah plastik utk informasi lebih lanjut : telephone : wassap : terimakasih. wassalamualaikum wr wb. "" "" bengkelbubut bengkelbubutsurabaya recycling plasticrecycling daurulangplastik crusher plasticcrusher mesingilingplastik extruder plasticextruder mesinpeletplastik mesintalirafia mesinsedotan mesinpemilahplastik mesinrafiakiloan",False,False,True,False,True,False,False,False,True,False,True,False
860,negara tingkat daur ulang sangat rendah tak pilihan mengurangi pemakaian plastik. klik:,True,False,False,True,False,False,True,False,False,True,False,False
512,sama sama jaga bumi sampah plastik. plastik sangat sulit diurai alami daur ulang plastik cukup mengurangi sampah plastik. sama sama menjadi pelopor perubahan,False,True,False,True,False,False,False,True,False,True,False,False
932,) sistem daur ulang nyatanya dilakukan baik akhirnya menjadi sampah berbeda plastik sekali pakai biasa. ) tak semua plastik didaur ulang. ) plastik daur ulang punya masa laik kualitas berkurang (downcycle),True,False,False,True,False,False,True,False,False,True,False,False
1263,adelia chantika cantik hand with index finger and thumb crossed light skin tonesmiling face with hearts p (proyek penguatan profil pelajar pancasila) pakai bju bekas plastik/daur ulang langkahmu bukti cerdasmu.terus maju kesayangan red heartsmiling face with hearts fbpro fotomanizanakkusmiling face with hearts p,False,True,False,False,True,False,False,True,False,False,False,True
1869,"kirain mau daur ulang tweet sampah jadi lyrics video lagu svt, eh ternyata.. wkwkwk adaa aja emang kebodohan haters tuh loudly crying face",False,True,False,False,True,False,False,True,False,False,True,False
842,gua kerja bagian lingkungan masalah plastik nih emang parah banget sih costnya gede banget kalo mau bikin tempat daur ulang proper. jadi paling cepet dibakar insinerator. emang kesadaran orang tuh rendah banget. sampe berbusa gua tiap minggu sosialisasi,True,False,False,True,False,False,True,False,False,True,False,False
1564,"belakangan heboh medsos tugu pesut simpang lembuswana, bukan cuma samarinda, bahkan viralnya se indonesia. informasi tugu tersebut memiliki tinggi meter, terbuat kontruksi baja berlapiskan kabel plastik daur ulang. inspirasi desain tugu merah menggambarkan siluet pesut mahakam. . . pushpin simpang lembuswana, samarinda, kalimantan timur, indonesia tugu pesut viral samarinda",False,True,False,False,True,False,False,True,False,False,False,True
844,sama (plastik sekali pakai) menjadi penyumbang terbesar kedua sampah plastik merupakan bukti tingkat kesadaran indonesia daur ulang dampak lingkungan plastik sangat rendah.,True,False,False,True,False,False,True,False,False,True,False,False
1268,"[ indonesia darurat sampah plastik ] . hai sohib! . sampah plastik selalu menjadi masalah utama pencemaran lingkungan baik pencemaran tanah maupun laut. sifat sampah plastik mudah terurai, proses pengolahannya menimbulkan toksit bersifat karsinogenik, butuh waktu ratusan tahun bila terurai alami. . pencemaran laut, indonesia merupakan penghasil sampah plastik laut terbesar kedua dunia. penelitian uc davis universitas hasanuddin dilakukan pasar paotere makassar menunjukkan % sampel ikan diambil memiliki kandungan plastik perutnya. . diolah baik, sampah plastik daur ulang menghasilkan keuntungan sebesar rp .. per bulan produksi ton sampah plastik. . pemerintah pusat maupun daerah melakukan berbagai upaya mengurangi dampak negatif sampah plastik. dilakukan bali, tepatnya kabupaten badung, disana dilakukan pengelohan sampah menjadi bahan makar minyak (bbm). kota surabaya, diluncurkan suroboyo bus, tiketnya diperoleh menukarkan sampah plastik. . sampahplastik pencemaranlingkungan pencemaran plastikdaurulang suroboyobus",False,False,True,False,True,False,False,False,True,False,False,True
1441,daur ulang sampah plastik menjadi sparepart motor daurulang daurulangsampah videocerita pakistan daurulangplastik,False,True,False,False,True,False,False,True,False,False,False,True
500,sampahku udah dipilah dus box plastik pet plastik pe pp. tp pas diambil semua dijadi satu. sia sia mana skrg rapel dah ga terima sampah pet. malah sulit mau jual utk daur ulang,False,True,False,True,False,False,True,False,False,True,False,False
791,berarti mengurangi sampah lebih ramah lingkungan ya? perlu dipertimbangkan manajemen sampah kota/negara lain. kalo daur ulang plastik difasilitasi baik bagus. kalo sampahnya cuma ditumpuk aja lebih baik dikurangin. (/),True,False,False,False,True,False,True,False,False,False,True,False
1264,ide kerajinan daur ulang botol plastik menakjubkan taman,False,True,False,False,False,True,False,False,True,False,False,True
856,satu goblok maanfaat fungsinya apa makan beling lebih baik kasih ilmu makan plastik kresek biar daur ulang bumi jadi bersih..,True,False,False,True,False,False,True,False,False,True,False,False
275,kendala sangat banyak . kemiringan lahan sangat terjal .banyak batu batu besar menggelinding kebawah kapan penahan .lahan berupa pasir . banyak pohon pohon besar dicabut . sampah plastik mana .sisa lahan,False,True,False,True,False,False,False,True,False,True,False,False
806,ternyata sampah plastik daur ulang uk ngga diproses negeri malah dikirim asia. parah banget sekarang malaysia jadi salah satu tujuan rrt nolak ekspor sampah plastik. sepertinya indonesia terima sampah investigasi.,True,False,False,True,False,False,True,False,False,True,False,False
787,botol plastik digunakan mengalami proses daur ulang baik benar. botol plastik mengalami daur ulang terurai lambat membutuhkan banyak waktu.,True,False,False,True,False,False,True,False,False,True,False,False
1214,"p : daur ulang sampah plastik tempat sampah pot bungasmiling face with open hands yuuk, jaga lingkungan r (kurangi, gunakan kembali, daur ulang)smiling face with open hands sdnkrenceng proyekprofilpelajarpancasila gayahidupberkelanjutan daurulang daurulangsampah daurulangsampahplastik",False,False,True,False,True,False,False,False,True,False,False,True
261,kasut bergaya sampah plastik? sebuah syarikat nigeria salubata berjaya mencipta kasut modular diubah suai sampah plastik dikitar semula!,False,False,True,False,True,False,False,False,True,False,False,True
97,foto karya seni berbentuk wajah lionel messi dibuat menggunakan ribuan tutup botol plastik daur ulang.,False,True,False,False,False,True,False,False,True,False,False,True
253,sampah gelas plastik aqua jadi salah satu biang kerok peningkatan drastis timbulan sampah bali selama tahun terakhir. isu sejalan permen lhk / menjadi latar belakang munculnya se gubernur bali jelang hari bumi terkait larangan produksi air,False,True,False,True,False,False,False,True,False,True,False,False
898,harusnya lsm tuh lebih mendalami daur ulang plastik terburu mengambil kesimpulan janganmenggiringopini,True,False,False,False,True,False,False,True,False,False,True,False
331,twit bkn nyalahin pandawara tp ditujukan pemerintah yg gamau cari solusi ttg permasalahan sampah plastik. kok umkm yg bergerak bidang pengolahan sampah (aku lupa nama umkm nya) tp sepertinya disupport negara,True,False,False,False,True,False,True,False,False,False,True,False
1700,"cari beli segala macam jenis plastik bekas , daur ulang, harga tergantung jenis kondisi plastik ( plastik bekas bungkus es kristal , plastik bekas bungkus packingan barang toko , plastik bekas cup sealer es teh jumbo ) .siap tampung sebanyak"" nya. jangka panjang siap ambil lokasi yuk , cintai bumi mengumpul kan sampah plastik red exclamation markred exclamation mark yg awal nya sampah biasa jd cuan , menyelamatkan alam dimulai satu langkah kecil diri.jagalah kebersihan , nikmati indahan nya deciduous tree",False,False,True,False,False,True,False,False,True,False,False,True
571,hasil produk daur ulang plastik bukannya tdk mnimbulkan mslh lain. kualitas plastik daur ulang lbh jelek dr plastik baru,False,True,False,True,False,False,False,True,False,True,False,False
1270,aneka bunga plastik daur ulang karya siswa smp negeri bunta. reelfbpro monetisasi fyp plastikdaurulang,False,True,False,False,True,False,False,True,False,False,False,True
501,polystyrene (ps) kode: ciri-ciri: plastik keras busa (styrofoam) digunakan kemasan makanan cepat saji pelapis mainan. daur ulang: sulit didaur ulang sering dianggap bahan berbahaya lingkungan.,False,True,False,False,True,False,True,False,False,True,False,False
880,galon sekali pakai berbahan pet d daur ulang jarang temukan d tumpukan sampah yg banyak tetep botol plastik,False,True,False,True,False,False,True,False,False,True,False,False
1758,modena pure hub dukung gerakan refill &amp; daur ulang plastik cfd sudirman,False,True,False,False,True,False,False,False,True,False,True,False
748,masalahnya sistem daur ulang sampah indonesia sempurna. pelabelan bpa berpotensi meningkatkan sampah plastic akibat naiknya konsumsi plastik sekali pakai bertentangan komitmen pemerintah.,False,True,False,False,True,False,True,False,False,False,True,False
1598,kantin sekolah libur lanjut tugas ter selesai kan .. berkarya daur ulang plastik.. kira² mau bikin apa yaa thinking facethinking face jangkauanluas fhoto daurulangplastik,False,True,False,False,True,False,False,False,True,False,False,True
1273,ide p gaya hidup berkelanjutan membuat bunga plastik bekas sangat kreatif,False,False,True,False,True,False,False,False,True,False,False,True
666,menteri perindustrian airlangga hartarto mengatakan upaya daur ulang plastik alias recycle plastic indonesia kalah negara maju.,True,False,False,False,True,False,True,False,False,False,True,False
1121,manfaatkan bahan limbah plastik galon air minum dg cara daur ulang ubah mnjadi aquarium yg estetik. videoreels motivasi daurulanglimbahplastik jangkauanluassemuaorang,False,True,False,False,False,True,False,False,True,False,False,True
621,kurang edukasi &amp; kebanyakan mau praktis sih. padahal beberapa daur ulang minyak jadikan sabun cuci piring. sampah produk kecantikan/skincare bersihkan lalu jadikan kerajinan. sekarang kan apa dibungkus plastik meski udah dikurangi akhir,True,False,False,False,True,False,True,False,False,False,False,True
463,londoners brand pleatsmama salah satu brand menggunakan kain daur ulang ramah lingkungan koleksi pakaian aksesoris menggunakan daur ulang botol pet koleksi tas. banjjakdaebak,False,True,False,False,False,True,False,False,True,False,False,True
509,plastik mika termasuk jenis sulit didaur ulang.,False,True,False,False,True,False,False,True,False,True,False,False
1052,menarik sejatinya industri kemasan plastik membuat fatamorgana soal daur ulang plastik. selebihnya rekayasa sana sini biar seolah² ramah thd lingkungan. biaya daur ulangnya mahal teknologi.,True,False,False,True,False,False,True,False,False,True,False,False
576,jokowi paksa mal dki gunakan plastik daur ulang,True,False,False,False,True,False,False,True,False,False,True,False
766,nah poinnya. pengolahan daur ulang limbah/sampah plastik sini memadai.,True,False,False,True,False,False,True,False,False,True,False,False
1062,daur ulang bukan solusi tepat kok bisa? direktur eksekutif gidkp tiza mafira mengatakan selama daur ulang plastik indonesia persen. produksi plastik sekali pakai semakin beragam. greenersnews,True,False,False,False,True,False,True,False,False,True,False,False
965,mulailah kecil membaca. sebenernya knapa sih pakai plastik? plastik daur ulang gak sih? sampah plastik apa yg daur ulang sampah plastik mana knapa daur ulang? cara daur ulang plastik gimana?,False,False,True,False,True,False,False,True,False,False,True,False
574,knpa koq malah pake kardus?! koq gk mikir pake yg bhn plastik aj gitu kek.. lbh baik pake yg daur ulang untungnya x. meski wujudnya jelek poll lebih baik kardus yg gk tahan-tahannya sama sekali dg air. ato emng gk thu klo indo musim hujan?!,True,False,False,True,False,False,False,True,False,True,False,False
859,tepatnya plastik kresek yg item. plastik golongan daur ulang level paling rendah alias racun | om,False,True,False,True,False,False,True,False,False,True,False,False
1656,"opini : pendanaan tata kelola sampah plastik sangat penting dukungan finansial memadai, upaya pengelolaan pengurangan polusi plastik sulit dilakukan efektif. berikut beberapa alasan pendanaan krusial: . infrastruktur pengelolaan sampah banyak negara, terutama negara berkembang, kekurangan infrastruktur pengelolaan sampah memadai, sistem daur ulang efisien, fasilitas pemrosesan limbah, tempat pembuangan ramah lingkungan. pendanaan membantu membangun meningkatkan sistem ini. . dukungan ekonomi sirkular mengurangi ketergantungan plastik sekali pakai, diperlukan investasi model ekonomi sirkular, sistem isi ulang penggunaan ulang. ini, investasi sektor rendah, pendanaan tambahan sangat diperlukan mempercepat peralihan solusi lebih berkelanjutan. . pengurangan beban lingkungan kesehatan sampah plastik terkelola baik mencemari lingkungan, merusak ekosistem, bahkan berdampak kesehatan manusia. pendanaan cukup, pemerintah organisasi mengurangi dampak negatif melalui program pembersihan, kampanye edukasi, inovasi teknologi ramah lingkungan. . mendorong tanggung jawab produsen pendanaan berperan penerapan kebijakan extended producer responsibility (epr), mana produsen plastik diwajibkan mendanai pengelolaan limbah produk mereka. memastikan biaya penanganan limbah ditanggung pemerintah masyarakat. . riset inovasi teknologi pengembangan teknologi baru daur ulang lebih efisien bahan alternatif ramah lingkungan memerlukan investasi besar. adanya pendanaan, riset inovasi pengelolaan sampah plastik berkembang lebih cepat. jadi, pendanaan cukup, solusi sulit diterapkan luas, krisis polusi plastik semakin memburuk.",True,False,False,False,True,False,True,False,False,False,True,False
413,perusahaan daur ulang sampah botol plastik (pet) menjadi recycled polyester staple fiber (repsf) pt inocycle technology group tbk (inov) membukukan penjualan sebesar rp miliar tahun tumbuh % rp miliar tahun sebelumnya.,False,True,False,False,False,True,False,True,False,False,False,True
460,lihatlah yg reply. pt mayora indah tbk bukannya fokus limbah galon plastik sekali pakai (minimal support semua program daur ulang galon pet) malah nyewa buzzer. galon pet bebas bpa .. semprul ah.,True,False,False,False,True,False,True,False,False,False,True,False
1241,"ppg pai projek p ""daur ulang sampah plastik menjadi tempat pensil cantik"" ppgpai ppg p sekolah",False,False,True,False,True,False,False,False,True,False,False,True
776,c plastik jadi masalah dunia! produsen semua produk mau perusahaan besar kecil ga tuh mau tanggung jawab bikin tempat daur ulang sampah plastik. ritel cuma kasih tarif tetap biaya dibebankan konsumen. masyarakat ga tertib.,True,False,False,True,False,False,True,False,False,True,False,False
911,daur ulang bukan solusi penyelesaian masalah sampah plastik tingkat produsen. produsen memiliki pembungkus alternatif yg ramah lingkungan. mendaur ulang plastik merta mengurangi timbulan sampah plastik. ecojustice dietkantongplastik goforzerowaste,True,False,False,False,True,False,True,False,False,False,True,False
30,chandra asri (tpia) olah sampah plastik jadi bahan baku aspal jalan tegal emiten,False,True,False,False,True,False,False,False,True,False,False,True
411,galon lm bahannya sama kemasan air mineral ml ml gelas plastik kopi kafe bening keras transparan itu. bahan plastiknya jenis pet. pet daur ulang &amp; salah produk dr daur ulang nya baju hangat.,False,True,False,False,False,True,False,True,False,False,False,True
1764,seluk beluk daur ulang botol plastik air mineral indonesia,False,True,False,True,False,False,True,False,False,True,False,False
1509,"menjajaki# kalimantan timur, kab. penajam paser utara mau menjajaki mencoba usaha daur ulang sampah khususnya plastik. tempat belajar balikpapan salah satu pengusaha daur ulang pelastik mengatakan plastik kerasan tenggelam punya harga akhirnya ditumpukan. kalau jual jawa untungnya masalah ongkos pengiriman memakai fuso sebesar rp jt. mohon bantuan bimbingan buat keluarga besar grup rugi melakukan pengelolaan sampah plastik. terima kasih",True,False,False,True,False,False,True,False,False,True,False,False
1875,mau gimana lagi.. psi udah level sampah daur ulang folded hands,False,True,False,False,True,False,False,True,False,False,True,False
1057,nah tas plastik kayak gini dipakai rasanya kayak plastik dibuat bahan daur ulang (biodegradable - % tanaman),False,False,True,False,True,False,False,False,True,False,False,True
571,hasil produk daur ulang plastik bukannya tdk mnimbulkan mslh lain. kualitas plastik daur ulang lbh jelek dr plastik baru,False,True,False,True,False,False,False,True,False,True,False,False
1897,"anak punya mimpi. rajeg, tangerang, satu paud berdiri. bukan sekadar bangunan, harapan. dindingnya terbuat plastik daur ulang, mengurangi , ton sampah. ruang kelasnya nyaman, siap menyambut anak penuh semangat.",False,False,True,False,True,False,False,False,True,False,False,True
68,exxonmobil sedang mengkaji implementasi teknologi mutakhir daur ulang plastik skala besar indonesia. simak video cara kerja teknologi tersebut.,False,False,True,False,True,False,False,False,True,False,True,False
1864,pas awal rilis gue ngikutin bgt manhwa lama gue hold karna tiap baca dada gue sesek bgt capek nangis mulu. keluarganya bener sampah yg gak daur ulang. bukannya introspeksi diri minta maaf malah playing victim. sampe gue blm sanggup lanjut baca,False,True,False,False,True,False,False,True,False,False,True,False
934,proses daur ulang plastik tahu,False,True,False,False,True,False,True,False,False,False,True,False
442,aneh banget ya? bahan baku sampah plastik pet kurang indonesia padahal sungai mana-mana sampah plastik bertumpuk kok gagal daur ulang?,True,False,False,True,False,False,False,True,False,True,False,False
1120,"daur ulang kreatif: cara memanfaatkan botol bekas menjadi barang bernilai botol plastik bekas sering kali menjadi limbah mencemari lingkungan. padahal, sedikit kreativitas, botol bekas diubah menjadi barang lebih bermanfaat, pot tanaman, tempat penyimpanan, bahkan kerajinan dekoratif. artikel membahas cara-cara memanfaatkan botol bekas mudah langkah-langkah pembuatannya. tahapan memanfaatkan botol bekas . menentukan ide pemanfaatan mulai, tentukan fungsi baru botol bekas. beberapa ide kreatif meliputi: pot tanaman vertikal tempat penyimpanan alat tulis wadah sabun cair lampu hias botol plastik . mengumpulkan alat bahan persiapkan botol bekas digunakan alat pendukung seperti: gunting cutter lem tembak cat spidol dekorasi tali, kain, bahan tambahan lainnya . membersihkan menyiapkan botol cuci botol sabun menghilangkan sisa isi bau. keringkan digunakan lebih mudah diolah. . memotong membentuk sesuai kebutuhan gunakan gunting cutter memotong botol sesuai desain diinginkan. hati-hati memotong hasilnya rapi melukai tangan. . menghias menyempurnakan bentuk tambahkan warna, gambar, elemen dekoratif hasilnya lebih menarik. digunakan pot tanaman, buat lubang kecil bagian bawah drainase air. . menggunakan merawat hasil daur ulang selesai, gunakan hasil kreasi sesuai fungsinya. membuat pot tanaman, pastikan tanaman mendapatkan perawatan baik tumbuh subur. kreativitas, botol bekas menjadi sampah berubah menjadi barang bermanfaat estetis. membantu mengurangi limbah plastik, menjadi peluang usaha mencoba bisnis daur ulang. cara tips ideas",False,True,False,False,False,True,False,False,True,False,False,True
596,justru tempat pengolahan sampah (plastik kertas) daur ulang indonesia kekurangan sampah diolah hingga terpaksa impor sampah luar. kurang manajemen sampah ga terbiasa misahin sampah dr level rumahan,True,False,False,True,False,False,True,False,False,True,False,False
344,plana (plastic for nature) perusahaan inovatif didirikan juan aprilliano chandra &amp; keluarganya mengatasi masalah limbah plastik sekaligus menciptakan solusi ramah lingkungan. simak perjalanan inspiratif plana lebih lengkap,False,False,True,False,True,False,False,True,False,False,True,False
1414,ternyata proses daur ulang botol plastik jadi pipa pvc begini yaa,False,True,False,False,False,True,False,True,False,False,False,True
1061,mengurangi kalah penting mengolah nya.. . repost from balroom (repost media app) . tahukah % plastik benar-benar didaur ulang? daur ulang dasarnya,False,False,True,False,True,False,True,False,False,False,True,False
1720,csr unilever indonesia fokus tiga pilar utama: kesehatan pendidikan lingkungan hidup. program edukasi gizi unilever menjangkau lebih juta anak indonesia pelatihan keterampilan . perempuan pelaku umkm kampanye daur ulang kemasan plastik,False,True,False,False,True,False,False,False,True,False,False,True
1137,bonsai daur ulang limbah plastik.. :),False,True,False,False,True,False,False,False,True,False,True,False
239,tangani masalah sampah buangdisini aktif beli olah sampah plastik,False,True,False,False,False,True,False,True,False,False,False,True
425,satu tiga botol diedarkan coca-cola indonesia terbuat % plastik pet daur ulang. newsupdate update news text,False,True,False,False,False,True,False,True,False,False,False,True
1183,daur ulang sampah plastik,False,True,False,False,True,False,False,False,True,False,False,True
111,kunjungan services indonesia salah satu mitra bisnis daur ulang -aqua memastikan sampah kemasan plastik dikumpulkan diolah standar menjadi material rpet (recycle pet) untukbahan baku botol plastik baru. bijakberplastik,False,True,False,False,False,True,False,True,False,False,False,True
835,kenapa? laku dijual sisa penggilingan sisa produk berkualitas rendah dsb. perjalanan sampah plastik jalur sektor daur ulang cukup panjang bila dibandingkan perjalanan sampah plastik jalur menuju tpa.,False,True,False,True,False,False,True,False,False,True,False,False
1084,mestinya kab/kota bangun pabrik daur ulang sampah anorganik-pabrik pupuk organik-pltsampah-tpst shg residu sampah sedikit sampah plastik terolah tingkatkan pad tpst lbh bersih.,False,True,False,False,False,True,False,False,True,False,False,True
1658,"rahajeng semeng, kemaren sore team bumdes carangsari, disampingi bapak perbekel, diskusi pengelolaan sampah desa bersama adupi (asiosiasi daur ulang plastik indonesia) berkantor pusat tangerang, dillakukan mengingat persoalan sampah merupakan persoalan bersama sepanjang masa. goal pertemuan lah bgm sampah carangsari kelola menghasilkan nilai ekonomis, buang petang. masyarakat diminta berperan aktif memilah sampah mulai rumah, selanjutnya petugas mengambil sampah didepan rumahnya minimal hari sekali. memang iurannya relatif rendah, menjadi perhatian, bersama kelola sampah mulai rumah kita. pertemuan berlangsung triyana resort, terimakaih atu gusde, sdh memfasilitasi pertemuan",False,True,False,False,False,True,False,False,True,False,False,True
165,deklarasi monumental ditandatangani ketua umum/sekjen sejumlah lembaga dimotori asosiasi daur ulang plastik indonesia( adupi) kemudian asosiasi bank sampah indonesia (asobsi) indonesia plastic recyclers (ipr) ikatan pemulung indonesia (ipi),False,False,True,False,True,False,False,True,False,False,True,False
1682,sehari sesi kelas daur ulang plastik calon guru saksikan youtube channel taufiq saguanto,False,True,False,False,True,False,False,False,True,False,True,False
1287,kamu tahu maksud kode nomor kemasan plastik? tujuan kode nomor berguna mengidentifikasi jenis plastik apa digunakan sebuah produk plastik. berikut terdapat tanda simbol daur ulang kemasan plastik: energijatim recycle plastik daurulang plastikdaurulang,False,True,False,False,False,True,False,True,False,False,False,True
254,keren banget ini.. warga gunungpati semarang ubah sampah plastik jadi bahan bakar minyak,False,True,False,False,True,False,False,False,True,False,False,True
148,dukung gerakan daur ulang kurangi sampah plastik indonesia.,False,False,True,False,True,False,False,False,True,False,True,False
1341,"bikin pot cantik botol bekas, potnya membantu pengolahan sampah plastik menjadi lebih bermanfaat potplastik potunik potbotol sampahplastik mengolahsampahplastik fyp reel viral tips",False,True,False,False,False,True,False,False,True,False,False,True
1246,bunga hias daur ulang sampah plastik bekas bungkus makanan kucing kerajinan bungahiasplastik viral reels fbpro fyp,False,True,False,False,True,False,False,False,True,False,False,True
757,ingatkan semua mengurangi plastik daur ulang &amp; buang sampah sembarangan. sayang sistem daur ulang indonesia bagus. tadi marah waktu belanja disuruh bayar tas plastik. bilang bayar kalau butuh jgn kasih tas plastik!,False,True,False,True,False,False,True,False,False,True,False,False
1259,beginilah cara mengolah botol plastik bekas/ botol menjadi biji plastik daur ulang inilah hasilnya backhand index pointing downbackhand index pointing downbackhand index pointing down selamat menonton jangan skip biar tahu semuanya caranyathumbs upbeaming face with smiling eyesflexed biceps cara mengolah botolbekasplastik jadi biji plastik daurulang vod fyp viral lewatberanda jangkauan semuaorang mamanyaputra,False,True,False,False,False,True,False,False,True,False,False,True
765,. artinya jenis plastik dilakukan daur ulang. pemerintah menargetkan limbah plastik didaur ulang tahun menyentuh hingga angka %,False,True,False,False,False,True,True,False,False,False,False,True
1786,rangka meningkatkan kesadaran pentingnya menjaga lingkungan mahasiswa universitas udayana tergabung komunitas penerima beasiswa yayasan karya salemba empat (kse) menggelar acara edukasi pelatihan daur ulang plastik.,False,False,True,False,True,False,False,False,True,False,True,False
114,penelitian ungkap pelet plastik daur ulang indonesia mengandung bahan kimia beracun konsentrasi tinggi tempotekno,False,True,False,True,False,False,True,False,False,True,False,False
1892,"sih bukan masalah masyarakat aja nder, pemerintah punya andil juga. soalnya banyak tempat pembuangan akhir membludak kebanyakan ga pengelolaan sampah lebih lanjutnya (daur ulang), cuma kurang % sampah didaur ulang puluhan juta ton.",True,False,False,True,False,False,True,False,False,True,False,False
482,makin aktifnya korporasi yg menggunakan plastik daur ulang jenis pet u/ dijadikan kemasan baru / bahan baku (garmen) bermunculannya bank sampah jabodetabek. yg perlu disuluh lebih intensif lg masyarakat bs aktif melakukan pemilahan sampah,False,False,True,False,False,True,False,False,True,False,False,True
1381,pt tempat kerja si papi didatangi wakil gubernur kota batam.. kali papi mendampingi menjelaskan pengolahan sampah plastik jadi product selanjutnya papi jadi gubernurnya amin smiling face with halo,False,True,False,False,True,False,False,False,True,False,False,True
744,negara maju punya solusi berkelanjutan daur ulang limbah plastik terkontaminasi,True,False,False,False,True,False,True,False,False,False,True,False
987,tingkat daur ulang sampah plastik indonesia persen,True,False,False,True,False,False,True,False,False,True,False,False
1220,tempat daur ulang sampah plastik terbesar asia tenggara?! jerhemyowen vlogowen education fbreels reels,False,False,True,False,True,False,False,False,True,False,True,False
1515,cari plastik pe bersih yg siap proses harga cocok siap jemput estimasi pengambilan atas ton inpo wa :,False,True,False,False,False,True,False,False,True,False,False,True
438,catet ygy galon pet lebih gampang daur ulang ternyata,False,True,False,False,False,True,False,True,False,False,False,True
1224,"p, daur ulang sampah plastik, fyp reels vidio daurulang sampahplastik fbpro jangkauanluas semuaorang",False,True,False,False,True,False,False,False,True,False,False,True
1653,"wajib daur ulang – pemerintah jepang mewajibkan daur ulang bahan plastik digunakan kantor pabrik paling cepat mulai april menaikkan tingkat daur ulang sampah plastik rendah dihasilkan kegiatan perusahaan. , juta ton sampah plastik dihasilkan jepang , , juta berasal sektor korporasi, sebagian besar dibakar. pemerintah mengajukan rancangan undang-undang (ruu) mewajibkan perusahaan, termasuk perusahaan kecil, mendaur ulang sampah plastik sidang parlemen tahun depan. panel ahli mendukung proposal kementerian ekonomi, perdagangan industri kementerian lingkungan hidup ini. berdasarkan rencana tersebut, penghasil limbah besar diminta memisahkan plastik sampah menyerahkannya perusahaan daur ulang. meskipun perusahaan kecil dibebaskan kewajiban tersebut, diminta meningkatkan upaya daur ulang. pemerintah memutuskan awal tahun mendaur ulang sepenuhnya , juta ton sampah plastik dihasilkan rumah tangga tahun. beberapa kota memiliki sistem mengumpulkan sampah kemasan plastik, baki makanan botol, barang-barang mainan alat tulis sebagian besar dibakar dibuang tempat pembuangan sampah. kementerian mengusulkan mewajibkan pengecer restoran mengurangi penggunaan plastik sekali pakai sedotan sendok, mendesak bertanya pelanggan sebelumnya menggunakan plastik tersebut meningkatkan penggunaan bioplastik. pemerintah mempromosikan pengurangan penggunaan daur ulang plastik konservasi sumber daya pengendalian polusi, bertujuan memangkas limbah plastik sekali pakai hingga % . lebih juta ton sampah plastik diperkirakan mengalir lautan tahun, menyebabkan polusi mikroplastik, mana potongan-potongan kecil plastik terdegradasi menyerap bahan kimia berbahaya menumpuk ikan, burung, hewan naik rantai makanan. jangan ketinggalan info menarik soal jepang indonesia instagram twitter kanal haljepofficial youtube",True,False,False,True,False,False,True,False,False,True,False,False
538,fakta lapangan emang botol pet adlh jenis plastik yg banyak diminati pemulung krena nilai jualnya paling tinggi. botol pet jernih/transparan kalo didaur ulang lebih fleksibel penggunaannya lebih mudah diolah..,False,True,False,False,False,True,False,False,True,False,False,True
313,soal pabrik daur ulang plastik pemkot tasikmalaya tak berkutik bodoh kalian pakai regulasi lingkungan hidup donk kalian,True,False,False,False,True,False,False,True,False,False,True,False
1368,proses pengolahan sampah plastik semua orang reel,False,True,False,False,True,False,False,False,True,False,True,False
759,buat tahu aqua life inovasi botol % daur ulang pertama indonesia % didaur ulang kembali. tentunya lebih ramah lingkungan proses pembuatannya menggunakan plastik baru.,False,False,True,False,False,True,False,True,False,False,False,True
159,pt alba tridi plastics recycling indonesia mendapatkan pinjaman hq pembangunan fasilitas daur ulang plastik pet indonesia Indonesia. alba group perusahaan daur ulang jerman berkiprah beberapa negara asia termasuk indonesia. IndonesiaGermany,False,False,True,False,False,True,False,True,False,False,False,True
216,mnc peduli mnc sekuritas ajak anggota pkk bantar gebang olah sampah plastik mncpeduli,False,False,True,False,True,False,False,False,True,False,True,False
1534,"telat post lomba jambore pkk se kab lombok timur kec masbagik juara lomba pengolahan daur ulang sampah plastik yg wakili desa kesik (rumah kreatif linsi) juara utk tim jinggle komando ibu kades paokmotong, alhamdulillah.. rumahkreatiflinsi fbpro",False,True,False,False,True,False,False,False,True,False,False,True
1622,"anker powerbank mah - a honest review pro - build quality solid banget padahal bahannya plastik daur ulang - user friendly, gampang dipakai - garansi panjang (belum tau gampang ribet garansiinya) - kabel bawaan udah cukup buat cas -w - handlingnya enak kabelnya jadi gantungan, pegangannya enak bodynya cons - mahal, diharga sama acmic digimaxx mah. loh kok ga kuambil ? entahlah - bahan plastik, dianggap murahan sama tongkrongan - ukuran mah terbilang terlalu gede menurutku, terlalu makan tempat hey masalah woman dancing",False,True,False,False,False,True,False,True,False,False,False,True
507,selalu kontroversi marketing aqua suka nyeleneh udah jelas sampah plastik galonya sulit daur ulang bilang peduli lingkungan,False,True,False,True,False,False,False,True,False,True,False,False
1342,membangun pabrik pengolahan sampah plastik menjadi bahan bakar minyak (bbm) jenis solar science technology and industrial park (stipark) banyumulek kapasitas ton per hari. pt. geo trash management (gtm) selaku investor mengembangkan pabrik skala besar wilayah tpa regional kebon kongok kapasitas ton per hari.,False,False,True,False,True,False,False,True,False,False,False,True
615,@ lisdafebri engga ka kalo platform daur ulang kaya gini justru sampah bekasnya bakal diancurin utk jd biji plastik yg kemudian dipake utk bikin barang plastik kaya botol gelas plastik dll. kurang lebihnya kaya gini ka prosesnya *cmiiw,False,True,False,False,False,True,False,False,True,False,False,True
914,daur ulang? sayangnya daur ulang bukanlah solusi utama pengurangan sampah plastik. kebanyakan plastik dibiarkan mencemari lingkungan bahkan termakan satwa laut. pantangplastik breakfreefromplastic,True,False,False,False,True,False,True,False,False,False,True,False
982,perusahaan-perusahaan ternama pepsi terus meningkatkan penggunaan kemasan plastik sekali pakai. solusi kerap ditawarkan mereka? daur ulang. breakfreefromplastic ourocean ourocean rethinkingconvenience isthisyours,True,False,False,True,False,False,True,False,False,True,False,False
1588,mesin plotot plastik daunan plastik gilingan kondisi mesin sangat layak pakai..lokasi gresik minat wa,False,True,False,False,True,False,False,False,True,False,True,False
101,halo sobat laut sedang berlangsung fgd penyusunan pedoman pengelolaan sampah plastik alat penangkapan ikan ayo kembangkan industri daur ulang alat tangkap ikan indonesia minim aldfg marinedebris tknpsl,False,False,True,False,True,False,False,True,False,False,True,False
318,umkm kota tangerang berhasil daur ulang sampah plastik - kabarklik beritaterkini news newsupdate kabarklik,False,True,False,False,True,False,False,False,True,False,False,True
1513,"daur ulang pemanfaatan sampah plastik paving block sampah plastik menjadi permasalahan terselesaikan hingga ini. berbagai ajakan daur ulang plastik digaungkan sampah plastik tak terbuang sia-sia hingga mencemari lingkungan. tak ketinggalan xie li kaltim , relawan dharma wanita unit mwhe giat melakukan kegiatan daur ulang sampah plastik. kali sj. umi kalsum mencoba memanfaatkan sampah plastik menjadi bahan campuran membuat paving block. cara pembuatannya cukup sederhana, mencampur pasir sampah plastik dimasak hingga meleleh, kemudian dicetak dibiarkan mengeras. hasil paving block dibuat ternyata memiliki kualitas cukup baik dipergunakan bahan bangunan. tzuchisinarmas xielikaltim dhawakaltim dhawakaltimbergerak jejakcintakasih sebarkankebaikan daurulangplastik",False,False,True,False,False,True,False,False,True,False,False,True
674,nope daur ulang sampah plastik indonesia rendah banget. kebanyakan sampah plastik terkelola baik tpa berakhir mencemari lingkungan baik darat maupun perairan. cmiiw kehigenisan kualitas so called daur ulang terjamin.,True,False,False,True,False,False,True,False,False,True,False,False
1348,"angin semilir membawa aroma kompos bilik-bilik pengolahan sampah makanan perumahan jatinegara baru, jakarta timur. “aromanya tape. [aroma] asam enak, aroma manis. bukan bau busuk,” kata shanty syahril, koordinator koperasi kompos perumahan itu. “kalau dikelola benar, sampah dapur ternyata enggak bau busuk. melakukan fermentasi,” imbuhnya. shanty memulai inisiatif mengompos garasi rumahnya . hidup melambat pandemi, mengaku banyak orang mulai rajin berkebun, termasuk dirinya. mulai mengolah sampah makanan rumahnya sendiri. lama-kelamaan, aktivitas dilakukan bersama-sama. rumah bersedia bergabung,” ujar shanty, mengatakan komunitas berkembang cepat, sampai-sampai garasi rumahnya tak cukup mengolah sebanyak sampah makanan. , pihak rw setempat mengizinkan shanty ibu tergabung koperasi kompos menggunakan sebidang tanah kini menjadi ‘taman kompos’. jauh kumuh, taman tengah-tengah perumahan tampak bersih rapi. ini, rumah kompleks perumahannya, rumah berkontribusi. sepekan, kg sampah makanan dikumpulkan pekerja koperasi kompos. memilah sampah dapur menjadi kebiasaan dianggap “ribet” sini. safroni, misalnya, punya tiga buah tempat sampah dapurnya. satu tong sampah organik kulit buah sisa sayuran, satu tong sampah plastik, satu tong lainnya sampah kertas. “saya menanamkan anggota keluarga rumah. kalau buang saja, memindahkan sampah. kalau dipilah, sampah organik jadi kompos, sampah anorganik diterima pemulung,” bebernya. sampah organik warga kemudian dicampur bilik-bilik tempat ‘memasak’ sampah makanan menjadi kompos. termometer, shanty menunjukkan suhu sampah diproses menunjukkan - derajat celcius. “artinya, proses kompos sedang berlangsung,” kata shanty. kompos dihasilkan kemudian dibagikan pupuk warga. sebagian kecilnya dijual rw setempat memupuk taman-taman komunal perumahan. shanty mengakui, penjualan pupuk kompos tak seberapa. dana operasional koperasi kompos berasal kocek pribadi shanty donatur. namun, uang memang bukan tujuan utama dirinya membentuk inisiatif ini. “kalau mengurangi sampah, dikelola sampah makanan. selama ‘naik daun’ daur ulang bahan-bahan anorganik. sampah makanan dipandang sebelah mata,” berujar. padahal, dia, lebih mudah mencegah pemakaian sampah anorganik plastik. “sementara hidup makan.” sumber : bbc news indonesia",False,True,False,True,False,False,False,False,True,True,False,False
498,other (bervariasi) kode: ciri-ciri: beragam jenis plastik lainnya termasuk polikarbonat abs plastik multi-layer. daur ulang: tergantung jenis plastik sering kali sulit didaur ulang kompleksitas komposisi bahan.,False,True,False,False,True,False,True,False,False,True,False,False
572,jelek bgt kan keliatan kaya plastik putih daur ulang,False,True,False,True,False,False,False,True,False,True,False,False
263,amdk gelas plastik sampah kecil mencemari lingkungan,False,True,False,True,False,False,False,True,False,True,False,False
521,zone az @ anakkolong ri haha emang sih galon isi ulang tuh plastik paling berbahaya sulit daur ulang menyebabkan pencemaran lingkungan terus kalau pakai sehari hari² memparkan senyawa bpa,False,True,False,False,True,False,True,False,False,True,False,False
1680,daur ulang sampah plastik mu mencemari lautan,False,True,False,False,False,True,False,False,True,False,False,True
1517,"daur ulang = barang bekas gunakan menjadi berguna. kalo bahannya dibeli ditoko, bukan daur ulang namanya.. paham? tujuannya daur ulang membuat barang baru bermanfaat, mengurangi sampah.. contohnya, sampah plastik, botol, kertas, kaca lain.. banyak yg salah paham.. bahan utama beli baru utk membuat sesuatu.. bukan mengurangi sampah.. bahkan malah menambah sampah.. eh eh eh..saya bukan ahlinya neh.. cuma gemes dg fenomena beranda fb hari ini.. ponakanku yg cantik calista n ghaitsa,,bisa juara.. jelas kekurangannya dimana.. ?? kategory daur ulangnya udah pas bener.. trs kurangnya dimana.. bukan menerima kekalahan.. tp kalo suatu lomba unsur manipulatif nilai.. mendingan usah bikin lomba.. !!",True,False,False,True,False,False,True,False,False,True,False,False
681,indonesia daur ulang plastik pascakonsumsi baru mencapai tujuh persen persen bahan baku berasal impor.,True,False,False,False,False,True,True,False,False,False,False,True
79,| baru aqua | air mineral bermerk aqua selalu berbuat kebaikan masyarakat setempat indonesia. warga palestina jauh disana. aqua sedang membangun sumur resapan bentuk inovasi daur ulang plastik.,False,False,True,False,True,False,False,True,False,False,True,False
181,kreatif! diblokade israel warga gaza olah sampah plastik jadi bahan bakar -,False,True,False,False,True,False,False,False,True,False,False,True
325,akhirnya kesampaian main visualisasi pakai sankey diagram cara lebih praktis hehehe bikinnya sini postingan lengkapnya (bahas potensi solusi krisis limbah plastik) plasticrecycling postconsumerplastic,False,False,True,False,True,False,False,False,True,False,True,False
682,indonesia nambah sampah plastik jangan salahkan pihak pabrik salahkan diri semua. sampah plastik bukan dibuang sembarangan ataupun dibakar tp didaur ulang menjadi plastik yg baru. sistem daur ulang jelek disini.,True,False,False,False,False,True,True,False,False,False,False,True
280,gunungpati ubah sampah plastik jadi bbm pemkot semarang dorong uji laboratorium kecamatan gunungpati ubah sampah plastik jadi bbm. pemkot semarang gandeng universitas uji laboratorium dukung inovasi ramah lingkungan.,False,False,True,False,True,False,False,False,True,False,True,False
459,pt inocycle technology group tbk (nov) perusahaan daur ulang limbah plastik jenis pet [polyethylene terephthalate] menambah lini bisnis baru pembuatan resin/chips daur ulang. selengkapnya,False,False,True,False,False,True,False,True,False,False,False,True
697,negara udah bahas ekspedisi angkasa mobil tenaga listrik daur ulang sampah plastik. sini urusin agama ijin beribadah,True,False,False,False,True,False,True,False,False,False,True,False
981,rujak sedang menggali ulang sejarah bantar gebang eh malah ketemu ini. tahun menyimpulkan daur ulang menyelesaikan sampah plastik. yg menyelesaikan perubahan pola konsumsi.,True,False,False,True,False,False,True,False,False,True,False,False
259,juta ton sampah plastik setahun yg diproduksi manusia! gila!! image from,False,True,False,True,False,False,False,True,False,True,False,False
1863,"dulu seorang wanita membuangku layaknya sampah laki² lebih dariku. sekarang,sampah daur ulang seorang ratu nerima seorang sampah sepertiku.",False,True,False,False,True,False,False,True,False,False,True,False
709,anak muda belanda berhasil buat mobil plastik daur ulang ribut shalat ied dekat gereja,True,False,False,False,True,False,False,True,False,False,False,True
823,penggunaan kantong plastik tinggi tingkat daur ulang rendah,True,False,False,False,True,False,False,True,False,True,False,False
798,iyah sih mb disini tempat daur ulang plastik lagian sekarang satu-satunya cara efisien,False,True,False,True,False,False,True,False,False,True,False,False
723,tau gak sih kamu daur ulang pilah kemasan plastik pakai ulang bertuliskan (pet) makan kemasan plastik tersebut diterima perusahaan daur ulang indonesia semangatsalingbantu,False,True,False,False,False,True,False,False,True,False,False,True
745,adupi: industri daur ulang plastik pulih tahun depan,True,False,False,False,True,False,True,False,False,False,True,False
483,wujudkan praktik bisnis ramah lingkungan pt namasindo plas gunakan energi surya pembuatan botol pet daur ulang,False,True,False,False,False,True,False,False,True,False,False,True
294,apapun yg dihitungnya dgn berat cara curangnya kmrn habis ngobrol sama pengusaha daur ulang yg cerita sering batu/pemberat dlm sampah plastik bekas bangsa yg pintar &amp; kreatif utk korupsi,True,False,False,False,False,True,False,True,False,False,False,True
143,keren rebricks indonesia daur ulang sampah plastik jadi bahan bangunan,False,True,False,False,True,False,False,False,True,False,False,True
702,lah. kan larinya daur ulamg kemasan² kecil banyak yg tak terdaur ulang. makanya sampah plastik danone aqua yg mendominasi berbagai tempat. mau nyangkal? ahelah..,False,True,False,True,False,False,True,False,False,True,False,False
1174,ujian praktek kelas xi seni terapan daur ulang sampah plastik kresek insyaallah tahun depan kelas xi dibagi banyak kelompok banyak penampilan pesertanya smiling face with heartssmiling face with heartssmiling face with hearts maafkamimasihperdana smansingkohor,False,False,True,False,True,False,False,False,True,False,False,True
1338,presentasi hasil pengolahan sampah plastik anak kelas sd videoondemand vod presentasi sampahplastik pengolahansampahplastik anakkelassatusd viral fyp,False,True,False,False,True,False,False,True,False,False,False,True
1248,tutorial lengkap membuat bunga hias daur ulang sampah plastik bekas bungkus makanan kucing tutorial kerajinan bungahiasplastik viral vod fbpro fyp jangkauanluas,False,False,True,False,True,False,False,False,True,False,False,True
704,intinya proses daur ulang pilihan paling akhir. jadi sampah plastik yg jangan langsung daur ulang. kalau dicuci digunakan tidak? tetep dilihat jenis plastik nya.,False,True,False,True,False,False,True,False,False,True,False,False
1042,mau nya daerah udah pengolahan daur ulang sampah plastik. memang sangat mengkawatirkan. selokan penuh plastik bekas minuman. sy mampu membersih kan tmpt tinggal sj,True,False,False,False,True,False,True,False,False,False,True,False
1372,presiden jokowi sedang melakukan kunjungan bank sampah banjarnegara mengecek pengolahan sampah plastik menjadi bahan bakar terbarukan.,False,True,False,False,True,False,False,False,True,False,False,True
489,sampah plastik dihasilkan sulit terdegradasi daur ulang alami butuh kepedulian banyak pihak mendapatkan solusinya. simak selengkapnya insight with hari pukul . wib,False,True,False,True,False,False,False,True,False,True,False,False
1317,cara membuat bunga unik plastik bekas craft tutorial daurulang kerajinantangan,False,True,False,False,True,False,False,True,False,False,False,True
1361,"pengolahan sampah plastik menjadi bbm, alternatif mengatasi permasalahan sampah plastik ketahanan energi semuaorang bbm limbahplastik",False,False,True,False,True,False,False,False,True,False,False,True
711,disini plastik gampang bet dapetnya trus tempat pengelolaan daur ulang plastik sedikit jadinya numpuk gitu akhirnya,False,True,False,True,False,False,True,False,False,True,False,False
606,salah satu program pemerintah dunia mengurangi prosuksi baru plastik diantaranya daur ulang produk plastik berbagai bentuk baru seperti: kursi meja wajah dll. hasil instalasi plastik wajah kurang memuaskan mungkin via bpjs.,False,True,False,False,False,True,False,True,False,False,False,True
989,bila kebijakan perusahaan pemerintah sebatas daur ulang menggunakan plastik ramah lingkungan target indonesia mengurangi % sampah plastik lautan hanyalah sekadar angan-angan bapakperusakalam bapakperusakalam,True,False,False,True,False,False,True,False,False,True,False,False
958,selama beberapa dekade berfokus usaha meningkatkan daur ulang bukti bertambah menunjukkan daur ulang cukup menyelesaikan permasalahan sampah plastik.,True,False,False,False,True,False,True,False,False,False,True,False
794,kalau memang tau apa rencana pupr depannya. betul emang dananya gak sedikit terutama buat riset diterapkan jalan umum sini terus seberapa kekuatan-ketahanan aspal itu. terobosan baru buat daur ulang sampah plastik lah,False,False,True,False,True,False,True,False,False,False,True,False
1775,melalui program gesn le minerale berbagai pihak mengolah sampah plastik menjadi produk daur ulang berkualitas tinggi. cek selengkapnya:,False,True,False,False,False,True,False,False,True,False,False,True
1066,ternyata plastik daur ulang buat emoney,False,False,True,False,True,False,False,False,True,False,True,False
249,news antaranews antaranews aremaniainfo kelompok ekowisata desa kulati olah sampah plastik jadi bbm solar news,False,True,False,False,True,False,False,True,False,False,False,True
1127,"sma pangudi luhur jakarta kini menggunakan meja kursi belajar terbuat kg limbah plastik daur ulang! . inisiatif ramah lingkungan merupakan hasil kolaborasi , , , berhasil mengubah sampah plastik menjadi set meja kursi ruang kelas. langkah inovatif membantu mengurangi limbah, memberikan solusi berkelanjutan dunia pendidikan. . source by wastgood . space to grow into an architect & designer . arsitekturpedia duniaarsitektur arsitektur arsitek arsitekjakarta arsitekindonesia infoarstek infosayembara infodunia tokoharsitek",False,False,True,True,False,False,False,False,True,False,False,True
1832,cerita bersama anak lanang hari pov: nonton video orang karnaval pakai baju daur ulang ibu pakai baju kayak gitu. daun daun plastik? namanya pakaian daur ulang. tau daur ulang gak? gak tau kasian kali gapunya baju jadi pake plastik,True,False,False,False,True,False,True,False,False,False,False,True
1740,manca inacraft produk tas berbahan plastik daur ulang umkm binaan waskita diborong pembeli mancanegara n,False,False,True,False,True,False,False,True,False,False,False,True
1893,"makanya guys, buang sampah tempatnya, belajar milah sampah sesuai warna tempat sampah, belajar daur ulang yg sederhana jd ala ala diy. yuk mulai kecil kitatulip. emang ga jijik tuh sampah pas banjir ngambang semua? iwh",False,False,True,False,True,False,False,False,True,False,False,True
1708,sepertinya botol plastik aja daur ulang sayuran jg daur ulang rolling on the floor laughingrolling on the floor laughing alot mental mentalgrimacing facegrimacing face,False,True,False,False,False,True,False,True,False,False,True,False
1625,"move on acara karnaval desa karangan kali ibu rete suwelas sepakat membuat tema ""daur ulang, membuat baju bahan-bahan sampah plastik rumah tangga. maskot memakai baju berbahan dasar sampah plastik, karung bekas, kobot jagung, gelas ale, botol bekas dll. rasa minder menari penuh percaya diri energik woman dancingwoman dancingwoman dancing dewan juri keberadaannya ketahui karna posisinya nyamar hehe,,mereka mengakui terpesona hasil karya daan alhmdulillah rt mendapatkan juara , barokallaah palms up together bukan juara mnjadi tujuan kami,, berkarya memperingati hut ri , menunjukkan hasil karya luar biasa face blowing a kissface blowing a kiss kekompakan, kebersamaan guyup rukun rete suwelas paling utama :smiling face with heart-eyes:smiling face with heartssmiling face with hearts semoga kedepannya berkarya lebih baik lagi, bekarya yg lebih bermanfaat, berkarya mendapat kan penghasilan bahan terbuang ,,aamiinpalms up togetherpalms up togetherpalms up together karyaiburetesuwelas guyuprukunretesuwelas karangan",False,False,True,False,False,True,False,False,True,False,False,True
350,momentum penting peringatan hpsn dlh lumajang menggelar serangkaian kegiatan mencerminkan komitmen memberikan solusi konkret mengatasi masalah sampah terutama sampah plastik. jumat (//) selengkapnya:,False,False,True,False,True,False,False,True,False,False,False,True
983,tahun sadar daur ulang memecahkan sampah plastik memperpanjang umurnya (bayangkan manusia punya umur thn tiap hari nganak ). cara mengubahnya: pola konsumsi berubah.,True,False,False,True,False,False,True,False,False,True,False,False
1739,sepanjang tahun lebih . tukik dilepasliarkan habitat aslinya. jumlah tersebut tukik merupakan hasil konversi botol plastik dikumpulkan masyarakat melalui mesin daur ulang bakti bca.,False,False,True,False,False,True,False,True,False,False,False,True
655,plastik awalnya dibuat memudahkan kehidupan manusia kini menjadi ancaman. jumlah produksi konsumsi plastik meningkat dibarengi proses daur ulang memadai.,True,False,False,True,False,False,True,False,False,True,False,False
1826,per last news buang tps sih mungkin jadi saran utk grup kerja sama dgn perusahaan yg daur ulang plastik. toko mainan aja udh mulai kek gini (mainan yg udh ga dipake/rusak dicollect &gt; didaur ulang &gt; jadi barang fungsional).,False,True,False,False,True,False,False,False,True,False,True,False
1365,recycle proses pengolahan sampah bahasa inggrisnya mengenal proses daur ulang barang terpakai menjadi barang berguna. tujuan utama melakukan recycle mengurangi sampah plastik menumpuk dijadikan produk bernilai. bara catra sedang mendaur ulang sampah botol kardus menjadi bahan berguna. menjadi tempat pensilpenpencil smiling face with heartsthumbs up saharaperdulisampah hariperdulisampah,False,False,True,False,False,True,False,False,True,False,False,True
448,yg jadi pertanyaan proses daur ulang sampah plastik pet pc indonesia tuh mumpuni belom,False,True,False,True,False,False,True,False,False,True,False,False
488,penggunaan produk plastik hasil daur ulang berisiko kesehatan: sampahplastik menjadi persoalan pengelolaan sampah indonesia sulit terselesaikan. pasalnya komponen plastik menjadi jenis sampah sulit,True,False,False,True,False,False,True,False,False,True,False,False
1977,"keren, mengurangi sampah plastik sma pangudi luhur pakai meja-kursi hasil daur ulang sampah plastik tutup botol",False,False,True,False,False,True,False,False,True,False,False,True
953,justin wiganda ketua asosiasi daur ulang plastik indonesia (adupi) kemasan sachet multilayer kebutuhan daur ulang nya sangat kecil justru dilarang sampahsachetsiapapunya kemanaperginyasampahsachet manatanggungjawabprodusen adaapasampahsachet ?,True,False,False,False,True,False,True,False,False,True,False,False
1909,akhirnya..sampah daur ulang gak,True,False,False,True,False,False,True,False,False,True,False,False
551,katanya area jakarta doang sisanya disuruh daur ulang jadi pot pemakaian -galon perminggu tetep bakal numpuk lagian siapa yg butuh pot sebanyak mana potnya keliatan jelek kumuh,False,True,False,True,False,False,True,False,False,True,False,False
981,rujak sedang menggali ulang sejarah bantar gebang eh malah ketemu ini. tahun menyimpulkan daur ulang menyelesaikan sampah plastik. yg menyelesaikan perubahan pola konsumsi.,True,False,False,True,False,False,True,False,False,True,False,False
1416,limbah menjadi mekar! ide daur ulang plastik cerdas taman anda!,False,True,False,False,True,False,False,False,True,False,False,True
1232,daur ulang sampah plastik jd hiasan taman yg cuantiik,False,True,False,False,True,False,False,False,True,False,False,True
980,daur ulang sampah cukup melindungi laut pencemaran plastik lewat,True,False,False,False,True,False,True,False,False,False,True,False
1452,"""kreativitas batas! glowing starsparkles smp negeri sigi menghadirkan fashion show unik pakaian daur ulang plastik. kegiatan mengajarkan pentingnya mendaur ulang mengurangi limbah sekaligus menunjukkan sampah diubah menjadi karya seni memukau. :globe showing Europe-Africa:recycling symbol fashionrecycle smpnsigi daurulangplastik pedulilingkungan""",False,False,True,False,True,False,False,False,True,False,False,True
356,brin bekerja sama badan energi atom internasional (iaea) mengembangkan program nuclear technology for controlling plastic pollution (nutec plastic) solusi daur ulang limbah plastik.&amp;nbsp;,False,False,True,False,True,False,False,True,False,False,False,True
210,warga sukoharjo olah sampah plastik jadi bbm solar dijual rp./liter,False,True,False,False,True,False,False,False,True,False,False,True
603,perusahaan berkomitmen memperluas infrastruktur daur ulang wilayah kurang memiliki infrastruktur pengelolaan limbah plastik.,False,False,True,False,True,False,True,False,False,False,True,False
945,adupi (asosiasi daur ulang plastik indonesia) mudah lulus seleksi bagian beli giling bagian cuci saja. mampu bikin produk baru punya nilai tambah diekspor. jadi bedakan industri daur ulang plastik kertas,False,True,False,True,False,False,True,False,False,True,False,False
1525,"telat posting,,hasil karya kami,,daur ulang plastik bekas menjadi baju sangat cantik, kegiatan fashion show anak sekolah minggu smiling face with hearts",False,False,True,False,True,False,False,False,True,False,False,True
1570,"masyallahtabarakallah *bukan rumah mewah besar rumah kecil sederhana* haii bund salam pecinta biru yah bund.. siapa tau menginspirasi buat sesama pecinta biru.. biru sederhana ala mommy semoga berkenan dihati mommy yg lainnya menginspirasi red heartred heart rumah minimalis type , perpaduan biru,putih, hitam abu.. . ruang tamu .. ruang mini lengkapi kursi bekas dri orangtua sy yg awalnya warna coklat yg kemudian sy suami ubah jadi putih biru suami bagian nge cat kayu kursinya sy bagian pasangin jok kursi kain bludru grinning face. rumah jangan tunggu luas dlu baru nyaman. klu barang bekas daur ulang tdk pake yg dulu biar mubazir .ruang tv .. rak tv bekas dri rumah mertua awalnya warna coklat dicat jadi putih deh, trus rak smping kiri kanan dlu waktu drumah mertua udah beli mmng buat nyimpan susu, ternyata manfaatin buat druang tv red heart . dapur .. nah kitchen didapur udah pas beli/nyicil rumah awal.. trus warna tehelnya hijau bund, krna mnurutku kurang cocok sm tema warna rumah sy jadinya emak kepikiran cat jadi putih, catnya pake cat khusus kermik yah momred heart . kamar .. dikamar anak sy lemari bekas yg dlu warnanya coklat nah cat jadi biru putih.. ranjang uk * ranjang belas punya sy dlu waktu sekolah ngga kepakai jadilah sy ambil drumah orangtua sy cat lah sesuai tema kamarnya biar seragam meja sma cat juga,, lemari plastik samping meja cat loh bund red heart . kamar .. kamar utama nah sengaja buat ranjang susun ukuran springbed no atas yg bawah ukuran springbed no .. karna punya batita.. sengaja buat susun soalnya anak tidur bareng sm ayah ibunya tempat tidur atas ibu ade bayi tempat tidur bawah buat ayah kk.. sengaja buat dorng bagian bawah biar ngga bikin kamar sempit bund red heart *jangan nunggu luas dlu biar nyaman yah bund.. *barang bekas layak pake manfaatin jadi barang baru cantik loh bund..jangan keburu buang beli baru klu yg layak pake manfaatin biar mubazir red heart",False,True,False,False,True,False,False,False,True,False,False,True
58,mnc peduli mnc sekuritas ajak ibu-ibu pkk olah sampah plastik,False,False,True,False,False,True,False,True,False,False,False,True
1092,tweet misal panel surya penggunaan plastik besi dll. seandainya bahan hasil proses daur ulang sedikit banyak berimbas harga produknya. jadi daur ulang jadi langkah mengatasi green inflation krn menekan beban biaya produksi,False,True,False,False,False,True,False,False,True,False,False,True
1917,"jangan biarkan e-waste membawa dampak buruk kemudian hari. lakukan perubahan sekarang daur ulang sampah elektronik benar aman. cukup lakukan langkah mudah, kamu dapatkan voucher belanja erafone senilai rp ribu.",False,False,True,False,True,False,False,False,True,False,False,True
231,warga sleman olah sampah plastik jadi bbm,False,True,False,False,True,False,False,True,False,False,False,True
1955,community .membuat kerajinan daru sampah anorganik .mengurangi penggunaan plastik .berpartisipasi dlm program daur ulang komunitas .mendonasikan barang² bekas berfungsi community persenuntukindonesia smartfrencommunity temanpintarindonesia,False,False,True,False,True,False,False,False,True,False,False,True
1196,"sampah plastik menjadi masalah global atas dampaknya lingkungan. kerja sama inovasi berbagai lapisan masyarakat perlu dilibatkan menanggulangi permasalahan sampah plastik. ini, pemerintah berupaya memanfaatkan potensi sampah plastik menjadi bernilai ekonomis menggandeng pengusaha masyarakat mengurangi sampah plastik melalui cara daur ulang memanfaatkannya potensi komoditas ekspor. ⁣ ⁣ melalui asistensi dilakukan bea cukai wilayah sumatera utara bea cukai kualanamu pt polindo utama, berhasil dilaksanakan pelepasan ekspor perdana sabtu (/) berlokasi medan berupa produk polyethylene terephthalate (pet) hasil daur ulang sampah plastik sebanyak kontainer produk pet masing-masing berat ton negara tujuan taiwan. hasil daur ulang produk pet kemudian dimanfaatkan menjadi berbagai bentuk kemasan, serat bahan pembuat pakaian sepatu olahraga. positif lainnya dilibatkannya umkm mengumpulkan persediaan diproduksi diekspor.⁣ ⁣ kerja sama berbagai pihak tentunya sejalan misi pemerintah penanggulangan dampak negatif sampah lingkungan melalui pengembangan memiliki nilai jual menciptakan kepastian layanan dukungan investasi menciptakan lapangan kerja.⁣ ⁣ sahabat bc, yuk sampaikan dukunganmu kolom komentar segala upaya pemerintah dorongekspor berbagai komoditas berpotensi ekspor terus berjalan optimal!⁣ ⁣ ⁣ ⁣ ⁣ beacukaimakinbaik⁣ ekspor plastik⁣ recycling",False,False,True,False,False,True,False,False,True,False,False,True
1657,"jangkauan pengangkutan sampah rendah, diharapkan sampah dibuang tpa meningkat. mengantisipasi pembuangan sampah sembarangan masyarakat. cara efektif lainnya pengelolaan sampah plastik. menjalankan bisnis daur ulang plastik. informasi lebih lanjut, kalian mengunjungi website menghubungi / ya! bisnis daurulang sampahplastik pojokplastik indonesia",True,False,False,False,True,False,True,False,False,False,True,False
553,kakak ipar gua bikin tempat usaha daur ulang plastik modalnya dr gadein sk bank ambil m.. lancar..?? cuma bulan doank sisanya bangkrut.. mau ga mau gajinya auto d cut buat bayar utang..,True,False,False,False,True,False,True,False,False,False,True,False
733,waspada serangan monster plastik! lebih % plastik didaur ulang perusahaan terus meningkatkan produksi plastiknya. daur ulang menyelesaikan masalah plastik lho breakfreefromplastic pantangplastik,True,False,False,True,False,False,True,False,False,True,False,False
339,solusi memberantas polusi sampah plastik lebih dekat dibanding kira,False,False,True,False,True,False,False,True,False,False,True,False
70,tau gak kalian bagaimana botol pet menjadi botol pet baru? tonton habis guys ! indonesia memiliki beberapa pabrik canggih daur ulang pet. sepeti pt. bipj merupakan member asosisasi daur ulang plastik indonesia (adupi) repost: bule sampah (jg),False,True,False,False,False,True,False,False,True,False,False,True
663,daur ulang sampah plastik indonesia bawah persen,False,True,False,True,False,False,True,False,False,True,False,False
1037,berkontribusi aktif meningkatkan pengumpulan sampah plastik membantu mitra mengurangi penggunaan plastik baru menyediakan solusi plastik daur ulang ujar laurent.,False,True,False,False,True,False,False,False,True,False,False,True
968,greenpeace mengimbau masyarakat kurangi konsumsi plastik satu-satunya kunci mengatasi masalah sampah plastik mengurangi konsumsinya. daur ulang pernah cukup solusi sampah plastik lingkungan,True,False,False,True,False,False,True,False,False,True,False,False
1620,"sahabat lestari, tahu kalau kemasan danone-aqua mengandung plastik daur ulang? face screaming in fear⁠ ⁠ inovasi dilakukan danone-aqua menyebarkan kebaikan melalui produk. kemasan didaur ulang, danone-aqua berharap membantu mengurangi masalah sampah plastik indonesia. :globe showing Asia-Australia:⁠ ⁠ yuk bijakberplastik bersama danone-aqua! blue heart",False,False,True,False,False,True,False,False,True,False,False,True
1165,"hai sahabatbahari, tahu sih kalau sampah plastik terbagi menjadi beberapa jenis lho! jenis sampah plastik digolongkan berdasarkan bahan baku, material hingga kegunaannya. bahkan beberapa sampah plastik ternyata daur ulang. nah, jadi jangan sampah plastik dibuang sembarangan bahkan mencemari laut ya. yuk bersama ikut mimin selalu membersihkan sampah plastik tersebar pesisir laut kita.winking face ekonomi biru indonesia kkpaccelerate ekonomibiru kkpgoid menterikkp saktiwahyutrenggono sampahplastik",False,False,True,False,False,True,False,False,True,True,False,False
1757,bagaimana lg berkontribusi bumi lebih hijau? mulai penggunaan komponen daur ulang kemasan plastik hingga penggantian zat berbahaya lg terus berinovasi keberlanjutan lifesgood greenproduct sustainability,False,False,True,False,True,False,False,True,False,False,False,True
1363,"mahasiswa itn malang teliti efisiensi conveyor pengangkut sampah plastik daur ulang optimal itnmalangnews – meningkatnya volume sampah plastik menjadi perhatian serius berbagai wilayah. berbagai upaya dilakukan mengurangi sampah plastik, salah satunya mendaur ulang. harapannya mengurangi sampah plastik tempat pembuangan sampah, sekaligus menghasilkan produk baru. memudahkan proses daur ulang, tempat daur ulang dibutuhkanlah conveyor (mesin pengangkut). ruben tiofanto hutabarat, lulusan terbaik program studi teknik mesin s-, fakultas teknologi industri (fti), institut teknologi nasional malang (itn malang) melakukan penelitian mendalam menganalisis bagaimana beban diangkut mempengaruhi kinerja mesin pengangkut (conveyor) mesin pencacah sampah plastik. penelitiannya berangkat kesadaran pengolahan sampah plastik menjadi partikel kecil melalui mesin pencacah merupakan langkah penting proses daur ulang. mesin conveyor sendiri berperan penting memindahkan sampah plastik menuju mesin pencacah. dibawah bimbingan dosen dr. eko yohanes setyawan, st., mt., penelitian bertujuan mengetahui bagaimana variasi berat sampah diangkut mempengaruhi kecepatan efisiensi kerja conveyor. ""dengan memahami pengaruh beban kinerja conveyor, mengoptimalkan proses daur ulang. meningkatkan produktivitas mengurangi beban kerja manual memindahkan sampah,"" ujar ruben. peraih ipk , ikut diwisuda wisuda periode tahun . penelitian ruben melibatkan perancangan pengujian mesin conveyor pencacah sampah berbagai material besi siku, besi kanal u, gear, rantai, bearing, motor penggerak. proses pengujian dilakukan variasi rasio gear pengukuran kecepatan mesin mengangkut beban sampah berbeda-beda. conveyor berukuran panjang cm, lebar cm, tinggi cm, kecepatan motor awal rpm gearbox :. hasil penelitian diharapkan memberikan kontribusi signifikan dunia industri conveyor, khususnya aplikasi pengolahan sampah plastik. data akurat mengenai pengaruh beban, industri daur ulang merancang sistem conveyor lebih efisien, menghemat waktu, mengurangi beban fisik pekerja. ruben merupakan putra pasangan charles antofa hutabarat, tiorida silitonga. menyelesaikan pendidikan sekolah menengah atas sma hang tuah sidoarjo. selama kuliah pemuda asal sidoarjo sempat mengenyam suka duka menjadi ojek online sejak semester . “banyak waktu luang, mengikuti organisasi. makanya narik ojek online. ya, cukup menambah uang saku, sehari rata-rata ribu rupiah. sukanya jalan-jalan malang raya, kalau dukanya kadang orderan sepi,” ungkapnya. kondisi sepi biasanya satu customer, kebanyakan mahasiswa. (mita erminasari/humas itn malang)",False,False,True,False,True,False,False,False,True,False,True,False
904,lego setop produksi balok botol plastik daur ulang diklaim kurangi emisi karbon,True,False,False,True,False,False,True,False,False,True,False,False
1025,aqua botol plastik daur ulang dijual bali!,False,True,False,True,False,False,False,True,False,True,False,False
1642,salah satu photo sahabat. sedikit bercerita plastik lingkungan ecobrick. banyak sekalali belakangan latah pengelolaan plastik sekali pakai. ingat plastik daur ulang menjadi kwalitas lebih rendah semua plastik mempunyai harga bank sampah. ecobricks? hari bertemu bahkan berdampingan plastik. naa kata bijak menggunakan plastik. ecobrick mengajak menyelamatkan ecologi mengurangi polusi udara bertanggung jawab plastik hasilkan. siapa membuat ecobrick mulai benar. ecobricks mempunyai standar berat hingga gram tergantung jenis botol nya. bersama merawat ibu bumi. plastiklingkunganecobrick polusijadisolusi,False,True,False,False,False,True,False,False,True,False,False,True
282,buat area jogja donasi kesini minimal sampah plastik botol minum cukup membantu dah bbrp kali donasi sampah. donasi bentuk uang buku langsung dm,False,True,False,False,False,True,False,True,False,False,False,True
995,tambahan: daur ulang memperpanjang umur penggunaan plastik menghilangkan masalah sampah plastik sendiri.,True,False,False,True,False,False,True,False,False,True,False,False
1490,"seorang teman bertanya, ""bagaimana cerita daur ulang plastik yg dibuat burung indonesia pemda pohuwato itu? "" jawabku, ""masih jalan tahun ke-"".",False,True,False,False,False,True,False,True,False,False,False,True
1321,"solusi polusi plastik: plastik ‘biodegradable‘, desain produk ramah daur ulang mengurangi konsumsi plastik??",False,True,False,True,False,False,True,False,False,True,False,False
1656,"opini : pendanaan tata kelola sampah plastik sangat penting dukungan finansial memadai, upaya pengelolaan pengurangan polusi plastik sulit dilakukan efektif. berikut beberapa alasan pendanaan krusial: . infrastruktur pengelolaan sampah banyak negara, terutama negara berkembang, kekurangan infrastruktur pengelolaan sampah memadai, sistem daur ulang efisien, fasilitas pemrosesan limbah, tempat pembuangan ramah lingkungan. pendanaan membantu membangun meningkatkan sistem ini. . dukungan ekonomi sirkular mengurangi ketergantungan plastik sekali pakai, diperlukan investasi model ekonomi sirkular, sistem isi ulang penggunaan ulang. ini, investasi sektor rendah, pendanaan tambahan sangat diperlukan mempercepat peralihan solusi lebih berkelanjutan. . pengurangan beban lingkungan kesehatan sampah plastik terkelola baik mencemari lingkungan, merusak ekosistem, bahkan berdampak kesehatan manusia. pendanaan cukup, pemerintah organisasi mengurangi dampak negatif melalui program pembersihan, kampanye edukasi, inovasi teknologi ramah lingkungan. . mendorong tanggung jawab produsen pendanaan berperan penerapan kebijakan extended producer responsibility (epr), mana produsen plastik diwajibkan mendanai pengelolaan limbah produk mereka. memastikan biaya penanganan limbah ditanggung pemerintah masyarakat. . riset inovasi teknologi pengembangan teknologi baru daur ulang lebih efisien bahan alternatif ramah lingkungan memerlukan investasi besar. adanya pendanaan, riset inovasi pengelolaan sampah plastik berkembang lebih cepat. jadi, pendanaan cukup, solusi sulit diterapkan luas, krisis polusi plastik semakin memburuk.",True,False,False,False,True,False,True,False,False,False,True,False
1290,proses daur ulang kantong plastik menakjubkan,False,True,False,False,True,False,False,False,True,False,False,True
1686,pemula dunia daur ulang,False,True,False,False,True,False,True,False,False,False,False,True
912,sahabat air bersih samping trending ukraine putin fakta miris bali nih. . kilogram plastik terkumpul persen merupakan kantong plastik sachet plastik keduanya memiliki nilai daur ulang tinggi indonesia,True,False,False,True,False,False,True,False,False,True,False,False
443,asics ramah lingkungan: hijau hebat asics melangkah maju planet bahan daur ulang mengurangi jejak karbon. trivia: tahun asics menggunakan juta botol pet daur ulang produksinya. komitmen meluas pabrik,False,False,True,False,False,True,False,False,True,False,False,True
511,daur ulang penting cukup menyelesaikan masalah plastik. banyak jenis plastik sulit didaur ulang prosesnya sendiri membutuhkan banyak energi. prioritaskan mengurangi menggunakan ulang terlebih dahulu! kurangigunakanulangdaurulang,False,True,False,True,False,False,True,False,False,True,False,False
77,penelitian baru menemukan fasilitas daur ulang plastik melepaskan miliaran partikel plastik kecil air limbah kemudian berkontribusi pencemaran saluran air membahayakan kesehatan manusia.,False,True,False,True,False,False,True,False,False,True,False,False
525,sulit daur ulang pengusaha daur ulang memilih tidal menggunakan sampah jenis hingga menyebabkan terjadinya penumpukan plastik sachet mengancam kerusakan lingkungan hingga kesehatan manusia.,False,True,False,False,True,False,True,False,False,True,False,False
1193,"on progress ""program pananggulangan sampah plastik wewidangan desa adat sumbersari"" daur ulang sampah plastik jenin mpl ( multy layer plastic ) bupda sumbersari tpsr bupda ptesab rahayu sumbersarikedas kramadesaadatsumbersari folded handsfolded handsfolded hands",False,False,True,False,True,False,False,False,True,False,False,True
816,karang taruna kampung merasakan inovasi-inovasi bapak malah sekarang membuat pabrik daur ulang sampah botol plastik mencari investor sendiri alhamdulillah sekarang pabrik mulai beroperasi pak hehehe,False,False,True,False,False,True,False,False,True,False,False,True
1200,edukasi & praktek daur ulang sampah plastik menjadi paving blok tpsr sahabat langgeng bersama mahasiswa kkn unsika tahun kknunsika unsika daurulangsampahplastik tpsr konservasi gogreen,False,False,True,False,True,False,False,False,True,False,False,True
944,pengelolaan sampah plastik cukup sekadar menerapkan sistem daur ulang. perlu regulasi menekan produksi sampah. korantempo,True,False,False,False,True,False,True,False,False,False,True,False
720,padahal banyak potensi cuan dihasilkan dri daur ulang sampah jadi pengembangan ekonomi sirkular. tingkat daur ulang sampah plastik indonesia rendah,True,False,False,False,True,False,True,False,False,False,True,False
1210,pembelajaran luar kelas menonton video bahaya sampah plastik cara daur ulang sampah..,False,False,True,False,True,False,False,False,True,False,True,False
485,banyak dampak sampah plastik pencemaran tanah lingkungan semakin kecil sampah plastik semakin mudah dibuang sembarangan sulit dikumpulkan sulit masuk siklus daur ulang makanya mencemari lingkungan.,False,True,False,True,False,False,True,False,False,True,False,False
570,- sedotan plastik gabisa daur ulang - memang cup plastik lebih besar cup plastik lebih mudah daur ulang - at least udah mulai ngelakuin baik buat lingkungan bukannya jelek-jelekin sebuah kebaikan askmenfess,False,True,False,False,True,False,False,True,False,False,True,False
769,darat uah banyak langkah orang buat mereduksi sampah plastik ini. daur ulang jadi produk punya nilai jual. semua. sampah banyak energimuda kolaboraksi,False,False,True,False,True,False,True,False,False,False,True,False
441,menperin resmikan pabrik daur ulang pet milik mayora group,False,False,True,False,False,True,False,True,False,False,False,True
1429,"paling suka sama mineraleid air nya bikin seger.. botol galon nya daur ulang loh sparkles udah higenis, mudah dapatkan, jual jadi uang smiling face with hearts jadicuangaknyampah round pushpin buat mau jual per botolan plastik.. disini terima partai besar loh sparkles recycle recycleplastic recycleplasticbottle botolplastik daurulang daurulangplastik rumahplastikmajalaya zerowaste wastemanagement rongsok galon leminerale rongsokan fyp darisampahjadirupiah nyampahberkah",False,True,False,False,False,True,False,True,False,False,False,True
1594,"memang % menghindari pemakaian plastik, paling tidak, berusaha mengumpulkan sampah plastik daur ulang. pengurangan sampah plastik, menjaga kebersihan lingkungan. lingkungan menjadi bersih, terlihat indah. pencipta menyukai keindahan. nabi shallallahu ‘alaihi wa sallam bersabda, “sesungguhnya allah maha indah menyukai keindahan (termasuk kebersihan kerapihan).” (hr. muslim no. ) kalaupun mampu memperbaiki lingkungan, paling tidak, mampu berusaha mamperparah kerusakan lingkungan. barakallohu fiikum",False,True,False,False,True,False,False,False,True,False,False,True
168,semakin banyak mesin olah sampah plastik semakin bagus. btw loh sampah plastik sulit daur ulang mudah. yuk kenali jenisnya indonesia urutan dunia hasilkan sampah plastik vokasi ui hadirkan mesin olah sampah plastik,False,False,True,False,False,True,False,True,False,False,False,True
60,fenomena terkait tata kelola sampah indonesia amburadul. ambil jepang (terutama kobe) good waste governance ya. dimulai hulu masyarakat diwajibkan memilah sampah terus dimasukin plastik daur ulang sesuai jenis sampah. buat apa?,False,True,False,False,False,True,False,True,False,False,False,True
533,aneh banget ya? bahan baku sampah plastik pet kurang indonesia padahal sungai mana-mana sampah plastik bertumpuk kok gagal daur ulang?,True,False,False,True,False,False,True,False,False,True,False,False
50,kelompok sadar wisata wonosobo olah sampah plastik menjadi bahan bakar,False,True,False,False,True,False,False,True,False,False,False,True
574,knpa koq malah pake kardus?! koq gk mikir pake yg bhn plastik aj gitu kek.. lbh baik pake yg daur ulang untungnya x. meski wujudnya jelek poll lebih baik kardus yg gk tahan-tahannya sama sekali dg air. ato emng gk thu klo indo musim hujan?!,True,False,False,True,False,False,False,True,False,True,False,False
653,gila makin lama amerika emang licik bgt. buang sampah plastik yg gabisa daur ulang jawa timur dijadiin bahan bakar buat pabrik tahu. padahal indo susah buat pengolahan sampahnya. pemerintah lengah bgt buat beginian,True,False,False,True,False,False,True,False,False,True,False,False
766,nah poinnya. pengolahan daur ulang limbah/sampah plastik sini memadai.,True,False,False,True,False,False,True,False,False,True,False,False
49,usung sirkular ekonomi kemenperin dukung industri olah sampah plastik,False,False,True,False,True,False,False,False,True,False,False,True
1641,"sisi lain, tingkat daur ulang sampah plastik jumlah timbulan sampah plastik sangat rendah sampah plastik menjadi persoalan besar perlindungan pelestarian lingkungan hidup. masalah sampah lebih sekedar masalah teknis merupakan menjadi cerminan perilaku masyarakat lingkungan. perubahan pengelolaan sampah dimulai kebiasaan sehari-hari dilakukan konsisten memberikan dampak besar lingkungan. cara efektif lainnya pengelolaan sampah plastik. menjalankan bisnis daur ulang plastik. informasi lebih lanjut, kalian mengunjungi website menghubungi / ya! bisnis daurulang sampahplastik pojokplastik indonesia",True,False,False,True,False,False,True,False,False,True,False,False
1031,kebijakan sama dgn larangan kantong plastik kresek malah sampah kantong daur ulang nyampah &amp; utk bungkus sampah hrs beli plastik lg pdhl kantong plastik minimarket bs dipake utk kantong sampah sbnrnya solusinya perusahaan dipaksa bangun pabrik daur ulang!,True,False,False,False,False,True,True,False,False,False,False,True
1529,"telat post,, edisi karnaval kec sungai lala,, si adx pake baju adat dayak pake bahan daur ulang sampah plastik,, start dr malam minggu malam selasa jam mlm,, walaupun lelah tp hasilnya memuaskan,, sekali² muji karya sendiri grinning facegrinning facegrinning face klo si abang yg simpel ja,,gk mau neko²,,cukup jadi petani katanya,, sehat² k jagoan ibu,, anak hebat, anak penuh pengertian gmn k adaan orng tuanya,, pokonya love love love lh red heartred heartred heartred heart",False,True,False,False,True,False,False,False,True,False,False,True
811,taukah jenis plastik?? . coba simak perhatian gambar diatas baik kira-kira penggunaan lakukan benda plastik selama dah sesuai belum?? . zerowaste,False,True,False,False,False,True,False,False,True,False,False,True
1883,mengurangi dampak negatif lingkungan meningkatkan efektivitas daur ulang. program merupakan bagian komitmen pln nusantara power up arun menjaga kelestarian lingkungan mendukung pengelolaan sampah lebih berkelanjutan. bersama,False,False,True,False,True,False,False,False,True,False,True,False
25,sktr milyar ton limbah plastik yg dihasilkan scr global % yg didaur ulang. indonesia punya pahlawan sampah made janur yasa yg berbagi pengalaman olah sampah plastik bali lewat diskusi plasticbagfreeday,False,False,True,True,False,False,False,False,True,True,False,False
1319,"indonesia menghadapi masalah sampah botol plastik. pihak amdk, aqua mengungkap tantangan dihadapi soal daur ulang botol plastik air mineral.",True,False,False,True,False,False,True,False,False,True,False,False
1873,lu ky sampah yg ga daur ulang rolling on the floor laughing,False,True,False,False,True,False,False,True,False,False,True,False
1875,mau gimana lagi.. psi udah level sampah daur ulang folded hands,False,True,False,False,True,False,False,True,False,False,True,False
636,penelitian baru menemukan fasilitas daur ulang plastik melepaskan miliaran partikel plastik kecil air limbah kemudian berkontribusi pencemaran saluran air membahayakan kesehatan manusia.,True,False,False,True,False,False,True,False,False,True,False,False
879,nah bener dosen aku jg ga setuju sm galon sekali pakai soalnya daur ulang kaya gini jd bijih plastik aja alatnya msh jarang bgt indo jangankan gitu bank sampah aja ga semua org tau jd asal aja buang ga dimanfaatin lg gedeg bgt,True,False,False,True,False,False,True,False,False,True,False,False
364,eiger shoreside l eco menjadi salah satu produk ramah lingkungan terbuat polyester reboyarn merupakan material daur ulang diolah botol plastik pet. dilengkapi saku memuat laptop berukuran inci finishing water repellent.,False,True,False,False,False,True,False,False,True,False,False,True
1238,"tema lingkungan mengubah sampah plastik menjadi sebuah pembelajaran manfaat kegiatan . mengurangi sampah plastik. . meningkatkan kreativitas anak-anak diajak berkreasi bentuk, warna, desain potongan plastik membuat baju unik. . meningkatkan kesadaran lingkungan . mengajarkan daur ulang anak-anak belajar sampah plastik diolah menjadi bermanfaat kreatif. . melatih motorik halus memotong, menempel, menyusun plastik kertas hvs, anak-anak melatih koordinasi tangan mata mereka. . mengenalkan seni estetika anak-anak belajar menciptakan indah menarik bahan terpakai. ikuti terus kegiatan anakpaudkreatif daurulangsampahplastik anaktkhebat salamkreatif",False,False,True,False,True,False,False,False,True,False,False,True
1596,"astungkara .. selalu bersyukur folded handsfolded handsfolded hands produk umkm citra mandiri kreatif open po meja+kursi daur ulang sampah plastik. ukuran : (pcs) meja size xxcm (pcs) kursi size xxcm bahan : - papan plastik daur ulang - rangka besi hollow - meja xcm - kursi .x.cm - cat hitam doff - proses pengerjaan hari harga idr .. (harga termasuk ongkir) minat dm/messenger info: papan yg gunakan murni proses daur ulang sampah plastik type hdpe, pp ldpe. menghasilkan lembar papan dgn uk. xm tebal cm dibutuhkan ± kg sampah plastik .. jadi logika nya proses pengolahan berhasil mendaur ulang sampah plastik sebanyak kg utk lembar papan .. produksi trus berlanjut berikan nilai manfaat lebih sampah plastik terbuang tpa ikut menggunakan produk daur ulang bersama-sama ikut menjaga alam membangun sebuah perputaran ekonomi juga. so .. retorika teriak-teriak ttg isu lingkungan terutama sampah plastik .. gak jaman nya sob .. sampah plastik membutuhkan tata kelola solusi pengolahan tepat tepat sasaran. video : by devandra mengolah bukan memindahkan balirarepaduraksa wedooworkshopbali rumahplastik rumahplastikmart gerakanolahplastik tebekomposter kembaliorganik jempengmesari samtaku olahsampahdarisumber",False,True,False,False,True,False,False,False,True,False,False,True
1545,latepost karnaval agustusan tema daur ulang menggunakan plastik :smiling face with heart-eyes: bulan agustus datang temanya yaa ?? smiling face with smiling eyes fypjangkauanluas fbpropemula sorotan pengikut anakrahebat,False,False,True,False,True,False,False,False,True,False,True,False
1478,"pabrik daur ulang plastik samarinda samarinda - sampah plastik menjadi masalah berbagai daerah, tak terkecuali samarinda, kaltim. hadirnya pabrik daur ulang diharapkan mampu memberi solusi.",False,False,True,False,True,False,False,False,True,False,True,False
1212,"proses pemasangan pondasi mesin pencacah plastik,daur ulang sampah. pemula daurulangsampahplastik oppa mechyrongsok fyp fbpro",False,False,True,False,True,False,False,True,False,False,True,False
1074,pelaku usaha daur ulang sampah plastik makin banyak. bahan baku tersedia sedikit. majalahtempo,False,True,False,True,False,False,True,False,False,True,False,False
1091,mulai peduli lingkungan yuk banyak limbah limbah plastik menybabkan lingkungan menjadi tercemar. daur ulang sampah plastik volume nya sedikit berkurang indonesia semangatsalingbantu,False,True,False,False,False,True,False,False,True,False,False,True
893,menjadi entrepreneur usia tahun diberhentikan pekerjaan sebelumnya usia tahun mematahkan semangat paul tasner memulai bisnis daur ulang plastik mengubah sampah menjadi kemasan ramah lingkungan.,False,False,True,False,True,False,False,False,True,False,True,False
242,peduli lingkungan lpdp latih anak olah sampah plastik jadi barang bernilai,False,False,True,False,True,False,False,True,False,False,True,False
951,penanganan sampah plastik bergantung daur ulang semata. diperlukan alternatif mengurangi sampah plastik. internasional adadikompas,True,False,False,True,False,False,True,False,False,True,False,False
586,aneh banget ya? bahan baku sampah plastik pet kurang indonesia padahal sungai mana-mana sampah plastik bertumpuk kok gagal daur ulang?,True,False,False,True,False,False,True,False,False,True,False,False
1554,promo lemari anak motif hamster tingkat bahan plastik kokoh bukan plastik daur ulang,False,True,False,False,True,False,True,False,False,True,False,False
916,kantong plastik kresek berwarna terutama hitam mayoritas merupakan produk daur ulan. proses daur ulang tersebut riwayat penggunaan sebelumnya diketahui bekas wadah pestisida,False,True,False,True,False,False,True,False,False,True,False,False
1117,daur ulang sampah plastik tuh susah mencemari lingkungan kalau aku sih pilih pake galon aqua aja sedikit banyak mengurangi kan mayan,True,False,False,True,False,False,True,False,False,True,False,False
905,sesekali masuk tv bicara daur ulang plastik tegaskan semua jenis sampah plastik didaur ulang bicara daur ulang keseluruhan masalahnya sangat kompleks pengelolaan sampah plastik berjalan mandiri diserahkan kepara pengepul.,True,False,False,False,False,True,True,False,False,False,False,True
353,mending riset bikin avtur sampahx plastik cobaa..kan dapet solusi buat masalah..ya kan kan ?,False,False,True,False,True,False,False,False,True,False,True,False
880,galon sekali pakai berbahan pet d daur ulang jarang temukan d tumpukan sampah yg banyak tetep botol plastik,False,True,False,True,False,False,True,False,False,True,False,False
941,mengumpulkan sampah plastik tim sumpah sampah menciptakan mesin daur ulang sampah plastik. saksikan susicekombak hari sabtu pukul . wib metrotv. mgndigital knowledgetoelevate,False,False,True,False,False,True,False,False,True,False,False,True
1862,"selalu bingung kalau ketemu tempat sampah pemilahan model begini. misal, punya - tissue - bungkus snack - kantong kresek ga yakin semua termasuk sampah non organik apa. lebih suka pembagian : sampah daur ulang &amp; sampah biasa (non daur ulang).",False,True,False,False,True,False,True,False,False,True,False,False
1190,"sampah plastik menjadi masalah berbagai tempat, diolah seorang pria bali menjadi peluang. putu eka darmawan menyebut dirinya pemulung. eka membuat berbagai produk daur ulang plastik, mulai furnitur, bahan konstruksi interior, hingga campuran aspal produk fesyen. plastik dicacah dimasukkan mesin pengering bersuhu lebih derajat celsius. situ, plastik kemudian dicetak menjadi papan berukuran xcm tebal ,cm. “papan plastik digunakan pengganti kayu. sedang booming, banyak permintaan digunakan furnitur,” kata eka.",False,False,True,False,True,False,False,False,True,False,False,True
973,niat daur ulang mulia sayangnya % sampah plastik dunia terdaur ulang. artinya perubahan level berskala besar.,True,False,False,True,False,False,True,False,False,True,False,False
699,daur ulang sampah plastik indonesia minim menyentuh persen,True,False,False,True,False,False,True,False,False,True,False,False
840,daur ulang utk plastik grade rendah bnyk dikembangkan sesuaikan juga. drpd skrg berpikir semua sampah plastik bs didaur ulang sembarangan pakai pdhl sampah grade rendah msh blm bnyk diolah kan malah bahaya. sampah menggunung.,False,True,False,True,False,False,True,False,False,True,False,False
871,% sampah plastik indonesia didaur ulang. sedotan plastik! kenapa? sulit didaur ulang jadi pelaku daur ulang jarang bersedia ambil. juga..terlalu kecil! (?) recyclemorewasteless indonesiabersihsampah,False,True,False,False,False,True,True,False,False,True,False,False
969,jurnal plastik | fakta plastik (dan daur ulang) part video membahas fakta mengenai plastik daur ulang banyak orang tahu! apa fakta-fakta itu? saksikan selengkapnya video ini.,False,True,False,False,False,True,False,False,True,False,False,True
1005,kedua adalah; stop pembakaran sampah limbah rumah tangga sampah plastik lebih baik daur ulang nih awaiters! bukan mengurngi asap polusi mengurangi banyaknya penggunaan plastik menjadi barang baru lebih berguna nih awaiters! gogreen,False,False,True,False,True,False,False,False,True,False,True,False
1715,soal timor leste daur ulang seluruh sampah plastik baru (cuma) gelar lho yg rame rilis rencana pabrik daur ulang plastik . riilnya sampe skrg belom jelas. yg terbaik kelola sampah asean justru banyumas. tp banyumas kan bukan negara sendiri.,True,False,False,False,True,False,False,False,True,False,True,False
785,hai sobatdkp kamu siap niih berpartisipasi plasticfreejuly ? plastic free july gerakan global dipelopori orang-orang australia barat dramatis mengurangi penggunaan plastik meningkatkan proses daur ulang.,False,False,True,False,True,False,False,False,True,False,True,False
541,padahal eco recycleable mostly cuma gimmick (apalagi kalau murah). ujung-ujungnya bakal penumpukan sampah pecahnya jadi micro-plastics jauh lebih bahaya terhirup pernafasan..,False,True,False,True,False,False,False,True,False,True,False,False
974,plastik daur ulang aman manusia bukan solusi mengatasi krisis polusi akibat penggunaan plastik penelitian terbaru,True,False,False,True,False,False,True,False,False,True,False,False
1217,"dukung dng hatimured heart siapa yg mendukung mereka? *designer/siswa tata busana yg butuh aplikasi tema baju daur ulang beli disini. *sekolah study tour workshop diajari membuat kreasi sampah plastik. *artis/influencer pakailah baju aplikasi daur ulang manggung, biar karya semakin dihargai. *kita yg nonton like n komen video tersebar orang yg peduli membutuhkan karya membutuhkan nomor pengelola dm cacagown ig .craft ssk susukan,tegalarum,borobudur",False,False,True,False,True,False,False,True,False,False,False,True
1066,ternyata plastik daur ulang buat emoney,False,False,True,False,True,False,False,False,True,False,True,False
1769,ikuti pawai budaya hut ke- balikpapan besok koja bakal pamerkan baju betawi daur ulang plastik,False,True,False,False,True,False,False,True,False,False,False,True
1056,tinggal pelarangan export bahan mentah plastik pet daur ulang ln pertumbuhan investasi industri daur ulang seluruh wilayah nusantara tumbuh jawa timur banten.. bagaimana mau bersih indonesia nilai ekonomisnya habis transportasi?,True,False,False,True,False,False,True,False,False,True,False,False
518,beli yg tukar galon jujur sulit akses tenaga buat daur ulang sampah plastik. beli galon air minum seminggu sekali,False,True,False,True,False,False,True,False,False,True,False,False
1836,"sampah ga daur ulang pak,sampah peradaban jenis buzzer koruptor.kalau segera diuraikan berdampak puluhan bakan ratusan tahun kedepan.",True,False,False,False,True,False,True,False,False,False,True,False
1617,"tukar botol bekas rp jerman hampir seluruh produk minuman jerman botolnya tertera lambang daur ulang, baik kemasan plastik maupun gelas. sistem daur ulang sangat lama diberlakukan, jenis daur ulang, daur ulang beberapa kali (mehrwegpfand), biasanya kemasan berbahan gelas, daur ulang sekali (einwegpfand). sistem daur ulang sistem pfand (deposit) dimaksudkan semua orang membawa botol kosong mengembalikannya digunakan kembali. daur ulang sekali kemasan plastik berbahan polyethyl enterephthalat (pet) kemasan minuman kaleng berbahan aluminium. sistem einwegpfand walaupun memuaskan semua orang termasuk pencinta lingkungan, paling sampah plastik diminimalkan. botol pet kembalikan dihargai cent (berdasarkan kurs senilai rupiah), kemasan daur ulang beberapa kali berbeda-beda jumlah terima, tergantung jenis ukuran botolnya. jerman mesin automat merata supermarket. konsumen cukup mengembalikan botol-botol kosong tanda daur ulang tersebut mesin-mesin tersedia. bagaimana cara kerja mesinnya? botol-botol bekas satu persatu dimasukkan mesin automat. layar tersedia terhitung automatis berapa jumlah botol berapa euro terima. selesai memasukkan semua botol, tanda bukti dapatkan menekan tombol tersedia. secarik kertas kecil keluar sesuai jumlah tertera layar automat. bukti menggunakannya potongan jumlah pembelian kita, meminta uang tunai berbelanja sana. (kompasiana)",False,True,False,False,False,True,False,False,True,False,False,True
1230,"aksi bersama buat perubahan every week we clean we educate we chnage relawan org, anak² org sampah plastik kg, daur ulang kg terima kasih buat relawan yg hadir kali ini, tetap semangat..",False,False,True,False,True,False,False,False,True,False,False,True
125,sampah plastik dihasilkan sulit terdegradasi daur ulang alami butuh kepedulian banyak pihak mendapatkan solusinya. simak selengkapnya insight with hari pukul . wib,False,True,False,True,False,False,False,True,False,True,False,False
797,menyoal investasi industri daur ulang sampah plastik tantangannya luar biasa seabrek. salah satunya pemilahan sampah optimal. industri daur ulang mau repot memilah membersihkan.,True,False,False,False,True,False,True,False,False,False,True,False
1079,jangan mau terkecoh slogan: daur ulang plastik solusi. it is not. daur ulang membantu cuma sedikit sekali. tuntut perubahan desain pengurangan produksi jangkauan extended producer responsibility lebih luas. plasticpollution,True,False,False,True,False,False,True,False,False,True,False,False
622,id bagus si konsepnya cuma kalo diturunkan kepasaran kurang ngena. emang bagusnya daur ulang jadi kantong belanja ato macem perabot diaplikasiin plastik bungkus ini.,True,False,False,False,True,False,False,True,False,False,False,True
409,galon sekali pakai jadi primadona industri daur ulang krn saking mudahnya bahan utk daur ulang menjadi berbagai produk yg memiliki nilai tinggi geotekstil dakron pakaian. bahkan olahan pet ternyata jadi salah satu sumber ekspor indonesia lho.,False,True,False,False,False,True,False,True,False,False,False,True
1644,"daur ulang penggunaan kertas pp nonwoven pengganti kantung plastik ternyata bukanlah solusi terbaik mengendalikan sampah plastik. sebuah diskursus tampak kajian california state university, . ternyata memproduksi (satu) ton bubur kertas (paper pulp) dibutuhkan (tiga) ton kayu. artinya? ..sama-sama berdampak negatif. plastic recycle rate indonesia ,%, us % jerman % (inaplas, ). tingkat daur ulang sampah plastik indonesia sangat rendah sebagian besar sampah didominasi kantung plastik belanja. kantung plastik belanja terlalu ringan menarik pemulung pengusaha daur ulang. mengandung %-% kalsium filler bahan konvensional lainnya menyebabkan sulit didaur ulang (rivai, ). manajemen limbah plastik menghadapi tantangan sangat kompleks. berawal dipilahnya sampah organik anorganik sejak rumah tangga. berlanjut terbatasnya sarana prasarana pengelolaan sampah. sisi teknis terdapat beragam material digunakan sulit didaur ulang. masalah penegakan hukum, adanya sanksi tegas tindakan membuang sampah sembarangan. kunci pengelolaan sampah plastik bagaimana cara meningkatkan plastic recycle rate indonesia. dimulai pemilahan khususnya plastik sejak rumah tangga didukung sarana prasarana pengelolaannya. sesuai amanah uu no./ pp /, membutuhkan komitmen semua pihak : masyarakat, perusahaan (swasta negara), ngo, pemerintah pengelolaan sampah. al akhdzu bil asbab, sekecil selemah apa pun, manusia wajib berusaha.",True,False,False,True,False,False,True,False,False,True,False,False
1355,"kode angka tercetak bawah botol kemasan plastik kode identifikasi plastik disebut resin identification code (ric). kode biasanya terdiri tanda panah segitiga mengelilingi angka tertentu, menunjukkan jenis plastik digunakan. kode membantu proses daur ulang pengolahan sampah plastik memungkinkan identifikasi jenis plastik digunakan, gilirannya mempengaruhi kemungkinan didaur ulang tidak. koderic daurulang sampahplastik",False,False,True,False,False,True,False,False,True,False,False,True
1576,pesanan org pembuatan baju daur ulang plastik utk agustus.tp siap.,True,False,False,False,True,False,True,False,False,False,True,False
500,sampahku udah dipilah dus box plastik pet plastik pe pp. tp pas diambil semua dijadi satu. sia sia mana skrg rapel dah ga terima sampah pet. malah sulit mau jual utk daur ulang,False,True,False,True,False,False,True,False,False,True,False,False
1593,"solopos.com, karanganyar–pabrik daur ulang plastik cv nd plasindo jongkang, buran, kecamatan tasikmadu, kabupaten karanganyar, ludes dilalap api kamis (//). kebakaran terjadi diduga panel listrik tersebut meledak akibat korsleting. pemilik pabrik daur ulang plastik cv nd plasindo, iswahyudi, mengatakan menerima laporan kebakaran pukul . wib. kejadian, lanjutnya, gudang karyawan bekerja sif malam.“informasi terima karyawan korsleting bagian panel meledak. lalu membakar semua pabrik,” kata solopos.com, kamis pagi. langsung melaporkan kejadian pemadam kebakaran. tiga unit mobil pemadam kebakaran tiba lokasi. cukup kesulitan memadamkan api, mengingat kobaran api membesar bahan plastik mudah terbakar.iswahyudi memperkirakan akibat kejadian mengalami kerugian hingga rp miliar. “ini pabrik daur ulang biji plastik. full bahan plastik memang mudah terbakar,” kata dia. hingga kini api membara. api berhasil dijinakkan. petugas pemadam kebakaran berusaha melokalisasi api merembet lokasi lain. lantaran kondisi pabrik tak jauh spbu buran pabrik lain.",True,False,False,False,True,False,True,False,False,False,True,False
345,lewat tangan kreatif limbah sulit hancur disulap menjadi potret karya seni bernilai tinggi. inilah bentuk kepedulian lewat kreativitas mengubah sampah jadi pesan menjadikan seni solusi. temukan wajah plastik pasar gotong royong aplikasi,False,True,False,False,True,False,False,False,True,False,False,True
280,gunungpati ubah sampah plastik jadi bbm pemkot semarang dorong uji laboratorium kecamatan gunungpati ubah sampah plastik jadi bbm. pemkot semarang gandeng universitas uji laboratorium dukung inovasi ramah lingkungan.,False,False,True,False,True,False,False,False,True,False,True,False
302,bukan beras biji plastik dr daur ulang limbah plastik. stlh jd biji plastik nantinya bs u/mmbuat pruduk² dr plastik sesuai bahan masing² dgn cr dicetak mnggunakan mesin injection molding(helm ember dll) mesin blowing(jeriken bola dll) mesin extruder(plastic sheet).,False,True,False,False,True,False,False,False,True,False,False,True
949,penanganan sampah plastik bergantung daur ulang semata. diperlukan alternatif mengurangi sampah plastik. harilingkunganhidupsedunia adadikompas,True,False,False,False,True,False,True,False,False,False,True,False
711,disini plastik gampang bet dapetnya trus tempat pengelolaan daur ulang plastik sedikit jadinya numpuk gitu akhirnya,False,True,False,True,False,False,True,False,False,True,False,False
802,alif r kenal gua limbah plastik minta daur ulang.,False,True,False,False,True,False,False,False,True,False,True,False
1139,cara membuat sarung tangan plastik proses mendaur ulang kantong kresek bekas daurulang sarungtangan plastikbekas,False,True,False,False,True,False,False,True,False,False,False,True
1751,pernah mendaur ulang plastik. ekonomi masuk. harga biji plastik virgin selalu lebih murah biji plastik daur ulang. r reduce reuse recycle. urutannya gitu reduce reuse baru recycle.,True,False,False,True,False,False,True,False,False,True,False,False
222,kreatifitas olah sampah plastik jadi furniture cantik sampah plastik lama menjadi masalah lingkungan hidup sulit terurai alami. tangan ..,False,False,True,False,True,False,False,False,True,False,False,True
1303,"referensi kostum daur ulang kresek tutup botol plastik. buat kamu bingung cari ide kostum daur ulang, event sekolah, karnaval,dll semoga menginspirasi..hand with index finger and thumb crossed fyp jangkauanluas viral",False,False,True,False,False,True,False,False,True,False,False,True
875,menfess jangan disamain sm indo nder malah klw minum air mineral lebih sering pakai botol sekali pakai jarang yg pakai galon isi ulang sampah plastik daur ulang rakyatnya disiplin tau gimana milah sampah coba deh liat drama adegan ~,True,False,False,True,False,False,True,False,False,True,False,False
452,industri daur ulang diperkirakan meroket sebuah proyeksi terbaru memperkirakan industri daur ulang meroket mencapai nilai rp. triliun . plastik pet muncul pelopor menempati pangsa persen.,False,False,True,False,False,True,False,True,False,False,False,True
1409,karya awal relief daur ulang sampah plastik tahun . relief daur ulang sampah plastik kh.maimoen zubair. firerecycling symbolred heartIndonesia. art relief recycleart recycleplastic recyclingart khmaimoenzubair theartofrecyclingplasticwaste daurulangsampah artisaweapontodestroywaste daurulangplastik seniadalahsenjata pilahsampahdarirumah,False,True,False,False,False,True,False,False,True,False,False,True
85,inilah salah satu tempat daur ulang botol plastik lombok pet kawasan kuranji lombok barat. salah satu unit bisnis daur ulang recycling business unit dampingan indonesia dikelola ud lombok pet. circulareconomy bijakberplastik,False,False,True,False,False,True,False,True,False,False,False,True
1194,sampah plastik daur ulang lebih baik buat haskar bungkus soklin jadikan haskar ambal,False,True,False,True,False,False,False,True,False,True,False,False
625,pernah baca sekilas kurang yakin tepat engga. daur ulang sampaah segi pelaksanaan lebih ribet ketimbang buat baru murni biji plastik prosesnya lebih lama (pemilahan sterilisasi peleburan dll) biayanya lebih gede,True,False,False,False,True,False,True,False,False,False,True,False
269,nah produsennya terkesan abai aturan &amp; janji doang pemerintah ambil tindakan tegas. mumpung momen hari bumi perlu desak pemerintah menindak danone aqua soal sampah kemasan gelas plastik kecil yg terbukti merusak indonesia.,False,True,False,True,False,False,False,True,False,True,False,False
1082,mau mengemukakan pemikiran sedikit sampah daur ulang gaya hidup. semakin hari sampah (terutama plastik) semakin banyak selalu inovasi baru alternatif pengganti plastik lebih ramah lingkungan seberapa efektif?,False,True,False,False,False,True,False,True,False,False,False,True
293,bukan kaleng mungkin harfiah maksudnya plastik daur ulang (mungkin),False,True,False,False,False,True,False,True,False,False,False,True
1884,"yg utama fasilitas buat tempat sampah ga ad daerah, masyarakat bingung buang sampah mana, akhirnya didik buang sembarangan, kalo jepang kn ad memilah sampah mana yg plastik mana makanan &amp; tiap beberapa hari ad yg mengangkut sampah daur ulang",False,False,True,False,True,False,False,False,True,True,False,False
789,. mengubah sampah plastik yg ditolak pengepul/loak menjadi paving block. keren hasil daur ulangnya keren sumbernya nyerap sampah yg diserap industri daur ulang skrg.,False,True,False,False,False,True,False,False,True,False,False,True
419,resmikan pabrik daur ulang pet berteknologi food grade menperin optimistis memperkuat ekosistem daur ulang ekonomi sirkular.,False,False,True,False,False,True,False,False,True,False,False,True
475,coca-cola europacific partners indonesia dynapack asia memungkinkan sirkulasi lokal botol plastik pendirian fasilitas daur ulang pet amandina bumi nusantara yayasan mahija parahita nusantara copy,False,False,True,False,False,True,False,True,False,False,False,True
806,ternyata sampah plastik daur ulang uk ngga diproses negeri malah dikirim asia. parah banget sekarang malaysia jadi salah satu tujuan rrt nolak ekspor sampah plastik. sepertinya indonesia terima sampah investigasi.,True,False,False,True,False,False,True,False,False,True,False,False
1557,"ecobrick bukan solusi sangat sedih mengetahui sebagian orang, termasuk projek p sekolah, membuat ecobrick menghasilkan banyak sampah plastik membuat lebih banyak ecobrick crying face. sahabatbasmenjar, menciptakan solusi mengatasi masalah bukan sebaliknya. ecobrick lebih tepat diaplikasikan daerah memiliki fasilitas daur ulang tempat pemrosesan akhir (tpa) pulau-pulau terluar. perlu mengingat membuat ecobrick, tahapan penting membuat ecobrick menolak plastik. menolak kantung plastik, sedotan, menghindari makanan dibungkus banyak plastik. hari semakin hari akui, plastik menjadi bagian tak terpisahkan kehidupan kita, muncul ide ecobrick. namun, sebuah ecobrick bukan alasan terus menghasilkan banyak sampah plastik. ecobrick bukan solusi permanen sampah plastik. mengurangi pemakaian plastik rumah digunakan membuat ecobrik, pertanda baik thumbs up. berto sitompul",True,False,False,True,False,False,True,False,False,True,False,False
1959,"sampah kecil kalau dibiarkan jadi masalah besar! yuk, mulai simpel buang sampah tempatnya, kurangi plastik, manfaatin daur ulang! pastiin internetan lancar pakai smartfren! rocket persenuntukindonesia smartfrencommunity temanpintarindonesia",False,False,True,False,True,False,False,False,True,False,True,False
655,plastik awalnya dibuat memudahkan kehidupan manusia kini menjadi ancaman. jumlah produksi konsumsi plastik meningkat dibarengi proses daur ulang memadai.,True,False,False,True,False,False,True,False,False,True,False,False
658,penggunaan produk plastik hasil daur ulang berisiko kesehatan: sampahplastik menjadi persoalan pengelolaan sampah indonesia sulit terselesaikan. pasalnya komponen plastik menjadi jenis sampah sulit,True,False,False,False,True,False,True,False,False,False,True,False
1732,halo! ahmad nauval ariq ms mahasiswa ft ui sedang meneliti persepsi masyarakat pembelian produk daur ulang plastik pet. hadiah responden beruntung: saldo gopay/ovo/dana rp .. terima kasih,False,True,False,False,False,True,False,True,False,False,False,True
1040,kalo plastik kode tertentu daur ulang mudah lainnya butuh penanganan khusus justru daur ulang sama sekali.!! solusinya dicari yg menggantikan yg tdk daur ulang,True,False,False,False,True,False,True,False,False,True,False,False
346,blub solusi inovatif mahasiswa itb kurangi sampah plastik berhasil raih prestasi pertamuda selengkapnya: itbnews prestasiitb inovasi sampahplastik multidisiplin pendidikan transformasiitb itbsolid kampusmerdeka,False,False,True,False,True,False,False,True,False,False,True,False
706,emang packaging apa? mungkin dg gak pake plastik asal lg ngurangin beban bumi? krn daur ulang plastik sangat terbatas.,True,False,False,True,False,False,True,False,False,True,False,False
1111,tahun sampah plastik didaur ulang cuma % total yg dihasilkan. % dibakar buat energi sisanya masuk landfill semua. iya yg diekspor diolah us dimasukin kategori daur ulang. jadi yg murni didaur ulang sedikit.,True,False,False,True,False,False,True,False,False,True,False,False
883,ga gitu sih galon sekali pakai berbahan pet d daur ulang jarang temukan d tumpukan sampah yg banyak tetep botol plastik,False,True,False,True,False,False,True,False,False,True,False,False
281,gini ngelarang bakar sampah fafifunya. warga butuh solusinya juga. kalo ga dibakar lalu diapakan? harusnya diberikan fakta penanganan sampah indo khususnya plastik emang jelek. hasilnya bakar sampah jadi alternatif. kalo dilarang lalu apa?,True,False,False,True,False,False,True,False,False,True,False,False
1077,ie tau darimana kalo emang plastik daur ulang?. emng sedikit trust issue sih sama brand yg klaim pake kata kata,False,True,False,False,True,False,True,False,False,True,False,False
962,laporan sama menyebutkan % plastik memiliki nilai memadai didaur ulang. artinya melawan monster plastik lautan daur ulang plastik cukup menekan penggunaan plastik sekali pakai. akujagalaut,True,False,False,True,False,False,True,False,False,True,False,False
747,udah nonton belum? serem bangett sampah plastik tuh bahaya kan susah daur ulang ya. nah sekarang galon sekali pake gitu bikin tambah bnyk sampah plastik dong mending sih pake galon isi ulang aqua gitu..,False,True,False,True,False,False,True,False,False,True,False,False
891,pelajaran ambil . daur ulang sampah plastik diurai kurun waktu singkat . hemat biaya memakai alat bahan seadanya . mengisi waktu luang kegabutan . bahagia sederhana,True,False,False,True,False,False,True,False,False,True,False,False
18,warga binjai olah sampah plastik jadi bbm,False,True,False,False,True,False,False,True,False,False,False,True
617,sistem pengumpulan kurang baik menyebabkan botol plastik bekas terbuang lingkungan hingga mencemarinya. sahabat tahu apa proses daur ulang botol plastik bekas rbu tangerang selatan? yuk simak foto-foto atas ya!,False,True,False,False,False,True,True,False,False,False,False,True
647,sampah: harta bencana? tahu sampah jadi emas daur ulang jadi barang baru hingga energi terbarukan! seenaknya buang sampah sembarangan? jalanan penuh plastik sungai tersumbat laut menjerit! apa cuma pandai omong nol,True,False,False,True,False,False,True,False,False,True,False,False
719,trubusmania peneliti lipi: limbah plastik daur ulang meninggalkan polutan trubusid,True,False,False,True,False,False,True,False,False,True,False,False
1015,temuan kunci laporan antaranya adalah: ) tak komitmen mulai menghentikan penggunaan kemasan plastik sekali pakai perusahaan disurvei. solusi ditawarkan daur ulang breakfreefromplastic ourocean ourocean pantangplastik,True,False,False,False,True,False,True,False,False,False,True,False
833,padahal sterofoam plastik paling rendah. tdk bsa dijadikan biji plastik lagi. artnya tdk bsa daur ulang,False,True,False,False,True,False,False,True,False,True,False,False
792,pemerintah memajukan memayungi industri daur ulang plastik tanah air yg menjadi kontributor kekuatan ekonomi nasional.,True,False,False,False,True,False,True,False,False,False,True,False
1584,"keren.. kalau dirmh sdh dong memilah sampah setor bank sampah plastik kotor dicuci biar ga bau trs dikumpulkan, pilah yg bening, bercap, mengandung alumunium foil pastinya botol.. awal ribet tp lama jd kebiasaansmiling face with hearts melakukan spt bli nya krn kan butuh alat tentunya ayo kumpulkan sampah plastik setor bank sampah kitaflexed biceps",False,True,False,False,True,False,False,False,True,False,False,True
1896,ngabuburit ramah lingkungan? dong! berikut tips-tipsnya: ⁃bawa wadah sendiri ⁃kreatif daur ulang sampah ⁃ngabuburit olahraga ⁃kelola sampah organik jabarmenyalaindonesiamaju jabaristimewa kdmerwan sungaicitarum citarum citarumharum,False,True,False,False,True,False,False,False,True,False,False,True
885,galon sekali pakai berbahan pet d daur ulang jarang temukan d tumpukan sampah yg banyak tetep botol plastik,False,True,False,True,False,False,True,False,False,True,False,False
553,kakak ipar gua bikin tempat usaha daur ulang plastik modalnya dr gadein sk bank ambil m.. lancar..?? cuma bulan doank sisanya bangkrut.. mau ga mau gajinya auto d cut buat bayar utang..,True,False,False,False,True,False,True,False,False,False,True,False
1385,[kelas kreasi pengolahan sampah plastik mahasiswa pbl fkm uho kelurahan lapulu] dewasa sampah plastik menjadi masalah global menjadi perhatian banyak negara. sampah plastik membutuhkan waktu lama terurai. sumber: nur aisyah darwis selengkapnya: kelaskreasi mahasiswapblfkmuho pengolahansampahplastik kelurahanlapulu,False,True,False,False,True,False,False,False,True,False,False,True
1959,"sampah kecil kalau dibiarkan jadi masalah besar! yuk, mulai simpel buang sampah tempatnya, kurangi plastik, manfaatin daur ulang! pastiin internetan lancar pakai smartfren! rocket persenuntukindonesia smartfrencommunity temanpintarindonesia",False,False,True,False,True,False,False,False,True,False,True,False
1730,solusi daur ulang sampah plastik hanyalah ilusi,False,True,False,True,False,False,True,False,False,True,False,False
684,gitu isu lingkungan kek gak dijadiin konsen produsen amdk malah menambah jenis sampah plastik baru tingkat daur ulang sampah sangat rendah.,True,False,False,True,False,False,False,True,False,True,False,False
333,pt yakult indonesia persada berupaya melakukan pengelolaan sampah plastik pengurangan penggunaan kantong plastic pengadaan kemasan double pack &amp; penarikan sampah botol pelanggan. inilah komitmen yakult mewujudkan solusi sampah plastic melalui aksi integrase. ad,False,False,True,False,True,False,False,True,False,False,True,False
733,waspada serangan monster plastik! lebih % plastik didaur ulang perusahaan terus meningkatkan produksi plastiknya. daur ulang menyelesaikan masalah plastik lho breakfreefromplastic pantangplastik,True,False,False,True,False,False,True,False,False,True,False,False
1589,katanya fashion show daur ulang plastik pernah buat bawa belanja grinning facealias original hehe masa kecilmu bunda simpan dimemory bunda yg gak pernah hilang assalamualaikum warahmatullahi wabarokatu salam anak tk mmt muara delang,True,False,False,True,False,False,True,False,False,True,False,False
221,keren dlhk banda aceh olah sampah plastik jadi minyak mentah,False,True,False,False,True,False,False,False,True,False,False,True
605,buang buang limbah plastik aja padahal sampah paling susah daur ulang plastik malah ngelakuin kurang penting kayak gini. padahal eceran banyak warung ngga / kg. lagian beras ngga basi,False,True,False,True,False,False,False,True,False,True,False,False
1277,"kamu sering lihat kursi plastik warung makan rumah-rumah, tahukah kamu kalau kursi dibuat sampah plastik daur ulang? recycling symbol plastik bekas, dilelehkan, dicetak, jadi kursi kuat tahan lama! prosesnya bener-bener keren gak banyak orang tahu! exploding head kalian, solusi bagus buat mengurangi sampah plastik? komen bawah ya! jangan lupa like, share, subscribe biar makin banyak peduli lingkungan! seedlinggreen heart hashtag: daurulang sampahplastik recycling ecofriendly plastikdaurulang sustainability gogreen diy faktamenarik shorts",False,False,True,False,True,False,False,False,True,False,False,True
1360,"yspcmotor.blogspot.com - teknologi pengolahan sampah plastik jerman canggih lur, semoga menginspirasi & banyak digunakan berbagai negara, keren.. :smiling face with heart-eyes:face blowing a kissthumbs up pengolahansampahplastik jerman sampahplastik zerowaste",False,False,True,False,True,False,False,False,True,False,False,True
306,daur ulang memang begitu. cuma diplintir nasi kejamnya dunia. wkwkwkkwk lu makan tuh bijih plastik,False,True,False,True,False,False,False,True,False,True,False,False
1203,daur ulang sampah.. jarang update soalnya ngumpulin sampah dulusmiling face with open handssmiling face with open hands.. yuk daur ulang sampah menjadi lebih berguna smiling face with smiling eyessmiling face with smiling eyes duarulang sampah plastik fyp jangkauanluas,False,True,False,False,True,False,False,False,True,False,True,False
1797,foto: bank sampah tangerang daur ulang sampah plastik jadi kerajinan tangan newsupdate update news text,False,True,False,False,True,False,False,False,True,False,False,True
813,mcr mas kalau sampeyan ngomong bio plastik argumen sampeyan sama kondisi dulu ga relevan. dimasalahin plastik udah tahun mengambang terurai. apakabar plastik seangkatan? mau bilang daur ulang polusi udah level mengkhawatirkan.,True,False,False,True,False,False,True,False,False,True,False,False
574,knpa koq malah pake kardus?! koq gk mikir pake yg bhn plastik aj gitu kek.. lbh baik pake yg daur ulang untungnya x. meski wujudnya jelek poll lebih baik kardus yg gk tahan-tahannya sama sekali dg air. ato emng gk thu klo indo musim hujan?!,True,False,False,True,False,False,False,True,False,True,False,False
791,berarti mengurangi sampah lebih ramah lingkungan ya? perlu dipertimbangkan manajemen sampah kota/negara lain. kalo daur ulang plastik difasilitasi baik bagus. kalo sampahnya cuma ditumpuk aja lebih baik dikurangin. (/),True,False,False,False,True,False,True,False,False,False,True,False
347,bantu kembangkan gaes ya.. solusi sampah botol plastik,False,True,False,False,False,True,False,True,False,False,False,True
1004,harap diingat saudara bahkan utk kegiatan daur ulang memperpanjang pemakaian plastik. proses daur-ulang butuh energi (lagi) hasilkan emisi. jadi jgn berpuas diri tetap berupaya lbh pemkot surabaya .,True,False,False,True,False,False,True,False,False,True,False,False
814,udah kenal sama plastik tiap hari kalian gunakan gaes ?? kalau nih mimin punya info nya bahanya buat kalian so kurangin penggunaan plastik yah gaes. projectbindonesia butikdaurulang,False,True,False,False,False,True,False,False,True,False,False,True
651,kebakaran melanda lapak daur ulang plastik jalan gaga rawa kompeni kamal kalideres jakarta barat jumat (//). pantauan lokasi api berkobar membakar seisi lapak semipermanen tersebut. cil inews plastik kalideres daurulang,True,False,False,False,True,False,True,False,False,False,True,False
834,ilustrasi lamunan plastik kualitas rendah -&gt; siklus daur ulang -&gt; dijual/beli -&gt; bahan bakar -&gt; bakar terbuka -&gt; cemaran lingkungan kesehatan ‍-&gt; temuan dioksin mikroplastik -&gt; ..,True,False,False,True,False,False,True,False,False,True,False,False
825,nilai cukai plastik daur ulang bakal lebih rendah,True,False,False,True,False,False,False,True,False,True,False,False
1518,"daur ulang merupakan sebuah langkah kecil berdampak besar lingkungan. sayangnya, pengenalan konsep daur ulang indonesia terbilang rencah. data sustainable waste indonesia (swi) , sampah plastik didaur ulang indonesia baru persen sisanya berakhir tempat pembuangan akhir (tpa). . mitos daur ulang bawa dampak baik banyak orang memiliki pola pikir melakukan daur ulang akhirnya.menurut data recycle now, daur ulang dilakukan inggris mampu menurunkan emisi karbon — juta ton per tahunnya. angka tersebut setara menghilangkan , juta mobil jalan. . mitos benda didaur ulang satu kali rumah sebenarnya menghasilkan sampah didaur ulang. sebut plastik, kardus, cangkang telur, hingga kantong teh. semua benda tersebut digunakan kembali. . mitos daur ulang mahal benda-benda berasal daur ulang diklaim barang mahal. terkait pengumpulan proses pembuatannya. namun, tersebut sepenuhnya benar. mendaur ulang sampah malah menghemat pengeluaran membeli barang baru sekaligus tagihan sampah bulanan. sekarang coba mulai perhatikan benda-benda terpakai rumah. jadi barang manfaatkan kebutuhan lain.",False,True,False,False,False,True,False,False,True,False,False,True
1118,produksi plastik lebih hemat produksi kertas (itu bermaksud mengganti kantong plastik dgn kertas). sekarang sedikit rang-orang berburu plastik olahan daur ulang. apa perlu urusan plastik dikuasai ri?,True,False,False,False,False,True,False,True,False,False,False,True
1456,daur ulang plastik bekas jadi pelet putih berkualitas reels,False,True,False,False,False,True,False,False,True,False,False,True
1211,meja & kursi rangka hollow papan plastik daur ulang sampah fyp daurulangsampahplastik cilegon recycle fbpro,False,True,False,False,True,False,False,True,False,False,False,True
834,ilustrasi lamunan plastik kualitas rendah -&gt; siklus daur ulang -&gt; dijual/beli -&gt; bahan bakar -&gt; bakar terbuka -&gt; cemaran lingkungan kesehatan ‍-&gt; temuan dioksin mikroplastik -&gt; ..,True,False,False,True,False,False,True,False,False,True,False,False
1265,"daur ulang kantong plastik kresek, daur ulang botol plastik mesin daur ulang kantong plastik kresek botol plastik teknologi dirancang mengolah sampah plastik menjadi bahan baku digunakan kembali. mesin bekerja cara menghancurkan, mencuci, mencairkan plastik terpakai, baik kantong plastik kresek maupun botol plastik, menjadi pellet material plastik siap digunakan proses produksi. proses daur ulang mengurangi jumlah sampah plastik mencemari lingkungan, mengurangi kebutuhan bahan baku plastik baru, berdampak positif penghematan sumber daya alam. keunggulan mesin daur ulang plastik terletak kemampuannya mengolah berbagai jenis plastik efisiensi tinggi, mengubahnya menjadi produk bermanfaat kembali. mesin sering digunakan industri daur ulang mendukung kelestarian lingkungan, mengurangi polusi plastik, menghasilkan bahan baku dimanfaatkan berbagai sektor industri, mulai pembuatan produk plastik baru hingga barang-barang komposit lainnya. teknologi semakin berkembang, mesin dilengkapi sistem pemisahan otomatis memproses berbagai jenis plastik terpisah, meningkatkan kualitas hasil daur ulang. daurulangplastik recyclingplastic kantongplastikkresek daurulangbotolplastik lingkunganbersih plastikdaurulang inovasidaurulang hematsumberdaya jagabumi ecofriendly",False,False,True,False,False,True,False,False,True,False,False,True
194,kkn uad bantu warga olah sampah plastik jadi bahan bakar diesel - - uad universitasahmaddahlan uadunggul weareuad muhammadiyah islamberkemajuan unggul newsuad,False,True,False,False,True,False,False,True,False,False,False,True
176,new post: daur ulang sampah indonesia baru atasi persen sampah plastik,True,False,False,True,False,False,False,True,False,True,False,False
1189,daur ulang sampah plastik menjadi barang mempunyai nilai jual,False,True,False,False,True,False,False,False,True,False,False,True
750,meskipun tergolong baru populer mesin daur ulang plastik (rvm) yg dipersembahkan bsi memberikan dampak hasil baik utk lingkungan. balisustainablemovement,False,False,True,False,False,True,False,False,True,False,False,True
1677,"sampah dipandang sebelah mata kalau cara memanfaatkan nya menjadi nilai ekonomi, dimanfaat kan sebagi daur ulang kerajinan , dijual pengempul sampah (kang rongsokan) dampak positif nya lingkungan menjadi bersih bebas sampah plastik.. . . disadari sampah yg berserak kalau dijual uangnya buat tambah beli jajan anak :smiling face with heart-eyes::smiling face with heart-eyes: semoga menjadi motivasi lebih peduli lingkungan folded hands",False,False,True,False,False,True,False,False,True,False,False,True
630,kemasan galon menggunakan polikarbonat memiliki kode daur ulang plastik ric nomor . infotempo bpafree,False,True,False,False,True,False,False,True,False,False,True,False
346,blub solusi inovatif mahasiswa itb kurangi sampah plastik berhasil raih prestasi pertamuda selengkapnya: itbnews prestasiitb inovasi sampahplastik multidisiplin pendidikan transformasiitb itbsolid kampusmerdeka,False,False,True,False,True,False,False,True,False,False,True,False
672,indonesia teknologi daur ulang plastik terbatas. kalau ln dipakai tenaga listrik sini sptnya blm ada. jadi paling bener kurangi penggunaan plastik dr diri sendiri.,True,False,False,True,False,False,True,False,False,True,False,False
130,adakan pelatihan memberdayakan perempuan khususnya kaum milenial pelatihan pembuatan boneka plastik daur ulang,False,False,True,False,True,False,False,True,False,False,False,True
343,mesin extruder lembaran plastik solusi canggih produksi lembaran plastik berkualitas tinggi! teknologi modern mesin mampu menghasilkan material kuat presisi serbaguna. extruderplastik mesinindustri manufaktur injectionmolding teknologiindustri,False,True,False,False,True,False,False,True,False,False,False,True
1877,"gw ngakak blg produk gagal sama yg udh mengharumkan nama negara,klw sistem nya bgtu,trus yg msh jd bban negara,apa dong nama nya?sampah negara trlalu bagus,krna bsa d daur ulang,trus apa yg pntes julukan bt ni pig facebangke kali lebih pantesrelieved face",False,True,False,False,True,False,False,True,False,False,True,False
1807,dlh kota tasikmalaya pabrik daur ulang plastik dilaporkan gakkum klhk walhi jabar,True,False,False,True,False,False,True,False,False,True,False,False
1155,"menilik uniknya ajang balap perahu manfaatkan limbah plastik uganda uganda mengadakan balapan perahu plastik daur ulang sabtu (/) bagian upaya sedang dilakukan memerangi pencemaran air. acara tersebut digelar danau victoria dekat distrik wakiso uganda tengah, menarik peserta berbagai sekolah dasar menengah berlokasi perairan itu. romina wilke koehler, anggota dewan hills international school, merupakan salah satu penyelenggara acara tersebut, mengatakan edisi keempat ajang balapan itu. ""kami bertanya sekolah bagaimana membuang plastik (yang digunakan). mengumpulkan plastik kemudian membuangnya lagi,"" jelas koehler. menyebutkan sejumlah sekolah mengembangkan cara-cara inovatif mendaur ulang sampah plastik, mengubahnya menjadi kerajinan tangan, kursi, meja. ""kita perlu menemukan cara mengurangi pencemaran perairan kita. bergantung air penghidupan, jadi sangat penting berbicara generasi penerus cara melindunginya (perairan),"" ujarnya. koehler menyatakan optimismenya lebih banyak orang berkontribusi mengurangi polusi melalui inisiatif ini. peter julius ogenrwot, seorang guru sekolah menengah chrysalis distrik omoro, uganda utara, mengatakan mendengar acara tersebut media sosial memutuskan berpartisipasi. ""kami memulai klub daur ulang, kini membuat kursi tempat sampah botol plastik dikumpulkan sekolah,"" ujarnya. menekankan ajang balap perahu memberikan kesempatan siswa memahami pentingnya konservasi air daur ulang sampah plastik.",False,False,True,False,True,False,False,False,True,False,False,True
310,daur ulang plastik jadi tas? luar biasa sekali,False,True,False,False,True,False,False,False,True,False,False,True
641,topnewsmetrotv pemerintah memiliki perhatian pengolahan sampah plastik berupaya terus mendorong industri daur ulang plastik nasional. pemerintah optimis daur ulang sampah plastik dikembangkan. daur ulang sampah plastik menguntungkan?,True,False,False,False,False,True,True,False,False,False,False,True
386,edukasi konsumen produk daur ulang pet booth le minerale jakarta fair kemayoran (jfk) . tempofoto,False,False,True,False,False,True,False,True,False,False,False,True
1467,"bonsai sampah plastik belajar,masih amatiran, kalau mau sama sama belajar silahkan.. tutorialnya link biru bawah backhand index pointing down selamat mencoba folded hands",False,True,False,False,True,False,False,False,True,False,False,True
1655,"[//]* sebanyak potong sampah botol plastik, gelas cup kaleng ditemukan jalan. akibat kurangnya edukasi pentingnya daur ulang. daur ulang material sampah langkah selanjutnya dilakukan pola hidup rendah sampah dilakukan.",True,False,False,True,False,False,True,False,False,True,False,False
1422,"tersedia bahan daur ulang kelas a. harga sangat terjangkau. memiliki: hdpe seperti: film hdpe gulungan bersih penggilingan ulang botol pil hdpe penggilingan ulang drum biru hdpe penggilingan ulang warna susu hdpe penggilingan ulang hdpe hitam butiran hdpe pet: serpihan pet bal benang pet - pe penggilingan ulang gulungan pet gulungan kemasan pet pp seperti: penggilingan ulang baki pp alami pelet pp alami ldpe seperti: gulungan ldpe - nilon campuran film bal ldpe warna film bal ldpe alami (super a) film ldpe gulungan butiran ldpe hips seperti: gulungan hips bal abs seperti: abs gf purge abs bal pelet pc-abs penggilingan ulang lldpe, sisa jaring ikan, pvb, nilon, asal: spanyol kirim eropa, negara-negara asia, as kontak hubungi sekarang mengetahui harga semua detailnya.",False,True,False,False,False,True,False,True,False,False,False,True
179,siapa bilang sampah berharga? letda inf. sunariyono prajurit kodam v/brawijaya sukses olah sampah plastik jadi sumber penghasilan! simak kisahnya podcast kodam v/brawijaya. simak selengkapnya disini,False,True,False,False,True,False,False,False,True,False,False,True
429,pt inocycle technology group tbk (idx: inov) emiten bergerak bidang daur ulang sampah botol plastik (pet) menjadi recycled polyester staple fiber (repsf),False,True,False,False,False,True,False,True,False,False,False,True
1021,jacqueline mcglade chief scientist unep banyak plastik berlabelkan biodegradable hancur/terurai temperatur °c bukan laut. un solusi utama plastik laut pengumpulan daur ulang sampah lebih baik.,False,False,True,False,True,False,False,False,True,False,False,True
1645,"sahabat lestari, memperpanjang usia plastik daur ulang! daur ulang menjadi salah satu langkah bijak lakukan rumah melindungi bumi lingkungan sekitar. namun, kesadaran pentingnya rendah, nih. kira-kira kenapa, ya? geser slide informasi selengkapnya, winking face",True,False,False,False,True,False,False,False,True,False,True,False
142,venteny &amp; plastic bank indonesia kumpulkan ribu kg plastik daur ulang plasticbankindonesia,False,False,True,False,True,False,False,True,False,False,True,False
1558,maasyah allah hasil karya daur ulang plastik:smiling face with heart-eyes:hanya lomba kreasi bukan fashion show face with hand over mouthrolling on the floor laughingrolling on the floor laughing,False,True,False,False,True,False,False,False,True,False,False,True
186,jatim jajaki olah sampah plastik jadi listrik industri,False,True,False,False,True,False,False,False,True,False,False,True
1097,gak butuh waktu lama loh memilah jenis sampah masukkan ketempat sampah banyak sampah plastik sulit buat daur ulang sedikit orang paham indonesia semangatsalingbantu,True,False,False,False,True,False,True,False,False,True,False,False
898,harusnya lsm tuh lebih mendalami daur ulang plastik terburu mengambil kesimpulan janganmenggiringopini,True,False,False,False,True,False,False,True,False,False,True,False
740,pernah taman recycle kawasan waduk elok penggilingan cakung jakarta timur belum? sesuai namanya taman dihiasi berbagai fasilitas dibuat bahan daur ulang plastik ban bekas. apa keunikannya?,False,False,True,False,True,False,False,False,True,False,True,False
805,sebenernya tdk sosialisasi kantong plastik aza. yg perlu ngimana cara nya kantong plastik diganti dgn kantong bahan daur ulang banyak kantong plastik. dengarnya mengantikan kantong plastik produksi banyak.,False,True,False,True,False,False,True,False,False,True,False,False
940,teknologi daur ulang sampah medis berbahan plastik metode rekristalisasi tengah dikembangkan. metode dinilai mudah membutuhkan energi tinggi. kesehatan adadikompas,True,False,False,False,True,False,True,False,False,True,False,False
990,tsai jin peng sosok pendiri merek ramah lingkungan for next generation. fng fokus teknologi benang daur ulang botol plastik pet. tsai jin-peng bertekad mempraktekkan konsep ekonomi sirkular beranggapan menggunakan bahan benang daur ulang,False,False,True,False,False,True,False,False,True,False,False,True
1868,yg asli nya gerilyawan lalu berubah memakai jas duduk kursi presiden seharus nya berprilaku presiden bukan gerilyawan tak berubah berarti sampah yg tak daur ulang,False,True,False,False,True,False,False,True,False,False,True,False
1744,bantu palestina baznas le minerale masjid istiqlal luncurkan dropbox daur ulang botol plastik dan-masjid-istiqlal-luncurkan-dropbox-daur-ulang-botol-plastik,False,True,False,False,False,True,False,True,False,False,False,True
492,metode daur ulang plastik dilakukan plastik hitam dikenal sulit didaur ulang akibat pigmentasi hitamnya sulit memecah ikatan molekulnya.,False,True,False,False,True,False,True,False,False,True,False,False
1860,opini sampah daur ulang terus,False,True,False,False,True,False,False,False,True,False,True,False
1041,inilah bentuk kepedulian lewat kreativitas mengubah sampah jadi pesan menjadikan seni solusi. temukan wajah plastik pasar gotong royong aplikasi media pintar perjuangan. dukung gerakan daur ulang dukung seniman lokal dukung bumi bersama.,False,True,False,False,True,False,False,False,True,False,False,True
1008,kresek tak pernah tau isi apa tau berakhir tong sampah.. berusaha sebaik mngkin jlnkan tugasnya mkir makanan sampah emas yg masuk.. berharap daur ulang utk jd plastik yg lbh mulia..,True,False,False,False,True,False,True,False,False,True,False,False
599,padahal daur ulang selama layak pakai okay aja. padahal kalau daur ulang mengurangi sampak plastik kan barang selamat yg utama. protes barang dg selamat makai packing daur ulang kayaknya kurang edukasi cinta lingkungan,True,False,False,True,False,False,False,True,False,True,False,False
933,inovasi peneliti daur ulang limbah plastik menjadi bahan bakar cair melalui proses pirolisis. asal mula plastik terbuat minyak bumi. membuat bahan bakar limbah plastik. perlu impor bbm. haripedulisampahnasional,False,False,True,False,True,False,False,False,True,False,False,True
760,halo sahabatkominfo .. kalian tahu kalau sampah plastik ternyata punya banyak simbol daur ulang lho! simbol daur ulang memudahkan mengolah limbah sampah plastik baik lagi!,False,True,False,False,False,True,False,False,True,False,False,True
1963,"cultural practice scrolling timeline, nemu info seru! melbourne, komunitas diaspora indonesia aktif berpartisipasi kegiatan lingkungan, termasuk program daur ulang pengurangan sampah plastik.",False,False,True,False,True,False,False,False,True,False,True,False
1706,"grs-pp biji plastik daur ulang pp aliran tinggi perlu membuat produk kilap tinggi objek besar? pilihlah butiran plastik daur ulang pp aliran tinggi, menghasilkan produk permukaan halus indah, menghemat biaya. taichyu resin bahankompositpp butiranplastikdaurulangpp kustomisasi jualbeligf jualbelipa jualbeliabs jualbelips jualbelipe sertifikasigrs alirantinggi kilau barangkebutuhansehari-hari aksesorisotomotif perlengkapanperkakasantangan injeksiproduktipis",False,True,False,False,False,True,False,False,True,False,False,True
894,selamat hari senin semua pernah terbayang benak kalian botol plastik daur ulang menjadi jok mobil? audi membuktikan daur ulang botol plastik menghasilkan jok komponen mobil keren loh. mpls,False,False,True,False,False,True,False,True,False,False,False,True
120,redam jejak karbon bank mandiri terbitkan kartu debit e-money plastik daur ulang pertama indonesia kartu kredit virtual kartu plastik,False,True,False,False,True,False,False,True,False,False,False,True
1799,foto nestlé indonesia hadirkan . bangku daur ulang plastik pascakonsumsi mengurangi sampah plastik! cek info selengkapnya sini! foto: foto/indrianto eko suwarso &gt;&gt; detikedu nestleindonesia lingkungansehat,False,False,True,False,True,False,False,False,True,False,True,False
284,wakil ketua komisi vii dpr ri evita nursanty meminta kementerian perindustrian (kemenperin) mendukung upaya mewujudkan bali bebas sampah plastik sekali pakai melarang produksi air minum kemasan.,False,True,False,True,False,False,False,True,False,True,False,False
539,jangan dilakukan: dicampur getah pinus dicampur oli bekas dicampur biji plastik dicampur alumunium foil diremek remek jangan ges jangan bahaya,False,True,False,True,False,False,True,False,False,True,False,False
838,karna sampah yg dipilah ki justru siklus daur ulang e lebih menghasilkan uang. botol plastik yg udah kecampur sama sisa makanan harga jual e lebih rendah botol plastik yg mash utuh gak terkontaminasi sisa makanan.,False,True,False,True,False,False,False,True,False,True,False,False
1852,manusia sampah bahkan gak daur ulang! dasar pedo busuk! lo nge grooming anak umur tahun! otak gila! mendiang saeron bahkan sampe memohon sama lo buat kasih waktu buat bayar utangnya. bukan gak mau bayar! cicil! karna ngerintis lagi!,False,True,False,False,True,False,False,True,False,False,True,False
583,bikin tuh mikir gini gak sih?? sampah nya mau dikemanain klo didaur ulang mnrt gue tetep kurang botol plastik yg kecil gtu aja udh banyak yg daur ulang tetep numpuk sampah-sampai nya yg segede itu. stress,True,False,False,True,False,False,True,False,False,True,False,False
1410,wadah pena daur ulang berhias bunga botol plastik mengingatkan kreativitas membawa keindahan sudut kehidupan.,False,True,False,False,False,True,False,False,True,False,False,True
944,pengelolaan sampah plastik cukup sekadar menerapkan sistem daur ulang. perlu regulasi menekan produksi sampah. korantempo,True,False,False,False,True,False,True,False,False,False,True,False
914,daur ulang? sayangnya daur ulang bukanlah solusi utama pengurangan sampah plastik. kebanyakan plastik dibiarkan mencemari lingkungan bahkan termakan satwa laut. pantangplastik breakfreefromplastic,True,False,False,False,True,False,True,False,False,False,True,False
1005,kedua adalah; stop pembakaran sampah limbah rumah tangga sampah plastik lebih baik daur ulang nih awaiters! bukan mengurngi asap polusi mengurangi banyaknya penggunaan plastik menjadi barang baru lebih berguna nih awaiters! gogreen,False,False,True,False,True,False,False,False,True,False,True,False
369,botol plastik lebih tepatnya polietilena (pet) bahan didaur ulang. infografis daur ulang pet jerman,False,True,False,False,False,True,False,True,False,False,False,True
1560,butuh pp dus kamban sebanyak banyaknya buat daur ulang kalo silakan inbox.cocok siap angkut,False,True,False,False,False,True,False,False,True,False,False,True
559,cup plastik tebel gini tuh kelingkungan gimana ya?kalo dibandingkan dgn bungkus plastik jadul paper cup. lebih baik bahan mahal dipisahin pemulung -&gt; dikumpul u/ daur ulang justru lebih jelek susah terurai,False,True,False,True,False,False,True,False,False,True,False,False
1435,pot daur ulang plastik daurulangplastik kreatif daurulang tanamanhias fypchallenge fypage fypviral fbpropemula fbprofyp sorotanpublik,False,True,False,False,True,False,False,True,False,False,False,True
1274,chandelier dibangun botol pet plastik daur ulang,False,True,False,False,False,True,False,True,False,False,False,True
966,daur ulang plastik menghindari penggunaan plastik sepenuhnya darlings mendaur ulang plastik gunakan mengumpulkan memisahkan sampah plastik berdasarkan jenis-jenisnya siapdarling,False,True,False,False,False,True,False,False,True,False,False,True
745,adupi: industri daur ulang plastik pulih tahun depan,True,False,False,False,True,False,True,False,False,False,True,False
205,mimpi punya rumah baca pancoran terus tinggalnya kalibata city. rame banget anak-anaknya belajar olah sampah plastik. sayangnya mesti kebangun. dahlah ngopi dulu baru lanjut tidur,False,False,True,False,True,False,False,True,False,False,False,True
1095,sedikit saran sampah plastik jadikan daur ulang jadi lebih bermanfaat jangan bakar,False,True,False,False,True,False,False,False,True,False,False,True
407,wujudkan praktik bisnis ramah lingkungan pt namasindo plas gunakan energi surya pembuatan botol pet daur ulang,False,False,True,False,True,False,False,True,False,False,True,False
122,tim kampanye jelajah bersih negeri singgah pabrik daur ulang plastik veolia indonesia kawasan pasuruan industrial estate rembang (pier) pasuruan jawa timur februari .,False,False,True,False,True,False,False,True,False,False,True,False
286,kantong kresek bekas pakai kalau terkumpul sortir terpacking bahan baku yg bernilai tinggi pabrik daur ulang plastik cv sumber makmur pasuruan terima sampah plastik kantong kresek olah dicuci digiling dijadikan biji plastik lalu,False,True,False,False,True,False,False,False,True,False,False,True
579,hahaha berhala plastik kresek bang? plastik susah terurai bang alam bakar sih biar cepet daur ulang sdh jelek kualitasnya,True,False,False,True,False,False,True,False,False,True,False,False
1498,"kap lampu bahan daur ulang plastik, berkarya bahan dirumah.. proses recycledplastic youaremysunshine recycledart",False,True,False,False,True,False,False,False,True,False,False,True
1753,calon bupati calon wakil bupati jembrana nomor urut kembang hartawan-patriana krisna (bang ipat) aktif menggerakkan program daur ulang sampah plastik kegiatan bersih-bersih sampah pantai cemara pengambengan kabupaten jembrana. kegiatan menyatukan warga,False,False,True,False,True,False,False,True,False,False,False,True
1631,situasi kondusif buat harga pet. sabar atur setrategi management baik.,True,False,False,True,False,False,False,True,False,True,False,False
1017,persen sampah plastik indonesia didaur ulang. humaniora adadikompas,True,False,False,True,False,False,True,False,False,True,False,False
278,hilirisasi memang betul. contohnya jangan daun teh tweet misal batubara menjadi dme sampah plastik menjadi listrik teknologi yg memungkinkan diterapkan indonesia &amp; mengangkat sosial ekonomi masyarakat.,False,False,True,False,True,False,False,False,True,False,False,True
1447,"halo calon pengusaha! pojok plastik punya solusi kamu mau mulai usaha ngga punya lahan luas loh! salah satu paket usaha pojok plastik ini, kamu punya bisnis daur ulang sampah plastik cukup lahan garasi halaman rumah ya! penasaran? mau tau caranya? tunggu apa lagi? let's join us! informasi lebih lanjut, kalian mengunjungi website menghubungi / ya! bisnis daurulang sampahplastik pojokplastik indonesia",False,False,True,False,True,False,False,False,True,False,True,False
258,gubernur bali wayan koster menunjukkan komitmen serius menuntaskan persoalan sampah pulau dewata. berbagai instrumen kebijakan langkah nyata disiapkan bagian strategi langkah besar membebaskan bali sampah khususnya sampah plastik. wayan koster,False,False,True,False,True,False,False,True,False,False,True,False
363,proses pengolahan sampah pirolisis mengubah sampah plastik menjadi bbm menjadi solusi masalah sampah jogja. portalyogya jogja,False,False,True,False,True,False,False,False,True,False,False,True
1815,komitmen tanggung jawab aqua pengelolaan sampah plastik indonesia gak main-main loh. aqua punya ekosistem daur ulang sangat mumpuni utk mencegah sampah plastik berakhir lautan bantu mengurangi sampah plastik yg tersebar lingkungan. jadi aqua punya yg,False,False,True,False,False,True,False,False,True,False,False,True
608,diceritakan pengepul kalau pasokan sampah pabrik daur ulang kurang (iya kurang!) mengimpor sampah plastik didaur ulang. kalau ditanya banyak sampah terbuang laut? maaf kapasitas-c,True,False,False,False,False,True,True,False,False,False,False,True
1065,membuktikan sampah plastik memang sulit terurai. data % sampah plastik dunia pernah didaur ulang juta ton sampah plastik masuk laut tahunnya. perlu mengurangi penggunaan plastik sekali pakai meningkatkan daur ulang,True,False,False,False,True,False,True,False,False,True,False,False
1745,. selanjutnya mendag budi melepas ekspor empat umkm total nilai rp miliar. produk-produk dilepas ekspornya tersebut terdiri atas produk kerajinan furnitur daur ulang plastik gurita potong beku filet ikan. umkmbisaekspor ayodagang,False,False,True,False,True,False,False,True,False,False,False,True
633,fyi buat kalian yg suka beli pake gelas plastik mungkin gelasnya dicuci bersih kalian kumpulin dikirim bantu kalian buat daur ulang sampah plastik kok (dan sampah lainnya yg didaur ulang),False,True,False,False,False,True,False,False,True,False,False,True
1453,"pasar biji plastik mulai pulih.. tingkatkan hasil gilingan plastik anda, diterima pasar harga yg bagus.. hadir memberikan solusi !! sabun khusus cuci daur ulang plastik sabun cuci plastik gc maxpro fungsi : membersihkan daur ulang plastik yg diolah menjadi biji plastik keunggulan : - menghilangkan bau - membersihkan kotoran / noda . bekas oli . batu bara . gemuk . getah / pewarna bahan baku menjadi : - bebas bau tak sedap - bahan menjadi bersih - warna menjadi lebih cerah kemasan jerigen liter sabun / chemical yg produksi memiliki ijin resmi ( bukan produksi rumahan) bahan yg gunakan aman penggunanya, mengandung bahan kimia berbahaya. telp / wa: limbahplastik daurulang pelet bijiplastik sampahplastik daurulangplastik daunan karungbekas pet hdblow",False,True,False,False,False,True,False,True,False,False,False,True
1982,"gua pernah mimpi jadi sampah, kebaya lo gua jadi sampah plastik udah teriak-teriak pas mau dimasukin mesin daur ulang",False,True,False,False,True,False,True,False,False,False,False,True
1956,"solusi daur ulang, pengurangan penggunaan plastik, pemanfaatan sampah organik perlu digalakkan. persenuntukindonesia temanpintarindonesia temanumkmindonesia community",False,False,True,False,True,False,False,False,True,False,True,False
289,video pembuatan beras plastik dokumentasi beredar video daur ulang sampah plastik menjadi pelet putih butiran plastik putih. unggahan video berisi klaim pembuatan beras plastik merupakan konten menyesatkan (misleading,False,True,False,False,False,True,False,True,False,False,False,True
1065,membuktikan sampah plastik memang sulit terurai. data % sampah plastik dunia pernah didaur ulang juta ton sampah plastik masuk laut tahunnya. perlu mengurangi penggunaan plastik sekali pakai meningkatkan daur ulang,True,False,False,False,True,False,True,False,False,True,False,False
1356,"kurangi gunungan sampah gili trawangan, dinas lh klu tingkatkan pengolahan sampah tpst dinas lingkungan hidup kabupaten lombok utara (dinas lh klu) terus berupaya mengatasi permasalahan sampah kawasan wisata gili trawangan meningkatkan pengelolaan tempat pengolahan sampah terpadu (tpst). salah satu langkah konkret dilakukan menempatkan mesin pencacah sampah mempercepat proses pemilahan daur ulang. adanya mesin ini, sampah plastik beling dicacah diolah menjadi batako paving blok, tumpukan sampah selama menggunung dikurangi signifikan. alat ini, - ton sampah dikelola per hari. namun, mesin pencacah beroperasi, kapasitas pengelolaan meningkat menjadi ton per hari. upaya melibatkan pemerintah daerah bekerja sama kelompok swadaya masyarakat forum masyarakat peduli lingkungan (ksm fmpl) trawangan. sinergi baik, diharapkan keberlanjutan pariwisata gili trawangan tetap terjaga, kebersihan kelestarian lingkungan faktor utama daya tarik wisata. depan, dinas lh klu berencana mengadakan mini excavator senilai rp juta semakin mengoptimalkan pengelolaan sampah kawasan wisata ini. semoga langkah menjadi solusi jangka panjang menjaga keindahan gili trawangan! pushpin sumber: times indonesia",False,False,True,False,False,True,False,False,True,False,False,True
1762,berdasarkan pandangan semakin meningkat kandungan daur ulang plastik memperbesar risiko paparan bahan kimia beracun. penting memastikan plastik daur ulang bebas zat berbahaya mudah dilacak kandungannya.,True,False,False,True,False,False,False,True,False,True,False,False
1220,tempat daur ulang sampah plastik terbesar asia tenggara?! jerhemyowen vlogowen education fbreels reels,False,False,True,False,True,False,False,False,True,False,True,False
426,edukasi konsumen produk daur ulang pet booth le minerale jakarta fair kemayoran (jfk),False,False,True,False,False,True,False,True,False,False,False,True
1760,sampah plastik hutan laut mengancam ekosistem. kurangi penggunaan plastik daur ulang pilih produk ramah lingkungan. gogreen,False,False,True,False,True,False,False,True,False,False,True,False
1824,alaidid kemarin exxon digugat california gara nyebarin informasi palsu ttg daur ulang sampah plastik tuh. gara² mitos² daur ulang palsu yg disebarkan exxon berpuluh² thn terjadilah peningkatan polusi plastik besar²an. jualan ketakutan,True,False,False,False,True,False,True,False,False,False,True,False
791,berarti mengurangi sampah lebih ramah lingkungan ya? perlu dipertimbangkan manajemen sampah kota/negara lain. kalo daur ulang plastik difasilitasi baik bagus. kalo sampahnya cuma ditumpuk aja lebih baik dikurangin. (/),True,False,False,False,True,False,True,False,False,False,True,False
164,hari lingkungan hidup dunia vale ajak ibu pkk se-loeha raya belajar daur ulang sampah plastik: perusahaan tambang vale indonesia tbk (pt vale) menggelar rangkaian kegiatan peringatan news harilingkunganhidupsedunia harilingkunganhidupdunia ibupkk,False,False,True,False,True,False,False,False,True,False,True,False
66,bikin mural pakai tutup botol! siswa sekolah menengah argentina membuat mural raksasa lionel messi menggunkan tutup botol plastik daur ulang. megabintang argentina sisilain,False,False,True,False,False,True,False,True,False,False,False,True
1962,"kurangi penggunaan plastik sekali pakai, pilah sampah organik non-organik, daur ulang barang bekas, edukasi orang pentingnya menjaga kebersihan lingkungan. ayo, mulai diri sendiri wujudkan indonesia bersih bebas sampah!",False,False,True,False,True,False,False,False,True,False,True,False
1714,"wpc wood plastic composite tampak kayu ya…padahal wpc terbuat dr serbuk kayu plastik daur ulang, penerapannya tdk rumit menggunakan lem sealant fisher…coba deh..smiling face with heartssmiling face with smiling eyes wpc interiør homestyling vibes reels",False,False,True,False,False,True,False,False,True,False,False,True
746,masalah plastik sampah!! plastik udh gk d daur ulang cuman jadi sampah gak reuse recycle mau dijadiin apa cuman jadi sampah cuman dihancurin efek sampingnya polusi microplastic,True,False,False,True,False,False,True,False,False,True,False,False
1738,pp ! produk baru disini~ jam tangan daur ulang sampah plastik namanya *loop * kapan punya produk recycled material? baru dibeli tanggal bulan tahun,False,False,True,False,True,False,False,True,False,False,False,True
1824,alaidid kemarin exxon digugat california gara nyebarin informasi palsu ttg daur ulang sampah plastik tuh. gara² mitos² daur ulang palsu yg disebarkan exxon berpuluh² thn terjadilah peningkatan polusi plastik besar²an. jualan ketakutan,True,False,False,False,True,False,True,False,False,False,True,False
232,dlhk banda aceh olah sampah plastik jadi minyak mentah teknologi pirolisis,False,False,True,False,True,False,False,True,False,False,False,True
1824,alaidid kemarin exxon digugat california gara nyebarin informasi palsu ttg daur ulang sampah plastik tuh. gara² mitos² daur ulang palsu yg disebarkan exxon berpuluh² thn terjadilah peningkatan polusi plastik besar²an. jualan ketakutan,True,False,False,False,True,False,True,False,False,False,True,False
927,laporan mengatakan memproduksi bahan bakar sampah plastik memenuhi syarat daur ulang definisi internasional.,True,False,False,False,True,False,True,False,False,False,True,False
1364,"sampah menjadi permasalahan pelik terutama masyarakat perkotaan. bahkan sampah plastik kini menjadi isu global, terutama sampah mencemari lautan. selama manusia hidup beraktifitas, sampah selalu muncul. manusia mampu memikirkan bagaimana pengolahan pengendaliannya. informasinya: artikel selengkapnya:",False,True,False,True,False,False,False,True,False,True,False,False
1783,/ rata isshou akb akhir jg gaada yg lebih dr . rame bgt.. balikin konsep kotak kita.. jot yg bener aja isshou nya kek gaun daur ulang plastik tema yakult lady,False,True,False,False,True,False,False,True,False,False,True,False
1632,"botol air kemasan plastik "" emas"" pendaur ulang sampah. dilarang ?? acara bali big eco forum berlangsung hotel kempinski, nusa dua, tahun , hadir sejumlah narasumber penting berbagi perspektif seputar pengelolaan sampah plastik indonesia. salah satu menarik datang ketua tpsr canggu. menyampaikan pandangannya sampah botol air mineral, khususnya berasal kemasan sekali pakai, justru memiliki nilai ekonomi tinggi sistem pengelolaan sampah berbasis daur ulang. menurutnya, permasalahan utama bukan terletak keberadaan botol plastik sendiri, sistem pengelolaannya optimal, terutama sumbernya. sistem pengumpulan, pemilahan, daur ulang dikelola baik sejak rumah tangga titik asal sampah, plastik—termasuk botol air mineral—tidak perlu dianggap ancaman lingkungan, sumber daya berharga. pernyataan menjadi catatan penting merumuskan kebijakan terkait pelarangan penggunaan botol air kemasan bawah liter. alih-alih melarang total, pendekatan berbasis ekonomi sirkular edukasi masyarakat mengenai pemilahan sampah menjadi solusi lebih berkelanjutan realistis. bisakah peminpin memberi contoh masyarakat sadar peduli sampah plastik, jangan kesan terjadi pilih kasih pelarangan produk kemasan plastik.",True,False,False,False,False,True,False,False,True,False,False,True
1521,"mf, telat mang fb alhamdulillah // masi berthn dpt juara lg dengn tema""go green"" daur ulang plastik,bisa menjadi kostum adat dayak kalimantansmiling face with heartssmiling face with hearts",False,True,False,False,True,False,False,False,True,False,False,True
946,halo sobat laut selamat hari lingkungan hidup sedunia ayo jaga bumi dengan: menggunakan plastik sekali pakai daur ulang sampah langkah mudah tersebut mencegah masuknya sampah tpa lhoo marinedebris sampahkaut tknpsl,False,False,True,False,False,True,False,False,True,False,False,True
1289,"cari pusat grosir perabotan plastik ramah lingkungan? ijm menawarkan berbagai pilihan menarik memenuhi kebutuhan rumah anda. kursi santai hingga meja plastik, semua produk dirancang memberikan kenyamanan kepraktisan harga terjangkau! dapatkan kualitas kompromi jadikan sudut rumah lebih fungsional stylish. kelebihan produk terletak desainnya menarik, material plastik kuat tahan lama bahan daur ulang berkualitas. proses pengiriman cepat aman, segera menikmati perabotan baru menunggu lama! jangan lewatkan kesempatan mempercantik rumah perabotan plastik praktis ramah lingkungan. kunjungi sekarang bawa pulang perabotan impian anda! house with gardengreen heartshopping cart perabotanrumah perabotanterjangkau perabotanplastik ramahlingkungan plastikdaurulang perabotanaman perabotanberkualitas rumahminimalis dekorasirumah interiorrumah rumahsehat pilihanhemat furniturerumah perabotrumahmodern ecofriendly produkdaurulang rumahnyaman rumahtangga solusirumah plastikaman desainrumah kebutuhanrumah rumahramahlingkungan furnitureminimalis belanjahemat",False,True,False,False,False,True,False,True,False,False,False,True
1235,"bikin karya daur ulang menyenangkan hasilnya keren! sparkles mengurangi sampah plastik, belajar kreativitas. yuk, coba bikin sendiri rumah! daurulangsampahplastik inspirasi mecotikecoprint recyclesampahplastik",False,True,False,False,True,False,False,False,True,False,False,True
377,gaya keren bersama jake sunoo. pakaian future perfect terbuat bahan poliester daur ulang tangguh botol pet (polyethylene terephthalate). ayo marilah bekerja sama menjadi pejuang peduli lingkungan bench better made!,False,True,False,False,False,True,False,True,False,False,False,True
1054,plastik ramah lingkungan bukan plastik yg mudah hancur poin bahan yg mudah hancur sangat tdk diutamakan pabrik daur ulang lestari bangsa danonebloggeracademy dbaday dba,True,False,False,False,True,False,True,False,False,True,False,False
791,berarti mengurangi sampah lebih ramah lingkungan ya? perlu dipertimbangkan manajemen sampah kota/negara lain. kalo daur ulang plastik difasilitasi baik bagus. kalo sampahnya cuma ditumpuk aja lebih baik dikurangin. (/),True,False,False,False,True,False,True,False,False,False,True,False
1888,"lagi, punya kendali mendidik rakyat pemerintah, yg punya hukum terkait lingkungan, teknologi daur ulang sampah, seterusnya. individu rakyat paling maksimal menegur rakyat lainnya si pembuang sampah, lalu memviralkannya.",True,False,False,False,True,False,False,True,False,False,True,False
300,mobil konsep kia ev dibuat kain plastik daur ulang uzoneid,False,False,True,False,True,False,False,True,False,False,False,True
602,hi! thank you mention cleanup kurang lebih ton sampah sungai citarum loh.. sampah plastik tersebut recycle jadi papan daur ulang bangku taman,False,True,False,False,False,True,False,False,True,False,False,True
1694,"sampah plastik mudah terurai, butuh waktu hingga ratusan tahun benar-benar hancur alam. tak soal waktu, dampaknya mengerikan. sampah plastik menghasilkan partikel kecil beracun membahayakan kesehatan. indonesia kini berada kondisi darurat sampah plastik. data mencatat penghasil sampah plastik terbesar kedua dunia. beberapa negara mulai bertindak, filipina, australia, hingga taiwan gencar mengurangi kantong plastik mengampanyekan penggunaan tas kain. cara efektif lainnya pengelolaan sampah plastik. menjalankan daur ulang plastik. informasi lebih lanjut penyetoran sampah plastik, kalian menghubungi dibawah : ig : .id wa.me/ bjplast recyclewithus daurulangplastik ponorogo madiun wonogiri kerjahalal kerjacerdas",False,True,False,False,False,True,False,False,True,False,False,True
755,masalahnya indonesia daur ulang plastik setauku. kalo singapur semua sampah bakar ruangan karbonnya jadiin energi buat listrik. kalo indonesia sebatas numpukin gitu sih..,False,True,False,True,False,False,True,False,False,True,False,False
100,putu eka darmawan memutuskan berhenti bartender sebuah kapal pesiar kemudian bali menjadi pemulung berkutat sampah plastik. kini eka mengekspor berbagai produk daur ulang plastik mancanegara.,False,True,False,False,True,False,False,False,True,False,False,True
1816,cileungsi lupa nama daerahnya pabrik pengolahan biji plastik udah lama soalnya an .. dulu kan harga daur ulang plastik mantep nya,False,True,False,False,True,False,False,False,True,False,False,True
1378,"siswa smk satya praja , petarukan, kabupaten pemalang, membuat mesin pengolah sampah plastik menjadi bahan bakar minyak. pengolahan sampah disebut menghasilkan sejumlah jenis bbm. kepala smk satya praja purwo setya witanto mengatakan awal mula penciptaan mesin pengolah sampah adanya masalah sampah perlu ditangani serius. viral fyp facebookviral inovasi kreatif idekreatif sukses kisahinspiratif",False,False,True,False,True,False,False,False,True,False,False,True
740,pernah taman recycle kawasan waduk elok penggilingan cakung jakarta timur belum? sesuai namanya taman dihiasi berbagai fasilitas dibuat bahan daur ulang plastik ban bekas. apa keunikannya?,False,False,True,False,True,False,False,False,True,False,True,False
1257,"proses daur ulang sisa"" plastik . . salam pejuang fyppalms up together light skin tone plastikdaurulang prosesdaurulang pembuatanplastik fyp reelsfyp fypviral reels jangkauanluas sorotan",False,True,False,False,True,False,False,False,True,False,False,True
1426,"sampah plastik mudah terurai, butuh waktu hingga ratusan tahun benar-benar hancur alam. tak soal waktu, dampaknya mengerikan. sampah plastik menghasilkan partikel kecil beracun membahayakan kesehatan. indonesia kini berada kondisi darurat sampah plastik. data mencatat penghasil sampah plastik terbesar kedua dunia. beberapa negara mulai bertindak, filipina, australia, hingga taiwan gencar mengurangi kantong plastik mengampanyekan penggunaan tas kain. cara efektif lainnya pengelolaan sampah plastik. menjalankan daur ulang plastik. informasi lebih lanjut penyetoran sampah plastik, kalian menghubungi dibawah : ig : .id wa.me/ bjplast recyclewithus daurulangplastik ponorogo madiun wonogiri kerjahalal kerjacerdas",False,True,False,False,True,False,False,True,False,False,False,True
532,diajak keliling belajar tempat umkm pengolahan limbah plastik kresek binaan bang . sini awal proses nya kresek sampah disortir dicuci dicacah diproses menjadi biji plastik.. ntar ane lanjut lg proses selanjutnya maksi dulu skaar.,False,True,False,False,False,True,False,False,True,False,False,True
1425,pabrik daur ulang sampah plastik reels reelsfb infoterbaru infoterupdate infoterkini kabarbumi budaya sejarah sosial edukasi informasi pengetahuan wawasan fakta faktadunia,False,True,False,False,True,False,False,True,False,False,False,True
1492,"kreasi wadah tisu daur ulang plastik sabun cair,,baru pemula jadi acak""n gambar nyaface with hand over mouthfolded hands mengisi waktu akhir pekan,,lamanya ngumpulin plastik nya karna bekas sendiri aja",False,True,False,False,True,False,False,False,True,False,False,True
1440,# ud. ridho plastik# daur ulang plastik # fyp. muat pc akralit,False,True,False,False,True,False,False,True,False,False,False,True
640,aneh banget ya? bahan baku sampah plastik pet kurang indonesia padahal sungai mana-mana sampah plastik bertumpuk kok gagal daur ulang?,True,False,False,True,False,False,True,False,False,True,False,False
292,allah muak bgt sama iklan le mineral. mulai botol sekali pakai lebih higienis daur ulang segel tutup botol sekarang iklan daur ulang sampah plastik?? galon sekali pake lu noh nyampah ajgghh,False,True,False,True,False,False,True,False,False,True,False,False
187,manfaatkan limbah warga olah sampah plastik menjadi tenun,False,True,False,False,True,False,False,False,True,False,False,True
1046,sayangnya target tersebut tak diiringi dukungan kebijakan pemerintah. asosiasi daur ulang plastik indonesia (adupi) mengeluhkan sikap pemerintah mendorong insentif maupun kemudahan pelaku usaha.,True,False,False,True,False,False,True,False,False,True,False,False
895,makin ngebuat bumi penuh sampah plastik daur ulang,True,False,False,False,True,False,False,True,False,False,True,False
918,alangkah baiknya menghindari kemasan plastik kalo inovasi daur ulang plastik siap potensi gundukan sampah plastik tiba rsud sultan fatah karangawen demak jateng,True,False,False,True,False,False,True,False,False,True,False,False
1329,siap utk dikumpul besok tugas sekolah habibi pengolahan sampah plastik ecobrik,False,False,True,False,True,False,False,False,True,False,False,True
1582,"otak sedikit "" oleng"" membuat baju daur ulang selalu cerita uniknya. yg mengatakan ""kok mahal, baju daur ulang kan cuma maaf ""sampah"" ? ato yg bilang, bikin gitu aja kok lama (saya mematok minim minggu sblmnya sdh hrs pesan, baru kerjakan), bukannya cepet wong plastik ? mom, bu, mbak, sist.. monggo dicoba mbuat sendiri saja, dg catatan bungkus bersih dalamnya, full jahit mesin, full furing dalam, yg minta dressnya ""mekrok"" cm - m, kudu bikin ram-ram-an kawat kurungan rok mewujudkan ""mekroknya rok"". dg menyingkronkan ucapan dg pekerjaan. kok mahal ? baju kain lbh murah, dipake berulang lagi. helooww..namanya aja seni, dmn karya seni yg dibuat dg teknik tinggi gak yg murah. selalu uberan waktu mesti alami disaat membuat baju daur ulang, sbg mom melakukan tugas tugas dad. mulai membelajari pelajaran anak, urus pekerjaan rumah tangga, mencari nafkah, antar jemput anak, jualan online kerjakan sendirian. kadang otak menjadi sedikit ""oleng"" disaat bbrp hari nyaris tidur mencapai target tgl selesainya baju. cerita lucu terakhir yg alami bikin dress salah memakaikan seragam titi. kamis jadwalnya memakai baju olah raga, eehh..malah pakaikan seragam batik. nyampe halaman sekolah, melihat teman titi pake baju or, ke-oleng-an otak mulai sedikit memudar kalo titi salah kostum hari hahaha.. akhirnya titi hrs pulang kerumah ganti kostum wkwkwk..(beruntung rmh dkt sekolahan). sepanjang perjalanan kerumah, byk sekali yg nanya kok balik lagi, salah kostum jawab dg rasa malu sich hihihi fokus, yg terjadi otak kekurangan oksigen nutrisi. jadi..yang mau pesan baju daur ulang saya, jgn memaksa hari selesai ato seminggu selesai, gak mau yaa..apalagi yg luar kota, tambah - hari estimasinya krn kirim hrs pake expedisi. jgn minta harga ., monggo dibuat sendiri kalo hrg segitu (itu bukan nawar sadis namanya hahaha) sekian dulu cerita ttg baju ini. baru cerita stlh menebus tidur ber-jam hari ini.",True,False,False,True,False,False,True,False,False,True,False,False
1114,iyaa kok semua daerah memiliki mesin daur ulang? permasalahannya pemulung yg kota daerah sedikit bandingkan banyaknya sampah plastik hehe,True,False,False,False,True,False,True,False,False,False,True,False
1501,dijual pabrik pengolahan biji plastik daur ulang mojosongo-solo jawa tengah luas tanah : + m luas bangunan : + m listrik : kva rumah tinggal kamar dijual beserta mesin produksinya kondisi pabrik beroprasi harga : . m - nego wa : langsung pemilik,True,False,False,False,False,True,False,False,True,False,False,True
1826,per last news buang tps sih mungkin jadi saran utk grup kerja sama dgn perusahaan yg daur ulang plastik. toko mainan aja udh mulai kek gini (mainan yg udh ga dipake/rusak dicollect &gt; didaur ulang &gt; jadi barang fungsional).,False,True,False,False,True,False,False,False,True,False,True,False
514,herannya aja yg melakukan penggiringan opini dgn menyamaratakan galon sekali pakai dgn kode daur ulang no. . semua jenis plastik termasuk kantong plastik plastik dgn kode daur ulang no. yg ramah lingkungan sulit didaur ulang.,False,True,False,True,False,False,True,False,False,True,False,False
1033,daur ulang sampah plastik menunda plastik tempat pembuangan akhir.,True,False,False,False,True,False,True,False,False,True,False,False
1306,membuat jalan balok-balok terbuat plastik daur ulang,False,True,False,False,True,False,False,True,False,False,False,True
1920,"sampah pilihannya , daur ulang dimusnahkan. jangan disimpan !",False,True,False,False,True,False,False,False,True,True,False,False
893,menjadi entrepreneur usia tahun diberhentikan pekerjaan sebelumnya usia tahun mematahkan semangat paul tasner memulai bisnis daur ulang plastik mengubah sampah menjadi kemasan ramah lingkungan.,False,False,True,False,True,False,False,False,True,False,True,False
611,pembina asosiasi daur ulang plastik (adupi) willy tandiyo mengatakan meskipun tingkat daur ulang plastik negeri bawah % bahan baku lokal memiliki kualitas kurang baik.,True,False,False,True,False,False,False,True,False,True,False,False
1203,daur ulang sampah.. jarang update soalnya ngumpulin sampah dulusmiling face with open handssmiling face with open hands.. yuk daur ulang sampah menjadi lebih berguna smiling face with smiling eyessmiling face with smiling eyes duarulang sampah plastik fyp jangkauanluas,False,True,False,False,True,False,False,False,True,False,True,False
565,karna ga semua sendok plastik aromanya sampe ganggu aku berpikir jadi sendok berbahan baku plastik daur ulang yg jelek.,False,True,False,True,False,False,False,True,False,True,False,False
153,bank mandiri terbitkan kartu debit e-money plastik daur ulang pertama indonesia,False,False,True,False,True,False,False,True,False,False,False,True
1804,tau gak sih kalian galon isi ulang hasil daur ulang galon isi ulang? plastik polikarbonat memang didaur ulang prosesnya sulit dilakukan. sayangnya indonesia memiliki standar baku daur ulang polikarbonat menjadi bahan kemasan minuman,False,True,False,False,False,True,True,False,False,False,False,True
384,mengetahui lebih jelas mengenai kontribusi rantai nilai sampah plastik minuman ringan ekonomi sirkular swi melakukan riset wilayah jabodetabek selama periode maret agustus . riset tersebut diperoleh tingkat daur ulang recycling rate botol pet,False,True,False,False,False,True,False,True,False,False,False,True
1276,"usaha daur ulang plastik botol plastik rongsokan menjadi sapu plastik, masya allah. termasuk cara memanfaatkan limbah plastik. jenis plastik digunakan botol plastik air mineral, kalau kelasnya masuk jenis pet (polyethylene terephthalate). jadi juragan usaha sapu plastik mas danang, kamis lalu baru masuk islam, pengikraran pesantren darush sholihin. nantikan video usaha mas danang channel rumaysho tv. moga segera tayang insya-allah. —- karangtengah, wonosari, gunungkidul muharram h",False,False,True,False,False,True,False,False,True,False,False,True
735,sebenernya kemasan botol pet kaya galon malah banyak pabrik daur ulang mau terima. kemasan plastik sablonan warna warni kaya gini harusnya diganti. pabrik indonesia kayanya berani olah ongkos daur ulangnya mahal lewat banyak proses,True,False,False,True,False,False,True,False,False,True,False,False
1615,"pet ( polyethylene terephthalate) plastik digunakan membuat wadah paling umum pasar minuman ringan ini, botol plastik. kode tulisan pet/pete berarti kemasan plastik tersebut terbuat polyethylene terephthalate. kemasan tahan panas mudah pecah. kemasan pet menjadi primadona industri daur ulang. bukan berarti penangan pet mudah, rata-rata sampah terpilah jadi dipilah dulu, desain kemasan banyak beredar sulit jenis botol langsung didaur ulang, melalui proses lepas tutup lepas label terlebih dahulu. redesign kemasan salah satu solusi mempercepat proses daur ulang pet menghindari label multilayer . upaya mengurangi sampah solusi terbaik, ga nyampah . yuuk kurangi sampahmu! kalau ga nyampah jangan nyampah - wilda yanti-",True,False,False,True,False,False,True,False,False,True,False,False
1282,membuat sikat pembersih plastik daur ulang recycling symbol,False,True,False,False,True,False,False,False,True,False,False,True
1494,"pabrik daur ulang plastik pt. pradha karya perkasa . budayakan membaca! informasi lebih lanjut mengenai perusahaan / cara lamar / kualifikasi klik link bio story lokerpasinfo bingung cara apply lamaran. lihat sorotan / highlight ""tutorial"" ( lihat profile ) pertanyaan umum mengenai diatas jawab melalu kolom komentar maupun direct message ikuti terus mendapatkan update lowongan kerja pt jawa timur open paid promote silahkan klik link bio lokersidoarjo infolokersidoarjo lokersidoarjoterbaru lokerpasuruan infolokerpasuruan lokerpasuruanterbaru lokermojokerto infolokermojokerto lokermojokertoterbaru lokersurabaya infolokersurabaya lokersurabayaterbaru lokermalang infolokermalang lokermalangterbaru lokerjombangterbaru eventjepang lokerjombang wibuindonesia mojokerto mojokertohits cosplayerindonesia mojokertokekinian lokergresik infolokergresik lokergresikterbaru lokerjatim lokerjawatimur",False,False,True,True,False,False,False,False,True,True,False,False
23,bank sampah sleman olah sampah plastik jadi bbm hasilkan liter solar sehari,False,True,False,False,True,False,False,False,True,False,False,True
160,sebenarnya memang indonesia butuh sampah plastik jepang utk daur ulang sampah plastik indonesia klo mau didaur ulang butuh banyak proses tercampur dgn sampah yg lain. sampah jepang lebih murah harganya.,False,True,False,False,True,False,False,False,True,False,False,True
608,diceritakan pengepul kalau pasokan sampah pabrik daur ulang kurang (iya kurang!) mengimpor sampah plastik didaur ulang. kalau ditanya banyak sampah terbuang laut? maaf kapasitas-c,True,False,False,False,False,True,True,False,False,False,False,True
865,kantong plastik didaur ulang jarang kantong plastik diproduksi hasil daur ulang. berapa kali siklus dilakukan?,False,True,False,False,False,True,False,True,False,False,False,True
1229,daur ulang sampah plastik..,False,True,False,False,True,False,False,True,False,False,True,False
334,teknologi radiasi: solusi inovatif atasi masalah limbah plastik indonesia lewat news,False,False,True,False,True,False,False,False,True,False,False,True
1153,bunga botol bekas kemasan air mineral. kreasi daur ulang sampah plastik diy craft daurulang kreasi,False,True,False,False,False,True,False,False,True,False,False,True
257,perusahaan udah ngapain aja nih buat ngelola sampah plastik? (bertanya nada lembut),True,False,False,False,True,False,False,True,False,False,True,False
1755,indonesia berjuang melepaskan diri ketergantungan sampah impor menjadi sangat penting industri daur ulang terutama produksi kertas plastik.,True,False,False,False,True,False,False,True,False,False,True,False
447,sayang banget industrial daur ulang terganjal sampah² pet,False,True,False,True,False,False,False,True,False,True,False,False
635,tantangan kita: daur ulang plastik minim,True,False,False,False,True,False,True,False,False,False,True,False
1656,"opini : pendanaan tata kelola sampah plastik sangat penting dukungan finansial memadai, upaya pengelolaan pengurangan polusi plastik sulit dilakukan efektif. berikut beberapa alasan pendanaan krusial: . infrastruktur pengelolaan sampah banyak negara, terutama negara berkembang, kekurangan infrastruktur pengelolaan sampah memadai, sistem daur ulang efisien, fasilitas pemrosesan limbah, tempat pembuangan ramah lingkungan. pendanaan membantu membangun meningkatkan sistem ini. . dukungan ekonomi sirkular mengurangi ketergantungan plastik sekali pakai, diperlukan investasi model ekonomi sirkular, sistem isi ulang penggunaan ulang. ini, investasi sektor rendah, pendanaan tambahan sangat diperlukan mempercepat peralihan solusi lebih berkelanjutan. . pengurangan beban lingkungan kesehatan sampah plastik terkelola baik mencemari lingkungan, merusak ekosistem, bahkan berdampak kesehatan manusia. pendanaan cukup, pemerintah organisasi mengurangi dampak negatif melalui program pembersihan, kampanye edukasi, inovasi teknologi ramah lingkungan. . mendorong tanggung jawab produsen pendanaan berperan penerapan kebijakan extended producer responsibility (epr), mana produsen plastik diwajibkan mendanai pengelolaan limbah produk mereka. memastikan biaya penanganan limbah ditanggung pemerintah masyarakat. . riset inovasi teknologi pengembangan teknologi baru daur ulang lebih efisien bahan alternatif ramah lingkungan memerlukan investasi besar. adanya pendanaan, riset inovasi pengelolaan sampah plastik berkembang lebih cepat. jadi, pendanaan cukup, solusi sulit diterapkan luas, krisis polusi plastik semakin memburuk.",True,False,False,False,True,False,True,False,False,False,True,False
787,botol plastik digunakan mengalami proses daur ulang baik benar. botol plastik mengalami daur ulang terurai lambat membutuhkan banyak waktu.,True,False,False,True,False,False,True,False,False,True,False,False
646,loh kan galon sekali pakai didaur ulang? faktanya gak daur ulang sampah plastik indonesia baru menyentuh %. sedikit recycle rate. nih simak penjelasannya,True,False,False,True,False,False,True,False,False,True,False,False
1611,"diet kantong plastik bulan menimbang sampah daur ulang cukup banyak. jadi perhatian sampah plastik botol kantong. masing-masing kantong perbulan. termasuk kantong plastik dibuang tong sampah kotor. plastik kemasan bergambar diterima pengepul sampah plastik. jumlah sampah plastik terkumpul sebanyak walaupun serumah diet kantong plastik. mobil, motor tas dilengkapi kantong belanja. kalau mau kirim makanan menggunakan kontainer plastik. termasuk simpanan makanan kulkas. jadi membayangkan, gimana nasib plastik diterima pengepul?? kalau berujung tempat pembuangan akhir jadi gunungan sampah. gimana kalo terbuang sungai terpendam tanah. perlu puluhan tahun alam mencernanya lalu bagaimana sampah masker, popok bayi, pembalut ?? ngeri membayangkannya pola hidup modern memang menghasilkan banyak sampah sulit daur ulang. semoga penemuan plastik kemasan murah cepat daur ulang. cara cepat mendaur ulang plastik. yuk makin rajin diet plastik. pasar minimarket bawa kantong sendiri. tadi pagi pasar bertemu seorang ibu bawa kontainer plastik wadah ikan ayam belanjaannya. repot lakukan. kan pingin lama tinggal bumi indah anak cucu kitabeaming face with smiling eyesbeaming face with smiling eyesbeaming face with smiling eyesbeaming face with smiling eyesbeaming face with smiling eyesbeaming face with smiling eyesbeaming face with smiling eyes bintaro",True,False,False,True,False,False,False,True,False,True,False,False
1747,foto: mengintip daur ulang sampah plastik jadi produk rumah tangga,False,True,False,False,True,False,False,False,True,False,False,True
314,komitmen bsi green activity sangat mengapresiasi! mesin rvm disediakan seluruh indonesia mendukung pengurangan emisi karbon daur ulang plastik. kinerjabsiimpresif,False,False,True,False,True,False,False,False,True,False,False,True
354,brin iaea bekerja sama mengembangkan program nuclear technology for controlling plastic pollution (nutec plastic) solusi daur ulang limbah plastik,False,False,True,False,False,True,False,False,True,False,False,True
552,halo! tekpang here! aku jelasin dikit keilmuanku yaa! tetrapak salah satu packaging yg paling sulit didaur ulang krn lapisannya banyak. gabisa dikategorikan limbah kertas krn alufo plastik yg nempel rekat banget susah buat dipilah.,False,True,False,False,True,False,True,False,False,True,False,False
1562,"terjebak ritme usaha giling plastik daur ulang alhamdulillah tadi bersilaturahmi tempat juragan giling plastik kerasan hi abs, dr lapak pungutan kesekian kalinya juaragan giling plastik kerasan hi abs yg ku temui terjebak ritme usaha daur ulang giling plastik hi abs terjadi dialog ngobrol ngalor ngidul dunia giling plastik kerasan hi abs, sadar apa yg dilakukan dlm ritme usaha giling plastik nya tdk menunjukan kemajuan dlm bentuk profit yg signifikan bahkan signifikan, hy sebatas memutar usaha yg msh bs jalan disadari jg justru modal usaha selalu nambah tp modal yg awal blm modal kembali.. inilah dirasakan dialami juragan giling plastik kerasan hi abs,tiada tiada bukan krn terjebak dg ritme usahanya sendiri.. maaf..bukan niat utk menggurui tp kesekian kalinya keluh kesah juragan giling plastik yg ku temui,, semoga bs utk koreksi intropeksi diri usaha gilingan plastik kerasan hi abs.. salam ttp semangat pejuang giling plastik daur ulang.",True,False,False,True,False,False,True,False,False,True,False,False
450,pt alba tridi plastics recycling indonesia mendapatkan pinjaman hq pembangunan fasilitas daur ulang plastik pet indonesia Indonesia. alba group perusahaan daur ulang jerman berkiprah beberapa negara asia termasuk indonesia. IndonesiaGermany,False,False,True,False,True,False,False,True,False,False,True,False
1297,"levi’sregistered berinovasi melakukan wastelesstrade mark menggunakan botol plastik daur ulang. memproduksi potong celana, levi’sregistered menggunakan - botol plastik daur ulang produk-produk trade mark skinny jeans trucker jackets. kamu berpartisipasi mendukung wastelesstrade mark melakukan recycle jeans mendapatkan voucher hingga rp . penukaran jeans levi’sregistered lama kamu. cek syarat & ketentuan",False,True,False,False,False,True,False,True,False,False,False,True
1939,"daur ulang sampah besaran, selokan tersumbat, sampe sampah laut",True,False,False,False,True,False,True,False,False,False,True,False
309,pabrik daur ulang plastik tamansari tetap berjalan meski izin pbg slf - googlealerts,False,True,False,False,True,False,True,False,False,False,True,False
290,tingkat daur ulang plastik dunia baru persen ~sa daurulang limbahplastik pengelolaanlimbah,False,True,False,False,True,False,True,False,False,False,True,False
698,sampah menjadi berkah ditambah kreatifitas. peluang melakukan daur ulang limbah baik berupa kertas maupun plastik indonesia optimal. litbangkompas kompaspedia adadikompas,False,False,True,True,False,False,True,False,False,True,False,False
311,brin dorong inovasi teknologi iradiasi daur ulang plastik berbasis ekonomi sirkular,False,False,True,False,True,False,False,False,True,False,False,True
634,walaupun sekarang rasanya orang udah tau paham banyak yg menerapkan budaya pilah pilih sampah. mana sampah organik yg terurai mana sampah plastik yg daur ulang. yg paling gampang misalnya botol plastik. jujur gw sering,False,True,False,False,True,False,True,False,False,False,True,False
197,mnc peduli mnc sekuritas dukung pkk sumur batu olah sampah plastik sindonews bukanberitabiasa .,False,True,False,False,True,False,False,False,True,False,True,False
907,selamat hari peduli sampah nasional! sampah plastik yg dikelola merusak ekosistem. mengurangi produksi &amp; konsumsi penggunaan daur ulang &amp; memberantas perdagangan limbah plastik ilegal penting mencegah dampak negatifnya. hpsn unwaste endenvcrime,False,False,True,False,False,True,False,False,True,False,False,True
1799,foto nestlé indonesia hadirkan . bangku daur ulang plastik pascakonsumsi mengurangi sampah plastik! cek info selengkapnya sini! foto: foto/indrianto eko suwarso &gt;&gt; detikedu nestleindonesia lingkungansehat,False,False,True,False,True,False,False,False,True,False,True,False
1132,peduli lingkungan tanggul ceblok (pltc) daur ulang limbah sampah plastik recycling symbol daurulanglimbahplastik viral fyp hdpe,False,True,False,False,True,False,False,False,True,False,False,True
1984,indonesia udh yg namanya bank sampah kok. cuma emg kesadaran diri masing aja yg kurang ka. pelaku bisnis daur ulang sampah plastik kok. kalo kesadaran dirinya tinggi sih enak gaperlu gaji pemulung utk keliling udh yg nyetor kelapak.,False,False,True,False,True,False,False,False,True,False,True,False
1602,"kantong plastik sebenarnya baik kalau kalau minimalkan penggunaan kantong plastik, daur ulang. tiadakan, beli makanan jadi jadi yg box, luarnya kantongi, mau pakai goodie baq, berpikir seribu kali krn takutnya lebih byk biaya pengemasan drpd keuntungan, mau buang popok andalkan kresek. butuh kantong.. sini merapat toko plastik mufa, ruko nirwana , stiba. cp",False,True,False,False,True,False,True,False,False,True,False,False
1465,kostum karnaval daur ulang plastik thumbs upthumbs up kostumkarnaval daurulangplastik vod hutpemkopadangssdimpuan,False,True,False,False,True,False,False,False,True,False,False,True
791,berarti mengurangi sampah lebih ramah lingkungan ya? perlu dipertimbangkan manajemen sampah kota/negara lain. kalo daur ulang plastik difasilitasi baik bagus. kalo sampahnya cuma ditumpuk aja lebih baik dikurangin. (/),True,False,False,False,True,False,True,False,False,False,True,False
1852,manusia sampah bahkan gak daur ulang! dasar pedo busuk! lo nge grooming anak umur tahun! otak gila! mendiang saeron bahkan sampe memohon sama lo buat kasih waktu buat bayar utangnya. bukan gak mau bayar! cicil! karna ngerintis lagi!,False,True,False,False,True,False,False,True,False,False,True,False
539,jangan dilakukan: dicampur getah pinus dicampur oli bekas dicampur biji plastik dicampur alumunium foil diremek remek jangan ges jangan bahaya,False,True,False,True,False,False,True,False,False,True,False,False
1587,hai surya pt.lee jocas bros menawarkan jasa giling plastik semua jenis plastik. menerima yg sortil.saya cuma terima barang siap giling sortil.lokasi tangerang kalau mau tanya'' langsung wa,False,True,False,False,True,False,False,False,True,False,False,True
912,sahabat air bersih samping trending ukraine putin fakta miris bali nih. . kilogram plastik terkumpul persen merupakan kantong plastik sachet plastik keduanya memiliki nilai daur ulang tinggi indonesia,True,False,False,True,False,False,True,False,False,True,False,False
1030,mengindikasikan daur ulang cukup mengatasi krisis polusi plastik. banyak ahli prof. budi handoko universitas majapahit berpendapat penggunaan plastik sekali pakai dilarang total bukan dikenai pajak.,True,False,False,True,False,False,True,False,False,True,False,False
1506,dicari plastik pp hd pe roll rollan terpakai. belinya per kg daur ulang plastik. kalo punya dijual silahkan wa . lokasi solo yogya mana aja. makasih,False,True,False,False,False,True,False,False,True,False,False,True
1326,proses pengolahan sampah plastik yg sederhana..tapi bermanfaat vod tayangan,False,True,False,False,True,False,False,False,True,False,False,True
13,kolaborasi olah sampah plastik bantargebang jadi sumber energi terbarukan,False,False,True,False,True,False,False,True,False,False,False,True
877,dzoel moelia sampah plastik nda sih daur ulang..pantas udah jarang yg pake kantong plastik..yooweisslah.. daruratgantipresiden daruratgantipresiden,True,False,False,True,False,False,True,False,False,True,False,False
1834,usulin daur ulang sampah kali,False,True,False,False,True,False,False,False,True,False,True,False
812,laksono solusi jangka pendek. kalau mau penglohan sampah jangka panjang prosesnya lama. dsn industrinya mendukung. misal daur ulang sampah plastik punya. kalau mendatangkan perusahaan asing perlu dana. sabar lah dulu miskin.,True,False,False,True,False,False,False,True,False,True,False,False
1776,sampah jadi solusi: sdn barusari hadir bata plastik daur ulang yayasan bakti barito bersama pemkab garut melaksanakan peletakan batu pertama pembangunan sdn barusari kecamatan pasirwangi kab. garut. sekolah dibangun menggunakan bata plastik daur ulang.,False,False,True,False,True,False,False,False,True,False,False,True
517,pesenan danone aqua v soal sampah galon sekali pakai kalau serahkan pemulung banyak yg mau nerima kok benar plastik ukuran mini jadi masalah lingkungan terbukti nih foto bawah ini. yg akhirnya sulit daur ulang malah mencemari lingkungan,False,True,False,True,False,False,True,False,False,True,False,False
164,hari lingkungan hidup dunia vale ajak ibu pkk se-loeha raya belajar daur ulang sampah plastik: perusahaan tambang vale indonesia tbk (pt vale) menggelar rangkaian kegiatan peringatan news harilingkunganhidupsedunia harilingkunganhidupdunia ibupkk,False,False,True,False,True,False,False,False,True,False,True,False
412,aqua gandeng popsea resmikan fasilitas daur ulang pet samarinda kaltim news,False,False,True,False,False,True,False,False,True,False,False,True
1860,opini sampah daur ulang terus,False,True,False,False,True,False,False,False,True,False,True,False
316,limbah plastik daur ulang mengatasi banjir limbah plastik daurulang banjir news beritaterkini,False,True,False,False,True,False,False,False,True,False,True,False
562,nambahin sampah plastik lah dah tau daur ulang indo jelek,True,False,False,False,True,False,True,False,False,False,True,False
115,hari lingkungan hidup bank syaria indonesia berkolabolasi plasticplay menempatkan mesin daur ulang sampah plastik kota bogor upaya mengurangi sampah plastik. id balisustainablemovement,False,False,True,False,True,False,False,True,False,False,True,False
1616,"nasabah yg nabung sampah plastik macam ini, karung plastik warna warni, terpotong panjang panjang kalau ga terima kasihan udah bawa jauh jauh bulan kepikiran buat apa lalu tempo hari bapak ibu guru sd kedoya yg minta sharing buat anak anak kelas .. baru kepikiran, jadi bahan baku edukasi daur ulang plastik .. lumayan buat tempat alat tulis aksesoris anak anak ..",False,False,True,False,False,True,False,False,True,False,False,True
1471,"“kenapa didaur ulang saja?” sampah plastik sekali pakai terus menumpuk lingkungan kita, terus ditambah sampah produk beli semakin menumpuk. kalau begitu, didaur ulang saja? sayangnya daur ulang bukanlah solusi utama mengurangi sampah plastik. kebanyakan plastik dibiarkan mencemari lingkungan kita, bahkan sebagian kecilnya termakan satwa-satwa laut :( plastik didaur ulang terus mengalami downcycling (bahan memiliki kualitas dan/atau fungsi lebih rendah bahan asli) hingga akhirnya daur ulang lebih lanjut mudah dilakukan akhirnya menjadi sampah menumpuk. lalu solusinya? terus mendesak perusahaan produsen kemasan sekali pakai mengutamakan penggunaan ramah lingkungan, hindari membeli produk kemasan plastik dibutuhkan. bawa wadah tempat minum sendiri menghindari plastik perlu jajan, membawa tas sendiri menghindari kantong plastik sekali pakai. kamu katakan “tidak” kantong plastik sekali pakai >> act.gp/pantangplastik-fb << sekarang juga! pantangplastik breakfreefromplastic",True,False,False,True,False,False,True,False,False,True,False,False
1494,"pabrik daur ulang plastik pt. pradha karya perkasa . budayakan membaca! informasi lebih lanjut mengenai perusahaan / cara lamar / kualifikasi klik link bio story lokerpasinfo bingung cara apply lamaran. lihat sorotan / highlight ""tutorial"" ( lihat profile ) pertanyaan umum mengenai diatas jawab melalu kolom komentar maupun direct message ikuti terus mendapatkan update lowongan kerja pt jawa timur open paid promote silahkan klik link bio lokersidoarjo infolokersidoarjo lokersidoarjoterbaru lokerpasuruan infolokerpasuruan lokerpasuruanterbaru lokermojokerto infolokermojokerto lokermojokertoterbaru lokersurabaya infolokersurabaya lokersurabayaterbaru lokermalang infolokermalang lokermalangterbaru lokerjombangterbaru eventjepang lokerjombang wibuindonesia mojokerto mojokertohits cosplayerindonesia mojokertokekinian lokergresik infolokergresik lokergresikterbaru lokerjatim lokerjawatimur",False,False,True,True,False,False,False,False,True,True,False,False
1055,oecd mencatat juta ton plastik digunakan tahun lalu. jumlah sampah plastik terus meningkat pertahunnya mengurangi penggunaan plastik % sampah plastik berhasil daur ulang seluruh dunia indonesia semangatsalingbantu,True,False,False,True,False,False,False,True,False,True,False,False
385,bumi indus padma jaya pabrik daur ulang pet berteknologi foodgrade,False,True,False,False,False,True,False,False,True,False,False,True
1474,"butuh orang kerja rosok/ daur ulang plastik, kerjaan bongkar muat, pilah jenis warna, lokasi sekitaran wedomartani sleman,, info lebih lanjut wa",True,False,False,False,True,False,True,False,False,False,True,False
1906,pengelolaan sampah melibatkan masyarakat banyak menghasilkan benda daur ulang bernilai ekonomis. greeninitiative,False,False,True,False,True,False,False,False,True,False,False,True
948,isu lingkungan sangat serius mengkhawatirkan terutama penggunaan bahan bakar daur ulang masalah plastik. kalau bumi rusak tempat baku hantam.,True,False,False,False,True,False,True,False,False,False,True,False
1112,anggap . ah cuma selembar plastik aja ga ngaruh pikiran salah. sedikit sedikit jadi bukit sampah. bahkan bertahun-tahun sampah plastik hasilkan,True,False,False,False,True,False,True,False,False,False,True,False
1565,"open po shopping cart rak yoyo molistar susun berat barangwhite small square kg produksi biji plastik bukan plastik daur ulang, hingga lebih kokoh mudah pecah, anti rayap, anti lembab, berbau. awas tertipu barang murah mudah pecah gampang kendur. * dimensi (pxlxt): cm x cm x cm",False,True,False,True,False,False,True,False,False,True,False,False
863,lasan main nbyl yantie stpl industri daur ulang sangat suka kalau ukuran sampah plastik pet besar galon. selama industri daur ulang jarang mau daur ulang sampah plastik aqua botol apa sampah plastik banyak yg kotor nya minta ampun,False,True,False,False,False,True,True,False,False,True,False,False
1199,pengisian bahan bakar alternatif (petasol) dihasilkan daur ulang sampah plastik toyota fortuner. lengkapnya di:,False,True,False,False,True,False,False,True,False,False,False,True
843,natural pal series emina bukan cuma kandungannya aja baik buat wajah packagingnya baik buat alam loh kemasannya aja dibuat bahan natural rendah plastik daur ulang juga. jadi makin suka deh sustain journey palfromnature,False,False,True,False,True,False,False,True,False,False,False,True
265,jenis sampah plastik paling lama terurai butuh abad,False,True,False,True,False,False,False,True,False,True,False,False
1093,sedikit usul: mengingat indonesia negara maritim sebagian besar berupa pulau kecil &amp; pelabuhan rakyat perlu digalakkan sistem produksi perahu nelayan &amp; transportasi menggunakan bahan daur ulang plastik &amp; mudah bongkar-pasang,False,True,False,False,True,False,False,False,True,False,False,True
1017,persen sampah plastik indonesia didaur ulang. humaniora adadikompas,True,False,False,True,False,False,True,False,False,True,False,False
1563,"recycling symbolsparkles elegan daur ulangsparklesrecycling symbol langkah penuh percaya diri, sispathree xi perhotelan mempersembahkan gaun unik terbuat botol plastik bekascup with strawdress helai gaun bukan sekadar fashion, pesan kreativitas kepedulian lingkungan. dukung inovasi keberlanjutan! :globe showing Europe-Africa:green heartpink heart lomba fashion show gaun terbaik smks aska bali mandala || nomor undi sispathree xi perhotelan sasbamajaya fashionramahlingkungan daurulangjadikeren sustainabilityinstyle",False,False,True,False,False,True,False,False,True,False,False,True
418,kkp memperkenalkan teknologi daur ulang botol plastik warga mesin penjualan otomatis (vending machine) reserve vending machine (rvm). salah satu fitur ditawarkan mesin rvm penukaran botol plastik pet balisustainablemovement,False,False,True,False,False,True,False,True,False,False,False,True
224,kemenparekraf smeshub kolaborasi olah sampah plastik sandiaga uno: ciptakan lapangan kerja,False,False,True,False,True,False,False,True,False,False,True,False
361,imm banyumas hadirkan solusi peduli sampah lewat gerakan sedekah plastik botol (gasspoll),False,True,False,False,False,True,False,False,True,False,False,True
1833,baca ogoh-ogoh pikir proses pembuatan tutup tumbler potato head hotel (yang daur ulang plastik bekas) warnanya mirip naise!,False,True,False,False,True,False,False,False,True,False,False,True
856,satu goblok maanfaat fungsinya apa makan beling lebih baik kasih ilmu makan plastik kresek biar daur ulang bumi jadi bersih..,True,False,False,True,False,False,True,False,False,True,False,False
8,asn jember peduli lingkungan olah sampah plastik jadi kerajinan,False,True,False,False,True,False,False,False,True,False,False,True
1787,bank ocbc hargai botol minuman rp menggunakan reverse vending machine plasticpay daur ulang plastik sekaligus kumpulkan dana tanam mangrove,False,False,True,False,False,True,False,False,True,False,False,True
1436,menjahit kerajinan daur ulang plastik bekas pakai menjahit kerajinan daurulangplastik recycle,False,True,False,False,True,False,False,False,True,False,False,True
319,forsale mesin daur ulang plastik aluminium jenis: -kg/jam dipilih produk: aluminium &amp; plastik email: market.com whatsapp/wechat/phone: +,False,False,True,False,True,False,False,True,False,False,False,True
1649,"mengembangkan memproduksi granulator plastik, granulator masterbatch terisi, mesin peniup film, mesin stretch film, mesin pembersih plastik, penghancur plastik. mesin film gelembung, memiliki satu-satunya tim r&d china menyesuaikan berbagai granulator kapasitas. produk baru terbaru, granulator suhu rendah, air, asap, berbau, penggunaan basah kering, granulator berpendingin air pp, output tinggi, kualitas bagus, pp, bahan film pe, bahan film pp, po, pet, abs, pvc lembut bahan bahan lainnya digunakan. mesinnya stabil aman. whatsapp situs: kantong plastik pelet plastik daur ulang plastik mesin daur ulang plastik granulator plastik pelet plastik mesin pemotong plastik mesin daur ulang film film plastik mesin pembuat kantong plastik mesin peniup film plastik ekstruder plastik daur ulang sampah plastik daur ulang plastik granulator pemotongan panas berpendingin udara lini produksi film tiup ekstrusi bersama multilayer kantong kurir plastik",False,False,True,False,False,True,False,True,False,False,False,True
307,kemungkinan besar biji plastik daur ulang bukan beras. video sepertinya menunjukkan proses daur ulang plastik menjadi pelet (nurdles) produk baru bukan makanan. proses kredibel mengubah plastik jadi beras dimakan. faktanya klaim,False,True,False,False,False,True,False,True,False,False,False,True
430,pet memiliki nilai ekonomi relatif tinggi kestabilan sifat-sifatnya berwarna jernih ringan mudah dibentuk mudah pecah. jenis plastik banyak dibutuhkan industri daur ulang menjadi solusi yg efektif,False,True,False,False,False,True,False,False,True,False,False,True
1075,pengusaha plastik daur ulang bekasi ga sedikit padahal loh..,False,True,False,False,True,False,False,False,True,False,False,True
106,ilmuwan berhasil mengubah sampah plastik sulit daur ulang samudra pasifik menjadi komponen utama membuat obat-obatan.,False,False,True,False,True,False,False,False,True,False,False,True
1718,apa d printing house? d printing house proses pembuatan rumah menggunakan printer d mencetak struktur bangunan lapis lapis material khusus beton plastik daur ulang campuran lainnya. teknologi memungkinkan pembangunan rumah,False,True,False,False,True,False,False,False,True,False,False,True
123,computex acer menunjukkan komitmen kuat keberlanjutan aspire vero sebuah laptop hemat energi rangka terbuat % plastik daur ulang pcr. pilihan tepat untukmu sayangbumi acercomputex,False,False,True,False,True,False,False,True,False,False,False,True
689,gimana daur ulang sampah plastik amdk beres? kemasan kecil makin banyak terus plastik air mineral cuma didaur ulang % doang. prediksi lebih banyak sampah plastik laut ikan bakal jadi kenyataan,True,False,False,True,False,False,True,False,False,True,False,False
1644,"daur ulang penggunaan kertas pp nonwoven pengganti kantung plastik ternyata bukanlah solusi terbaik mengendalikan sampah plastik. sebuah diskursus tampak kajian california state university, . ternyata memproduksi (satu) ton bubur kertas (paper pulp) dibutuhkan (tiga) ton kayu. artinya? ..sama-sama berdampak negatif. plastic recycle rate indonesia ,%, us % jerman % (inaplas, ). tingkat daur ulang sampah plastik indonesia sangat rendah sebagian besar sampah didominasi kantung plastik belanja. kantung plastik belanja terlalu ringan menarik pemulung pengusaha daur ulang. mengandung %-% kalsium filler bahan konvensional lainnya menyebabkan sulit didaur ulang (rivai, ). manajemen limbah plastik menghadapi tantangan sangat kompleks. berawal dipilahnya sampah organik anorganik sejak rumah tangga. berlanjut terbatasnya sarana prasarana pengelolaan sampah. sisi teknis terdapat beragam material digunakan sulit didaur ulang. masalah penegakan hukum, adanya sanksi tegas tindakan membuang sampah sembarangan. kunci pengelolaan sampah plastik bagaimana cara meningkatkan plastic recycle rate indonesia. dimulai pemilahan khususnya plastik sejak rumah tangga didukung sarana prasarana pengelolaannya. sesuai amanah uu no./ pp /, membutuhkan komitmen semua pihak : masyarakat, perusahaan (swasta negara), ngo, pemerintah pengelolaan sampah. al akhdzu bil asbab, sekecil selemah apa pun, manusia wajib berusaha.",True,False,False,True,False,False,True,False,False,True,False,False
595,berfikir ga sih sampah banyak berserakan terutama sampah plastik.. karna : . tempat sampah sangat terbatas . pemakaian sampah plastik non daur ulang banyak bgt . budaya - diubah kesadaran aturan . peraturan yg kurang ditegakkan.,True,False,False,True,False,False,True,False,False,True,False,False
898,harusnya lsm tuh lebih mendalami daur ulang plastik terburu mengambil kesimpulan janganmenggiringopini,True,False,False,False,True,False,False,True,False,False,True,False
1522,"daur ulang sampah plastik kresek jadi bunga cantik. telat posting,folded hands",False,True,False,False,True,False,False,False,True,False,False,True
1447,"halo calon pengusaha! pojok plastik punya solusi kamu mau mulai usaha ngga punya lahan luas loh! salah satu paket usaha pojok plastik ini, kamu punya bisnis daur ulang sampah plastik cukup lahan garasi halaman rumah ya! penasaran? mau tau caranya? tunggu apa lagi? let's join us! informasi lebih lanjut, kalian mengunjungi website menghubungi / ya! bisnis daurulang sampahplastik pojokplastik indonesia",False,False,True,False,True,False,False,False,True,False,True,False
1104,bukan cuma daur ulang sih harusnya aqua air mineral lainnya segera punya trobosan jualan air kemasan ga pake plastik minimal mengurangi cthnya pake kertas sedikit plastik kaya kemasan susu uht,True,False,False,True,False,False,True,False,False,True,False,False
1417,gaun bahan daur ulang plastik by rumah jahit aisyah aisyah lisa daurulangplastik mykreasi pemula terusberkreasi reelvideo videofyp fbpro,False,True,False,False,True,False,False,True,False,False,False,True
117,coca-cola europacific partners indonesia dynapack asia resmikan pabrik daur ulang plastik pet,False,False,True,False,False,True,False,True,False,False,False,True
1131,"projek ke- ghb (daur ulang limbah plastik) proses mencuci, mengeringkan membuat ring badan gelas plastik gayahidupberkelanjutan daurulanglimbahplastik kelasx smanpunggur",False,True,False,False,False,True,False,False,True,False,False,True
312,bri terus berkomitmen lingkungan mendukung daur ulang plastik melalui rvm bri peduli! bripeduli worldcleanupday briliandancemerlang qrislink,False,False,True,False,True,False,False,True,False,False,True,False
1245,purwarupa jam tangan hasil daur ulang sampah plastik diluncurkan waktu dekat. (bbc),False,False,True,False,True,False,False,True,False,False,False,True
1743,solusi daur ulang sampah plastik hanyalah ilusi,True,False,False,True,False,False,True,False,False,True,False,False
748,masalahnya sistem daur ulang sampah indonesia sempurna. pelabelan bpa berpotensi meningkatkan sampah plastic akibat naiknya konsumsi plastik sekali pakai bertentangan komitmen pemerintah.,False,True,False,False,True,False,True,False,False,False,True,False
1014,@ emridwan pertanyaannya plastik daur ulang apa % didaur ulang berakhir kali,True,False,False,True,False,False,True,False,False,True,False,False
1805,gw ngumpulin banyak plastik/kresek ga mau nrima? dulu kalau jogja anak seni mau nampung buat seni daur ulang plastik.,False,True,False,False,True,False,True,False,False,False,True,False
993,perubahan besar selalu dimulai dgn tindakan sederhana. pengendalian sampah bkn melalui kegiatan daur ulang. mengurangi timbulan sampah plastik salah satu cara u/ mengatasinya. saatnya u/ memikirkan keberlanjutan lingkungan dgn memperhatikan sampah yg dihasilkan,True,False,False,False,True,False,True,False,False,False,True,False
1675,"assalamu'alaikum. siapa tau disini mau usaha daur ulang limbah plastik, tau konsep, jenis barang, marketnya, barang yg mau buka kasih konsepnya/ilmunya pengalaman saya. terimakasih. maaf sekedar berbagi aja semoga bermanfaat yg mau usaha limbah plastik.",False,False,True,False,True,False,False,False,True,False,True,False
666,menteri perindustrian airlangga hartarto mengatakan upaya daur ulang plastik alias recycle plastic indonesia kalah negara maju.,True,False,False,False,True,False,True,False,False,False,True,False
931,yuk kurangi pemakaian lima benda berikut tak didaur ulang loh tak botol plastik melalui proses daur ulang lima benda,False,True,False,True,False,False,True,False,False,True,False,False
579,hahaha berhala plastik kresek bang? plastik susah terurai bang alam bakar sih biar cepet daur ulang sdh jelek kualitasnya,True,False,False,True,False,False,True,False,False,True,False,False
1736,hari peduli sampah nasional yuk mulai biasakan langkah kecil membawa tumbler sendiri mengurangi plastik sekali pakai memilah sampah organik anorganik mendukung daur ulang. kebiasaan sederhana memberikan dampak besar,False,False,True,False,True,False,False,False,True,False,True,False
676,meskipun beberapa merek menggunakan jenis plastik polyethylene terephthalate (pet) dgn nomor kode plasti daur ulang mudah didaur ulang persebatan galon sekali pakai berputar dampak lingkungan.,False,True,False,False,False,True,True,False,False,True,False,False
638,langkah ditempuh mencegah senyawa beracun menyebar lingkungan prosedur daur ulang baik sayangnya pusat daur ulang kesulitan memisahkan lapisan plastik paper cup britania raya paper cup benar-benar,True,False,False,True,False,False,True,False,False,True,False,False
485,banyak dampak sampah plastik pencemaran tanah lingkungan semakin kecil sampah plastik semakin mudah dibuang sembarangan sulit dikumpulkan sulit masuk siklus daur ulang makanya mencemari lingkungan.,False,True,False,True,False,False,True,False,False,True,False,False
1956,"solusi daur ulang, pengurangan penggunaan plastik, pemanfaatan sampah organik perlu digalakkan. persenuntukindonesia temanpintarindonesia temanumkmindonesia community",False,False,True,False,True,False,False,False,True,False,True,False
312,bri terus berkomitmen lingkungan mendukung daur ulang plastik melalui rvm bri peduli! bripeduli worldcleanupday briliandancemerlang qrislink,False,False,True,False,True,False,False,True,False,False,True,False
595,berfikir ga sih sampah banyak berserakan terutama sampah plastik.. karna : . tempat sampah sangat terbatas . pemakaian sampah plastik non daur ulang banyak bgt . budaya - diubah kesadaran aturan . peraturan yg kurang ditegakkan.,True,False,False,True,False,False,True,False,False,True,False,False
465,mayora group baru meresmikan pabrik daur ulang sampah botol plastik diberi nama pt. bumi indus padma jaya jombang (bipj),False,False,True,False,False,True,False,True,False,False,False,True
1267,"tugas daring sibocil kemarin ""membuat kolase plastik daur ulang"",alhamdulillah..sudah sehat beberapa hari sakit . tugas membuatkolase plastikdaurulang kinerjabonus jangkauanluas semuaorang",False,True,False,False,True,False,False,True,False,False,False,True
46,brin pemkot semarang olah sampah plastik jadi bahan bakar petasol setara solar tempotekno,False,False,True,False,True,False,False,False,True,False,False,True
892,millennials kill sedotan plastik indonesia hari digunakan sedikitnya juta sedotan plastik yg daur ulang mencemari lingkungan. tahun sepertiga biota laut termasuk terumbu karang bahkan burung laut mati sampah plastik.,True,False,False,False,True,False,True,False,False,True,False,False
1399,alhamdulillah kreasi daur ulang plastik kresek hari semoga bermanfaat menginspirasi man teman folded hands diycraft daurulangplastik bungaplastikkresek,False,True,False,False,True,False,False,False,True,False,False,True
1103,iya bahkan daur ulang plastik membuat banyak macam barang yg berguna mulai dr baju alat tulis penghapus kalau dibakar malah jadi minyak yg gak terlalu berguna hasilnya sedikit malah meningkatkan polusi udara,False,False,True,False,False,True,False,False,True,False,False,True
556,sedotan kertas gelasnya plastik. hasil penelitian aku baca gelas plastik mau ngolah &amp; dimanfaatkan kembali. sedotan plastik hampir % gak mau ngolah &amp; gunanya dipakai. jadi dibilang,False,True,False,False,True,False,True,False,False,True,False,False
88,exxon dituduh tahun bohongi publik soal daur ulang plastik,True,False,False,True,False,False,True,False,False,True,False,False
694,kalau sampah plastik jadi solar nelayan petani kamu apa bikin ragu mulai daur ulang?,False,True,False,False,False,True,True,False,False,False,False,True
934,proses daur ulang plastik tahu,False,True,False,False,True,False,True,False,False,False,True,False
1612,**cod buat daerah surabaya/gresik bau** **buat minat saja** **wa ** kresek kw kualitas bagus terpercaya barang rusak ? langsung uang balik kresek getas reputasi baik complain selama ( bal kg) ukuran ukuran ukuran ukuran ukuran warna tersedia -merah -hijau -biru -hitam -ori -natural kantong kresek berkualitas harga terjangkau kresek berbau kresek daur ulang kw pembelian via cod **wajib** hadir langsung pabrik maupun area **sekitar **wilayah pabrik,False,True,False,False,True,False,False,False,True,False,False,True
944,pengelolaan sampah plastik cukup sekadar menerapkan sistem daur ulang. perlu regulasi menekan produksi sampah. korantempo,True,False,False,False,True,False,True,False,False,False,True,False
1891,"ga sampah buang tong sampah aja, sampah ga daur ulang, sampah mah sampah aja",True,False,False,True,False,False,True,False,False,True,False,False
142,venteny &amp; plastic bank indonesia kumpulkan ribu kg plastik daur ulang plasticbankindonesia,False,False,True,False,True,False,False,True,False,False,True,False
804,terpopuler news sirkulasi daur ulang plastik maksimal via,False,True,False,True,False,False,False,True,False,True,False,False
1510,"pabrik daur ulang plastik cv nd plasindo jongkang, buran, kecamatan tasikmadu, kabupaten karanganyar, ludes dilalap api kamis (//). kebakaran terjadi diduga panel listrik tersebut meledak akibat korsleting. pemilik pabrik daur ulang plastik cv nd plasindo, iswahyudi, mengatakan menerima laporan kebakaran pukul . wib. kejadian, lanjutnya, gudang karyawan bekerja sif malam. “informasi terima karyawan korsleting bagian panel meledak. lalu membakar semua pabrik,” kata dia, kamis pagi. langsung melaporkan kejadian pemadam kebakaran. tiga unit mobil pemadam kebakaran tiba lokasi. cukup kesulitan memadamkan api, mengingat kobaran api membesar bahan plastik mudah terbakar. iswahyudi memperkirakan akibat kejadian mengalami kerugian hingga rp miliar. “ini pabrik daur ulang biji plastik. full bahan plastik memang mudah terbakar,” kata dia. hingga kini api membara. api berhasil dijinakkan. petugas pemadam kebakaran berusaha melokalisasi api merembet lokasi lain. lantaran kondisi pabrik tak jauh spbu buran pabrik lain.",True,False,False,False,True,False,True,False,False,False,True,False
303,benar nasi dibuat beras botol bekas. klaim bagian mitos beras plastik dibantah. video mungkin menunjukkan proses daur ulang plastik menjadi butiran bukan beras dimakan. beras asli berasal tanaman padi beras buatan,False,True,False,False,False,True,False,False,True,False,False,True
1866,daur ulang sampah,False,False,True,False,True,False,False,False,True,False,True,False
546,plastik sekali pakai resmi dilarang jakarta. kalo abis dipake mini market terus dipake buat tong sampah rumah kan jadi kali pake tuh. berarti dong kalo gitu. hehe.,True,False,False,True,False,False,True,False,False,True,False,False
260,ngomongin sampah danone aqua kalian sering dengar lihat kampanye danone aqua soal peduli lingkungan jelang hari bumi ? nah momen hari bumi pas banget buat lihat janji &amp; komitmen soal sampah plastik,False,False,True,False,True,False,False,True,False,False,True,False
1647,"umuk daur ulang plastik nerd facesmiling face with sunglassesface with medical mask:face with head-bandage: selasa uthuk-uthuk, januari permasalahan mendasar daur ulang plastik terletak kompleksitas jenis plastik rendahnya tingkat daur ulang global. plastik terdiri berbagai jenis polimer, pet, hdpe, pp, lainnya, masing-masing membutuhkan proses daur ulang berbeda. banyak produk plastik menggabungkan bahan-bahan berbeda, lapisan film plastik aluminium kertas, sulit didaur ulang efisien. itu, plastik terkontaminasi makanan, minyak, bahan kimia sering kali memenuhi standar daur ulang, berakhir tempat pembuangan sampah dibakar. menunjukkan infrastruktur pengelolaan sampah teknologi pemrosesan cukup mengatasi beragam jenis kondisi plastik. sisi lain, aspek ekonomi kesadaran masyarakat menjadi hambatan besar. biaya daur ulang plastik sering kali lebih tinggi dibandingkan produksi plastik baru bahan baku fosil, terutama harga minyak mentah rendah. akibatnya, produsen lebih memilih plastik virgin dibandingkan plastik daur ulang. itu, rendahnya kesadaran masyarakat memilah sampah plastik, terutama negara berkembang, memperburuk situasi daur ulang efektif bahan plastik dipilah awal. mengatasi masalah ini, diperlukan kolaborasi pemerintah, industri, masyarakat mengembangkan teknologi, regulasi, kampanye kesadaran lingkungan.",True,False,False,True,False,False,True,False,False,True,False,False
497,harapannya kedepannya semakin banyak masyarakat mulai daur ulang sampah plastik buat ngurangin tumpukan sampah sulit terurai,False,False,True,True,False,False,True,False,False,True,False,False
368,adb mendukung indonesia mengurangi sampah plastik lautan pt alba tridi plastics recycling indonesia perusahaan alba group asia mendirikan fasilitas daur ulang polietilen tereftalat (pet) jawa tengah.,False,True,False,False,False,True,False,False,True,False,False,True
1748,indonesia kehilangan % gdp tahun akibat dampak polusi plastik. bukan cuma soal lingkungan urusan ekonomi kesejahteraan kita! konferensi inc berikutnya indonesia lebih tegas mendorong pembatasan produksi plastik bukan daur ulang,True,False,False,True,False,False,False,True,False,True,False,False
1796,sobatjaktim! siapa sangka sampah plastik tercipta karya seni luar biasa? yuk ubah barang bekas jadi bermanfaat! mulai kecil daur ulang bikin perubahan besar bumi kita. lingkungan sampahplastik plastik,False,False,True,False,True,False,False,False,True,False,False,True
806,ternyata sampah plastik daur ulang uk ngga diproses negeri malah dikirim asia. parah banget sekarang malaysia jadi salah satu tujuan rrt nolak ekspor sampah plastik. sepertinya indonesia terima sampah investigasi.,True,False,False,True,False,False,True,False,False,True,False,False
276,anak sekolah tugas bikin ecobrick botolnya minta liter. bukannya ecobrick konsepnya memanfaatkan botol bekas ya? kalau beli botol baru buat diisi sampah plastik bukan recycle dong namanya,False,False,True,False,False,True,True,False,False,False,False,True
792,pemerintah memajukan memayungi industri daur ulang plastik tanah air yg menjadi kontributor kekuatan ekonomi nasional.,True,False,False,False,True,False,True,False,False,False,True,False
72,tekan jejak karbon bank mandiri terbitkan kartu debit e-money plastik daur ulang pertama indonesia,False,False,True,False,True,False,False,True,False,False,False,True
1431,proses daur ulang kantong plastik menakjubkan,False,True,False,False,False,True,False,False,True,False,False,True
397,dulu galon air minum isi ulang memang jadi idola pengguna galon pc sekarang mengalami penurunan kekhawatiran bpa susahnya daur ulang. sendiri beralih galon sekali pakai galon pet nya ringan transparan mudah didaur ulang.,False,False,True,False,False,True,False,False,True,False,False,True
587,rispek cakk cuma kurang tadi soal botol plastik dijawab loh botol plastik tetap didaur ulang coba lihat apa dilakukan pak anies dki melalui tpst bantar gebang mengolah sampah cara salah satunya daur ulang plastik .,False,False,True,False,False,True,False,False,True,False,False,True
68,exxonmobil sedang mengkaji implementasi teknologi mutakhir daur ulang plastik skala besar indonesia. simak video cara kerja teknologi tersebut.,False,False,True,False,True,False,False,False,True,False,True,False
1591,"daur ulang sekali kemasan plastik berbahan polyethyl enterephthalat (pet) kemasan minuman kaleng berbahan aluminium. sistem einwegpfand walaupun memuaskan semua orang termasuk pencinta lingkungan, paling sampah plastik diminimalkan. botol pet kembalikan dihargai cent (berdasarkan kurs senilai rupiah), kemasan daur ulang beberapa kali berbeda-beda jumlah terima, tergantung jenis ukuran botolnya. jerman mesin automat merata supermarket. konsumen cukup mengembalikan botol-botol kosong tanda daur ulang tersebut mesin-mesin tersedia. . . follow support .ig dapatkan info, fakta menarik baru harinya! thanks smiling face with sunglasses -- copyright all rights and credits reserved to the respective owner(s).please contact us for credit or removal. --‐‐-- fakta infoterbaru jakarta ilmupengetahuan mitos wawasan surabaya luarbiasa informatif sains teknologi lagirame indonesia viralbanget faktadunia medan tiktokindo lagiviral medsostv hotmedsos sampah daurulang daurulangplastik follow .ig faktaduniafaktaduniaislam faktaduniaunik faktaduniaa faktaduniakini faktaduniaind",False,False,True,False,False,True,False,False,True,False,False,True
503,pvc (polyvinyl chloride) digunakan pipa jendela berbagai produk plastik keras. sulit didaur ulang mengandung bahan berbahaya sering kali dihindari proses daur ulang.,False,True,False,False,True,False,False,True,False,True,False,False
1618,"sebuah karya daur ulang sampah plastik..dan kardua bekas, mohon maaf sempurnasmiling face",False,True,False,False,True,False,False,False,True,False,False,True
696,gw baca berita peluang besar tajir daur ulang sampah plastik,False,False,True,False,True,False,False,False,True,False,True,False
1530,"mungkin banyak tahu tas anyam berbahan plastik (mungkin daur ulang,karena tahu pasti) katanya karya penduduk desa desa mengisi waktu disaat waktu senggang, sebagian orang tas dianggap kurang ""berkelas"" ternyata sangat laku dijual negara simbol binatang kanguru. kebutuhan pasar disana melebihi barang tersedia,nah ternyata masalahnya bahan tas tersebut sering telat khususnya variasai warnanya,terkesan aneh memang pemesanan warna tertentu seringkali bahanya kosong, habis habisan memasarkan barang jual benua seberang,dan mungkin sekalian mulai menyukai produk melihat bagaimana rakyat negara tetangga menghargai karya kita,apresiasinya bagusnya.. katakan cinta indonesia.",True,False,False,False,True,False,True,False,False,True,False,False
638,langkah ditempuh mencegah senyawa beracun menyebar lingkungan prosedur daur ulang baik sayangnya pusat daur ulang kesulitan memisahkan lapisan plastik paper cup britania raya paper cup benar-benar,True,False,False,True,False,False,True,False,False,True,False,False
743,tau daur ulang sampah plastik gimanaa? yuk mending ikut acara nih tegal semuadukungganjar,False,False,True,False,True,False,False,False,True,False,True,False
1389,sampah plastik disikapi baik menjadi sumber ekonomi baru ( sirkular ekonomi ). pengolahan sampah plastik menjadi produk daur ulang berkontribusi pengurangan gas emisi rumah kaca memicu pemanasan global berdampak perubahan iklim.,False,False,True,False,True,False,False,False,True,False,False,True
207,dlh tanjungpinang olah sampah plastik jadi bbm,False,True,False,False,True,False,False,True,False,False,False,True
737,buat kenal yuk kenalan sama newhun berdiri tanggal mei newhun menjadi pertama asia memproduksi jam tangan daur ulang sampah plastik. sobat nonton podcast bersama newhun channel youtube satgas citarum! newhun,False,False,True,False,True,False,False,True,False,False,False,True
529,sangat takjub semua jenis sampah plastik bahkan biasanya sulit diolah disulap jadi produk bernilai naga kuda brand. tangan ibu feni timnya limbah bukan masalah jadi bahan jadi siap pakai.,False,False,True,False,False,True,False,False,True,False,False,True
1110,emang dgn mengunakan sendok plastik / sedotan plastik dilebelkan penyelemat bumi? sedikit yg diluruskan (yg salah bukan menggunakannya) menggunakannya mau dikemanakan? dibuang langsung? pilah buat disetir tempat daur ulang? atau?,False,False,True,False,True,False,False,False,True,False,False,True
674,nope daur ulang sampah plastik indonesia rendah banget. kebanyakan sampah plastik terkelola baik tpa berakhir mencemari lingkungan baik darat maupun perairan. cmiiw kehigenisan kualitas so called daur ulang terjamin.,True,False,False,True,False,False,True,False,False,True,False,False
380,aqua wujudkan bisnis berkelanjutan daur ulang pet aqua bisnisberkelanjutan daurulang lingkungan plastikpet ekonomihijau sustainability industriminuman,False,False,True,False,False,True,False,True,False,False,False,True
1380,mengisi waktu sore hari.. pengolahan sampah plastik pwgt jem.kanaan.. . . pwgt sampahplastik ecobrick,False,True,False,False,True,False,False,False,True,False,False,True
706,emang packaging apa? mungkin dg gak pake plastik asal lg ngurangin beban bumi? krn daur ulang plastik sangat terbatas.,True,False,False,True,False,False,True,False,False,True,False,False
1647,"umuk daur ulang plastik nerd facesmiling face with sunglassesface with medical mask:face with head-bandage: selasa uthuk-uthuk, januari permasalahan mendasar daur ulang plastik terletak kompleksitas jenis plastik rendahnya tingkat daur ulang global. plastik terdiri berbagai jenis polimer, pet, hdpe, pp, lainnya, masing-masing membutuhkan proses daur ulang berbeda. banyak produk plastik menggabungkan bahan-bahan berbeda, lapisan film plastik aluminium kertas, sulit didaur ulang efisien. itu, plastik terkontaminasi makanan, minyak, bahan kimia sering kali memenuhi standar daur ulang, berakhir tempat pembuangan sampah dibakar. menunjukkan infrastruktur pengelolaan sampah teknologi pemrosesan cukup mengatasi beragam jenis kondisi plastik. sisi lain, aspek ekonomi kesadaran masyarakat menjadi hambatan besar. biaya daur ulang plastik sering kali lebih tinggi dibandingkan produksi plastik baru bahan baku fosil, terutama harga minyak mentah rendah. akibatnya, produsen lebih memilih plastik virgin dibandingkan plastik daur ulang. itu, rendahnya kesadaran masyarakat memilah sampah plastik, terutama negara berkembang, memperburuk situasi daur ulang efektif bahan plastik dipilah awal. mengatasi masalah ini, diperlukan kolaborasi pemerintah, industri, masyarakat mengembangkan teknologi, regulasi, kampanye kesadaran lingkungan.",True,False,False,True,False,False,True,False,False,True,False,False
389,plastik berbahan pet ramah lingkungan mudah didaur ulang. bahkan hasil riset swi daur ulang plastik pet berkontribusi besar bg perekonomian masyarakat khususnya pengepul sampah. jadi pengepul sampah plastik pet ibarat 'emas' yg sangat laku dijual.,False,True,False,False,False,True,False,True,False,False,False,True
200,olah sampah plastik jadi pupuk pemkab karo pt nses jalin kerja sama,False,True,False,False,True,False,False,True,False,False,False,True
594,daur ulang (yg indo penerapannya kurang memadai) bukanlah jawaban utama pengurangan sampah plastik. pengurangan penggunaan plastik tatplah jawaban utama pengurangan sampah. kalo terus daur ulang ujungnya ttp bakal dibuang tolakgalonsekalipakai,True,False,False,False,True,False,True,False,False,False,True,False
522,mineraleid id ri produk amdk le minerale galon sekali pakai kalau kaitkan isu lingkungan gak masuk akal plastik pet harga jual nya lebih tinggi sampah plastik pc gak harganya sulit daur ulang,False,True,False,False,False,True,True,False,False,True,False,False
1861,"daur ulang sampah menjadi intan berlian, kebiasaan inzaghi",False,True,False,False,True,False,False,False,True,False,False,True
432,punya nilai ekonomis daur ulang galon sekali pakai jauh lebih tinggi dibanding kemasan gelas botol kecil sekali pakai. gak percaya? coba cek deh tpa kalian temukan galon pet gunung sampah tersortir pemulung.,False,True,False,False,False,True,False,True,False,False,False,True
209,warga cilegon olah sampah plastik jadi bbm sebulan hasilkan liter,False,True,False,False,True,False,False,False,True,False,False,True
494,other (plastik lainnya) termasuk berbagai jenis plastik campuran plastik bahan tertentu polikarbonat. daur ulang tergantung jenis spesifiknya seringkali sulit diproses.,False,True,False,False,True,False,False,True,False,True,False,False
915,miliar metrik ton plastik diproduksi sejak pertama kali ditemukannya tahun an. % sampah plastik tdk daur ulang sebagian besar plastik terurai alam sampah plastik tetap hingga ratusan bahkan ribuan tahun mendatang.,True,False,False,True,False,False,True,False,False,True,False,False
796,exactly jey. aku ga setuju bagian sedotan sama gelas plastik dihitung per pc. mendingan ikutan cara udah berlaku dihitung per kg. industri daur ulang efektif mindset orang-orang tahap environmental..,True,False,False,False,True,False,True,False,False,False,True,False
790,salah satu faktor penyebabnya sistem daur ulang sampah plastik berjalan baik kesadaran masyarakat kurang membuang sampah sembarangan,True,False,False,False,True,False,True,False,False,False,True,False
1877,"gw ngakak blg produk gagal sama yg udh mengharumkan nama negara,klw sistem nya bgtu,trus yg msh jd bban negara,apa dong nama nya?sampah negara trlalu bagus,krna bsa d daur ulang,trus apa yg pntes julukan bt ni pig facebangke kali lebih pantesrelieved face",False,True,False,False,True,False,False,True,False,False,True,False
1008,kresek tak pernah tau isi apa tau berakhir tong sampah.. berusaha sebaik mngkin jlnkan tugasnya mkir makanan sampah emas yg masuk.. berharap daur ulang utk jd plastik yg lbh mulia..,True,False,False,False,True,False,True,False,False,True,False,False
84,takjub! korsel daur ulang sampah plastik . ton/ tahun,False,False,True,False,False,True,False,False,True,False,False,True
980,daur ulang sampah cukup melindungi laut pencemaran plastik lewat,True,False,False,False,True,False,True,False,False,False,True,False
914,daur ulang? sayangnya daur ulang bukanlah solusi utama pengurangan sampah plastik. kebanyakan plastik dibiarkan mencemari lingkungan bahkan termakan satwa laut. pantangplastik breakfreefromplastic,True,False,False,False,True,False,True,False,False,False,True,False
20,ide bagus olah sampah pasangan desainer sulap limbah plastik laut jadi furniture,False,True,False,False,True,False,False,False,True,False,False,True
1466,kantin sekolah libur lanjut tugas ter selesai kan .. berkarya daur ulang plastik.. kira² mau bikin apa yaa thinking facethinking face jangkauanluas fhoto daurulangplastik,False,True,False,False,True,False,False,True,False,False,False,True
1296,nadya bikin challenge daur ulang plastik,False,True,False,False,True,False,False,True,False,False,False,True
1580,mencoba membuat baju bahan daur ulang plastik.. model rumit.. model yg simpel mikire ws mumet person facepalmingperson facepalming,False,True,False,False,True,False,True,False,False,False,True,False
646,loh kan galon sekali pakai didaur ulang? faktanya gak daur ulang sampah plastik indonesia baru menyentuh %. sedikit recycle rate. nih simak penjelasannya,True,False,False,True,False,False,True,False,False,True,False,False
977,sama sama jaga bumi sampah plastik. plastik sangat sulit diurai alami daur ulang plastik cukup mengurangi sampah plastik. sama sama menjadi pelopor perubahan,True,False,False,True,False,False,True,False,False,True,False,False
887,proses daur ulang galon sekali pakai sendiri merupakan salah satu solusi pemanfaatan sampah plastik membebani lingkungan bahkan banyak negara maju siklus ekonomi daur ulang limbah plastik dianggap salah satu solusi pengelolaan limbah yg cukup,False,False,True,False,False,True,False,False,True,False,False,True
674,nope daur ulang sampah plastik indonesia rendah banget. kebanyakan sampah plastik terkelola baik tpa berakhir mencemari lingkungan baik darat maupun perairan. cmiiw kehigenisan kualitas so called daur ulang terjamin.,True,False,False,True,False,False,True,False,False,True,False,False
1239,daur ulang sampah plastik materidaurulang mi-kelas,False,False,True,False,True,False,False,False,True,False,True,False
890,seluruh jam dinding rumah entah mati berbarengan menemani sejak lama. jam liat ponsel tetap beda kalau melihat mendengar detik. jam hasil daur ulang plastik merayakan ultah btsarmy warnanya cantik,False,True,False,False,True,False,False,True,False,False,False,True
1275,"rak serbaguna susun buana warna harga backhand index pointing right rp. . diproduksi biji plastik bukan plastik daur ulang, hingga lebih kokoh mudah pecah, anti rayap, anti lembab, berbau. awas tertipu barang murah mudah pecah gampang kendur. susun / tingkat dimensi (pxlxt): cm x cm x cm roda nya mudah pindahkan.. * modern design * durable material * easy to assemble * making the room tidy ready stock fire",False,True,False,True,False,False,True,False,False,True,False,False
1665,"belajar memilah sampah session hallo hai mimin disini. you know guys?? world economics forum memprediksi produksi plastik dunia mencapai . juta ton tahun . plastik dilematis sob, disatu sisi sangat dibutuhkan kelebihannya tak tergantikan, sebut saja, murah, praktis, mudah didapatkan tahan lama. segala kelebihan ternyata dampak negatif bawa seiring penggunaannya kian tak terkendali. semua orang tahu, plastik terbuang butuh waktu sangat lama utk mengurainya kalaupun hancur sekedar jadi microplastic /butir plastik ..ngga jadi tanah. itu..tingkat daur ulang/recycle rate sampah plastik indonesia adupi tergolong rendah. berkisar ,%. lainnya jadi sampah.. hiks. disitu kadang mimin merasa sedih loudly crying face. ee trus yg bilang, kalau tahu sedih ngapain disitu min face with tears of joyface with tears of joyface with tears of joy. yuklah kelola sampah plastik . jenis ldpe ( low density polyethylene). jenis bersifat elastik. contohnya kantong kresek bungkus makanan. nah kalau bank sampah dinperkim lh, sampah kemasan sampah kantong kresek ditimbang terpisah harganya beda. to be continued salam r",True,False,False,True,False,False,True,False,False,True,False,False
1866,daur ulang sampah,False,False,True,False,True,False,False,False,True,False,True,False
1182,"sahabat, melawan polusi sampah plastik dilakukan daur ulang mengoptimalkan potensi nilai ekonomisnya lho! salah satu caranya melalui model daur ulang. rantai daur ulang menjadi kunci utama penerapan ekonomi circular. melakukan daur ulang sampah plastik menggunakan produk daur ulang mengurangi penumpukan sampah tpa. model daur ulang memiliki nilai ekonomi masyarakat mendukung industri-industri pengolahan sampah.",False,False,True,False,True,False,False,False,True,False,False,True
857,bagja bener banget tingkat daur ulang tuh botol gelas plastik sangat rendah buktinya sampah aqua jenis banyak temukan mana,False,True,False,True,False,False,True,False,False,True,False,False
461,grup alba membangun pabrik daur ulang sampah plastik berjenis pet food grade kendal industrial park mampu mengolah . ton limbah botol plastik per tahun.,False,False,True,False,False,True,False,True,False,False,False,True
1516,kreasi plastik bakar.. bahan sampah plastik.. berjuang sendiri biar gak cemburu sosial lagi.. semangat pengrajin daur ulang..,False,True,False,False,False,True,False,False,True,False,False,True
79,| baru aqua | air mineral bermerk aqua selalu berbuat kebaikan masyarakat setempat indonesia. warga palestina jauh disana. aqua sedang membangun sumur resapan bentuk inovasi daur ulang plastik.,False,False,True,False,True,False,False,True,False,False,True,False
1657,"jangkauan pengangkutan sampah rendah, diharapkan sampah dibuang tpa meningkat. mengantisipasi pembuangan sampah sembarangan masyarakat. cara efektif lainnya pengelolaan sampah plastik. menjalankan bisnis daur ulang plastik. informasi lebih lanjut, kalian mengunjungi website menghubungi / ya! bisnis daurulang sampahplastik pojokplastik indonesia",True,False,False,False,True,False,True,False,False,False,True,False
1060,sampah plastik ;masalah daur ulang hilir bukan regulator larangan hulu. jakarta &amp; tangerang punya legulator larangan kantong plastik punya pabrik pengolahan sampah baik. hulu &amp; hilir seimbang. mohon maaf jangan fokus hulu aja. pemiludamai,False,False,True,False,False,True,False,False,True,False,False,True
910,alasan sampah kemasan fleksibel plastik(multilayer) dikumpulkan kebanyakan layak didaur ulang&amp;sulit diidentifikasi layak daur ulang&amp;tidak.furec memiliki jawaban menyelesaikan masalah sampah plastik jenis menerapkan konsep logo furec.,True,False,False,False,True,False,True,False,False,True,False,False
1255,"ready plastik daur ulang cocok buat taplak meja alas duduksmiling face with hearts cus miliki bun, membeli berarti ikut menyelamatkan bumi :globe showing Europe-Africa: limbah plastik smiling face with hearts to tucraft plastik daur ulang",False,False,True,False,True,False,False,False,True,False,False,True
1988,"sebagian ruang kelas sma pangudi luhur, jakarta selatan, kini lebih ramah lingkungan meja kursi terbuat daur ulang sampah plastikclapping hands",False,False,True,False,True,False,False,False,True,False,False,True
583,bikin tuh mikir gini gak sih?? sampah nya mau dikemanain klo didaur ulang mnrt gue tetep kurang botol plastik yg kecil gtu aja udh banyak yg daur ulang tetep numpuk sampah-sampai nya yg segede itu. stress,True,False,False,True,False,False,True,False,False,True,False,False
383,sesuai peraturan bpom kemasan amdk menyertakan lebel bpa. galon sekali pakai memasang label produk yg berisikan informasi jenis plastik pet dikenali kode daur ulang ''. artinya galon sekali pakai mudah daur ulang. gimana,False,True,False,False,False,True,False,True,False,False,False,True
657,tiza mafira direktur eksekutif gidkp mengatakan tingkat daur ulang sampah plastik indonesia sangat rendah angka -%. sebagian besar sampah plastik berakhir tempat pembuangan akhir (tpa) sampah sisanya berakhir ekosistem lautan.,True,False,False,True,False,False,True,False,False,True,False,False
1821,kebakaran pabrik daur ulang plastik mojosongo semua bahan baku terbakar hangus kebakaranmojosongo pabrikdaurulang kebakaranplastik lingkunganhidup sampahplastik disasteralert environmentalimpact recyclingchallenges,True,False,False,False,True,False,False,True,False,False,True,False
719,trubusmania peneliti lipi: limbah plastik daur ulang meninggalkan polutan trubusid,True,False,False,True,False,False,True,False,False,True,False,False
1536,"[lingkungan] kangen bu tejo kangen bu tejo, kali beliau kampanye sampah plastik.. sama kampanye calon lurah sih wkwkwkwkwkwkwk pesannya kumplit: kurangi produksi sampah plastik menggunakan plastik ulang (reuse), galon, keranjang belanja, dll. reuse sebenarnya paling mudah dilakukan dilakukan diri sendiri dimanapun kapanpun, kalah populer daur ulang (recycle). hasilnya langsung tampak nyata, produksi sampah berkurang. ironisnya produsen air minum kemasan (galon) yg justru mengiklankan kemasan galon sekali pakai. produsen telat jaman memang sengaja cari sensasi marketing gimmick sih? lingkungan sampahplastik kantonggunaulang plastikgunaulang galongunaulang galonisiulang butejo",False,False,True,False,False,True,False,False,True,False,False,True
690,bukan soal daur ulang. global rata-rata persen sampah didaur ulang. bikin kemasan baru lebih murah recycle. kemasan plastik diproduksi tahun -an sampahnya berkeliaran alam hingga kini.,True,False,False,True,False,False,True,False,False,True,False,False
1485,sampah plastik daur ulang bestie asalkan mau ngumpulinya,True,False,False,True,False,False,True,False,False,True,False,False
308,dituding jadi sumber pencemaran pabrik daur ulang plastik gunakan ipal sirkulasi - googlealerts,False,True,False,False,True,False,True,False,False,False,True,False
211,olah sampah plastik program bersih indonesia buka . lapangan kerja,False,False,True,False,True,False,False,False,True,False,True,False
827,sayang kesadaran indonesia rendah daerah luar jawa sampah plastik luar biasa banyak fasilitas daur ulang sangat minim bahkan ada.,True,False,False,False,True,False,True,False,False,False,True,False
1485,sampah plastik daur ulang bestie asalkan mau ngumpulinya,True,False,False,True,False,False,True,False,False,True,False,False
1233,"mendaur ulang salah satu usaha mengatasi limbah semakin banyak harinya. adapun sampah plastik diolah beraneka ragam, mulai pembuatan tas, dompet, mainan anak-anak, bunga hias, pot, sebagainya. sederhana ialah kata tepat pemanfaatan daur ulang sampah plastik. kali membuat tas love d bungkus dancow",False,True,False,False,True,False,False,False,True,False,False,True
889,lapangan tenis terapung great barrier reef australia. lapangan dibuat bahan plastik daur ulang. seruan sang produsen membuang sampah lautan. plastik lebih banyak ikan lautan.,False,False,True,False,True,False,False,False,True,False,False,True
1751,pernah mendaur ulang plastik. ekonomi masuk. harga biji plastik virgin selalu lebih murah biji plastik daur ulang. r reduce reuse recycle. urutannya gitu reduce reuse baru recycle.,True,False,False,True,False,False,True,False,False,True,False,False
1750,real betis balompié menciptakan kaos pertama terbuat ganggang laut plastik daur ulang meningkatkan kesadaran besarnya bahaya invasi spesies sepanjang pantai andalusia. respect real betis,False,False,True,False,True,False,False,False,True,False,False,True
927,laporan mengatakan memproduksi bahan bakar sampah plastik memenuhi syarat daur ulang definisi internasional.,True,False,False,False,True,False,True,False,False,False,True,False
1904,senang melihat komitmen kuat pengelolaan sampah! semoga makin banyak dukungan industri daur ulang sampah dimanfaatkan baik hentikanopendumping,False,False,True,False,True,False,False,False,True,False,True,False
193,pemkab kobar cari ide olah sampah plastik bernilai ekonomis,False,True,False,False,True,False,False,True,False,False,False,True
566,nah mulai bohongnya nih boti jelek pemuja plastik daur ulang. army marah lo bawa zionist bukan ttg muka buruk lo njir sok penting nih boti tulang lunak,False,True,False,True,False,False,False,True,False,True,False,False
486,sebuah laporan menunjukkan sampah danone aqua tahun beratnya lebih kali berat menara eiffel jelas sih krn semakin kecil sampah plastik semakin mudah dibuang sembarangan sulit dikumpulkan sulit masuk siklus daur ulang mencemari lingkungan,True,False,False,True,False,False,True,False,False,True,False,False
919,potret lisa blackpink kenakan baju hasil daur ulang sampah plastik stylish abis!: ditulis oleh: lily ariani dunia hiburan penampilan selebriti menjadi sorotan. selebriti senantiasa tampil menawan mengecewakan termasuk,False,False,True,False,True,False,False,False,True,False,False,True
280,gunungpati ubah sampah plastik jadi bbm pemkot semarang dorong uji laboratorium kecamatan gunungpati ubah sampah plastik jadi bbm. pemkot semarang gandeng universitas uji laboratorium dukung inovasi ramah lingkungan.,False,False,True,False,True,False,False,False,True,False,True,False
992,taukah kamu kalau sampah plastik daur ulang menjadi paving block? gimana caraya? simak video berikut! tonton terus vaksinslankuntukindonesia hari jumat pukul . wib ⁣⁣ mediagroupxslank,False,True,False,False,True,False,False,True,False,False,False,True
745,adupi: industri daur ulang plastik pulih tahun depan,True,False,False,False,True,False,True,False,False,False,True,False
880,galon sekali pakai berbahan pet d daur ulang jarang temukan d tumpukan sampah yg banyak tetep botol plastik,False,True,False,True,False,False,True,False,False,True,False,False
575,yaelah murah banget pake plastik daur ulang aja nih kerenan dikit rt : jelek banget- - udah pake kertas nasi ko,False,True,False,True,False,False,False,True,False,True,False,False
997,daur ulang jadi plastik plastik lagi. gitu aja terus sampa - thn kedepan. thn yg sama produsen keluarkan terus plastik plastik plastik baru. lama lbh banyak plastik segenap makhluk hidup bumi ini.,True,False,False,True,False,False,True,False,False,True,False,False
589,fasilitas daur ulang sangat sedikit kesadaran masyarakat kurang ini. satu-satunya jalan buat perusahaan pakai kemasan yg ramah lingkungan itupun kalo bener niat bikin kampanye anti sampah plastik.,True,False,False,False,True,False,True,False,False,False,True,False
579,hahaha berhala plastik kresek bang? plastik susah terurai bang alam bakar sih biar cepet daur ulang sdh jelek kualitasnya,True,False,False,True,False,False,True,False,False,True,False,False
655,plastik awalnya dibuat memudahkan kehidupan manusia kini menjadi ancaman. jumlah produksi konsumsi plastik meningkat dibarengi proses daur ulang memadai.,True,False,False,True,False,False,True,False,False,True,False,False
1627,vidio pernah diposting giliran q posting mbah memet marcomet bilang vidio daur ulang botol plastik kali didaur ulang,False,True,False,False,False,True,True,False,False,True,False,False
678,hasil daur ulang sampah plastik sterofoam kertas oli bekas pasir xxcm ukurannya.masih pro &amp; kontra cara daur ulangnya krn masak dibakar.kendalax duit tpi bukan halangan buat utk cari ide .bahan rongsokan modal alat dapur seadanya berguna,False,False,True,False,False,True,False,False,True,False,False,True
1353,sampah masyarakat..eh maksudnya sampah masyarakat. belajar pengelolaan sampah banyumas dampak kondisi darurat sampah kudus beberapa lalu. belajar banyak pak kepala dinas lingkungan hidup kab banyumas. pengolahan sampah menjadi bahan alternative pengganti batubara sampah plastik menjadi plastic paving block. luar biasa..,False,False,True,False,True,False,False,False,True,False,False,True
859,tepatnya plastik kresek yg item. plastik golongan daur ulang level paling rendah alias racun | om,False,True,False,True,False,False,True,False,False,True,False,False
450,pt alba tridi plastics recycling indonesia mendapatkan pinjaman hq pembangunan fasilitas daur ulang plastik pet indonesia Indonesia. alba group perusahaan daur ulang jerman berkiprah beberapa negara asia termasuk indonesia. IndonesiaGermany,False,False,True,False,True,False,False,True,False,False,True,False
802,alif r kenal gua limbah plastik minta daur ulang.,False,True,False,False,True,False,False,False,True,False,True,False
1334,"workshop pengolahan sampah plastik dimulai satu jam sekarang, don’t missed it! video source: repost id repost ( repost) opinibergerak komunitas get plastic buat alat pengolah sampah plastik jadi bbm . . getplastic gerakantarikplastik pedulisampahplastik bebassampahplastik penghasilenergi lingkungankita indonesiabebas sampahplastik sadarlingkungan planetearth innovation energy ecosystem",False,False,True,False,True,False,False,False,True,False,False,True
908,misalnya pilihan jawaban berikut: a. produksi sampah b. sampah plastik c. daur ulang d. biji plastik e. nilai ekonomi mana termasuk kelompok kata berpasangan? daur ulang kenapa? keduanya selalu digunakan berpasangan tergantikan.,False,True,False,False,True,False,False,True,False,False,True,False
891,pelajaran ambil . daur ulang sampah plastik diurai kurun waktu singkat . hemat biaya memakai alat bahan seadanya . mengisi waktu luang kegabutan . bahagia sederhana,True,False,False,True,False,False,True,False,False,True,False,False
308,dituding jadi sumber pencemaran pabrik daur ulang plastik gunakan ipal sirkulasi - googlealerts,False,True,False,False,True,False,True,False,False,False,True,False
297,mengenal jenis sampah cara daur ulangnya penting! sampah organik didaur ulang jadi kompos. sampah plastik jadi barang baru. daur ulang langkah cerdas. lindungi bumi daur ulang. mengenal jenis sampah bikin daur ulang lebih mudah.,False,False,True,False,False,True,False,False,True,False,False,True
592,salah satu faktor penyebabnya sistem daur ulang sampah plastik berjalan baik kesadaran masyarakat kurang membuang sampah sembarangan,True,False,False,True,False,False,True,False,False,True,False,False
1191,sampah plastik kini jadi masalah global. jerman mulai kewalahan menindak pengusaha mengekspor sampah ilegal asia. kini sebuah lembaga penelitian jerman membuat kapal mendaur ulang sampah plastik langsung lokasi. dwinovator,False,False,True,False,True,False,False,True,False,False,False,True
1460,"""keindahan keberlanjutan! sparkles fashion show daur ulang plastik membuktikan kreativitas menyelamatkan bumi. limbah jadi mahakarya, bersama ciptakan masa depan lebih hijau! recycling symbol:globe showing Europe-Africa: sustainablefashion daurulangplastik fashionforfuture sanpadova seni",False,False,True,False,False,True,False,False,True,False,False,True
450,pt alba tridi plastics recycling indonesia mendapatkan pinjaman hq pembangunan fasilitas daur ulang plastik pet indonesia Indonesia. alba group perusahaan daur ulang jerman berkiprah beberapa negara asia termasuk indonesia. IndonesiaGermany,False,False,True,False,True,False,False,True,False,False,True,False
436,tengah isu lingkungan semakin mendesak industri daur ulang menghadapi tantangan besar.,False,True,False,False,True,False,True,False,False,False,True,False
428,gw sih ngarep aqua pake pet sekali pakai sistemnya tukar galon aja cuma galon bekas pakainya depo aqua daur ulang aja. polemik kaset kusut diputer terus.,False,True,False,True,False,False,True,False,False,True,False,False
537,lebih satu tahun setengah tim pitibaraka bolak-balik mendokumentasikan upaya nelayan membersihkan sampah plastik pesisir utara jakarta. mayoritas polutan plastik botol plastik sedotan tali sterofoam oli kapal.,True,False,False,True,False,False,True,False,False,True,False,False
1058,terimakasih buat peserta melakukan pendaftaran acara pelatihan daur ulang plastik tanggal april ditunggu pendaftar lainnya maksimal dibatasi peserta,False,False,True,False,True,False,False,False,True,False,False,True
1580,mencoba membuat baju bahan daur ulang plastik.. model rumit.. model yg simpel mikire ws mumet person facepalmingperson facepalming,False,True,False,False,True,False,True,False,False,False,True,False
660,indonesia berjuang melepaskan diri ketergantungan sampah impor menjadi sangat penting industri daur ulang terutama produksi kertas plastik.,True,False,False,False,False,True,True,False,False,False,False,True
211,olah sampah plastik program bersih indonesia buka . lapangan kerja,False,False,True,False,True,False,False,False,True,False,True,False
570,- sedotan plastik gabisa daur ulang - memang cup plastik lebih besar cup plastik lebih mudah daur ulang - at least udah mulai ngelakuin baik buat lingkungan bukannya jelek-jelekin sebuah kebaikan askmenfess,False,True,False,False,True,False,False,True,False,False,True,False
1883,mengurangi dampak negatif lingkungan meningkatkan efektivitas daur ulang. program merupakan bagian komitmen pln nusantara power up arun menjaga kelestarian lingkungan mendukung pengelolaan sampah lebih berkelanjutan. bersama,False,False,True,False,True,False,False,False,True,False,True,False
1461,"kalo bunga anggreknya daur ulang plastik jely, manalah mungkin gugur layuface with hand over mouthface with tears of joyface with tears of joy reels jangkauan daurulangplastik bungaplastik jangkauan kreatif jangkauanuntuksemua fyp fbproo",False,True,False,False,False,True,False,False,True,False,False,True
1723,praktik baik tumpukan sampah menjadi atap rumah: kisah inspiratif daur ulang sampah plastik manado,False,True,False,False,True,False,False,False,True,False,False,True
1748,indonesia kehilangan % gdp tahun akibat dampak polusi plastik. bukan cuma soal lingkungan urusan ekonomi kesejahteraan kita! konferensi inc berikutnya indonesia lebih tegas mendorong pembatasan produksi plastik bukan daur ulang,True,False,False,True,False,False,False,True,False,True,False,False
1628,sold out unit mesin produksi tali rafia. mau bisnis daur ulang plastik?? siap support mesin produksinya. punya pelanggan?? bantu pemasarannya. melayani pembuatan/perbaikan mesin daur ulang plastik : - crusher / mesin giling plastik - extruder / mesin pelet plastik - mesin tali rafia - straw / mesin sedotan tlp : wassap : bengkelbubut bengkelbubutsurabaya daurulang plasticrecycling daurulangplastik crusher plasticcrusher mesingilingplastik extruder plasticextruder mesinpeletplastik mesintalirafia mesinsedotan,False,False,True,False,False,True,False,False,True,False,False,True
560,indonesia nambah sampah plastik jangan salahkan pihak pabrik salahkan diri semua. sampah plastik bukan dibuang sembarangan ataupun dibakar tp didaur ulang menjadi plastik yg baru. sistem daur ulang jelek disini.,True,False,False,False,True,False,True,False,False,False,True,False
1772,kreativitas ibu rumah tangga madiun sri suyatmi membuatnya mengolah bunga hias hasil daur ulang kantong plastik.,False,True,False,False,True,False,False,False,True,False,False,True
270,impor sampah plastik membawa risiko besar. meskipun diklaim dipilah sampah mengandung bahan berbahaya. headline,False,True,False,True,False,False,False,True,False,True,False,False
275,kendala sangat banyak . kemiringan lahan sangat terjal .banyak batu batu besar menggelinding kebawah kapan penahan .lahan berupa pasir . banyak pohon pohon besar dicabut . sampah plastik mana .sisa lahan,False,True,False,True,False,False,False,True,False,True,False,False
574,knpa koq malah pake kardus?! koq gk mikir pake yg bhn plastik aj gitu kek.. lbh baik pake yg daur ulang untungnya x. meski wujudnya jelek poll lebih baik kardus yg gk tahan-tahannya sama sekali dg air. ato emng gk thu klo indo musim hujan?!,True,False,False,True,False,False,False,True,False,True,False,False
355,indonesia ekonomi sirkular menjadi solusi mengurangi kebocoran pengelolaan sampah plastik. mubadalahid,False,True,False,False,True,False,False,False,True,False,False,True
92,bank syariah indonesia (bsi) sediakan unit reverse vending machine (rvm) mesin daur ulang botol plastik area g. penempatan rvm tsb utk dukung transisi energi berkelanjutan. penempatan rvm jg utk kurangi sampah plastik balisustainablemovement,False,False,True,False,True,False,False,True,False,False,True,False
1035,gsp ri id muba lasan udien krr lalu isu sampah plastik nya menghasilkan sampah plastik yg sangat banyak. beda du galon doang. isi ulang ga. infrastruktur daur ulang sampah plastik tersedia kota besar sept sby jkt dgn kapasitas terbatas juga.,True,False,False,True,False,False,True,False,False,True,False,False
891,pelajaran ambil . daur ulang sampah plastik diurai kurun waktu singkat . hemat biaya memakai alat bahan seadanya . mengisi waktu luang kegabutan . bahagia sederhana,True,False,False,True,False,False,True,False,False,True,False,False
1923,"small blue diamond recycle – pilah daur ulang sampah organik, kertas, kaca/logam/plastik residue counterclockwise arrows buttonrecycling symbol",False,False,True,False,True,False,False,False,True,False,True,False
1595,"daur ulang sampah plastik beberapa kali mengikuti sosialisasi pengelolaan sampah rumah tangga, mending lah buat menaikkan derajat pemikiran tadinya setengah jongkok jadi seribu empat ratus lima puluh satu per ribu sembilan ratus jongkok. naik dikit. grinning face with sweat minimal perasaan bersalah membuang sampah sembarangan. sedikit rasa ndak enak melihat tempat sampah rumah penuh sampah plastik, entah kemasan makanan, perlengkapan rumah tangga, maupun kantongan kresek. kalau ketambahan habis belanja onlen bungkusannya berupa plastik berlipat ganda. lha njur kudu piye.. makanya senang-senang anak ditunjuk sekolah mewakili lomba fashion show baju adat sampah daur ulang tingkat kabupaten luwu timur. kira-kira butuh waktu sebulan, menghabiskan puluhan lembar kemasan plastik beras, deterjen, snack dsb. sedotan susu uht diminum anak-anak rumah, kardus snack, bubblewrap, tutup botol air kemasan lain-lain. menyesuaikan tema tujuan lomba digaungkan, mencoba memanfaatkan sampah rumah tangga semaksimal mungkin komposisinya. pewarnaan, cat. warnanya warna asli sampah. sesuai temanya baju adat, mencari referensi sana kemari baju adat. akhirnya memutuskan membuat baju adat minang semacam biasa disebut baju bundo kanduang. nyari referensinya tinggal dudul hape. wong bukan orang minang. orang jawa, suami orang sunda. hehehe. mudah melatih anak bawaannya rada tomboy membawakan baju stage. apapun itu, berusaha semaksimal mungkin. terima kasih semua pihak membantu mensupport, mulai ide, bahan, pembuatan. terima kasih khususnya pihak sekolah sd yps lawewu memberi kesempatan bimbingan buat anak kami. mohon maaf memberikan hasil juara. smiling facefolded hands penghasil sampah terbesar planet ini. tumbuhkan rasa peduli, mulai kecil, dimulai diri sendiri, ditanamkan keluarga anak-anak kita. lingkungan kehidupan bersih baik. sorowako, april sdypslawewu daurulangsampah bajuadat kreasidaurulang",False,False,True,False,True,False,False,False,True,False,False,True
701,sedotan plastik susah didaur ulang. pemulung jg yg mau ambil. gelas plastik diperpanjang siklusnya melalui daur ulang.,False,True,False,False,False,True,True,False,False,True,False,False
797,menyoal investasi industri daur ulang sampah plastik tantangannya luar biasa seabrek. salah satunya pemilahan sampah optimal. industri daur ulang mau repot memilah membersihkan.,True,False,False,False,True,False,True,False,False,False,True,False
351,solusi yg bener utk pengurangan limbah plastik bukan malah jual plastik harga mahal~,False,True,False,True,False,False,False,True,False,True,False,False
562,nambahin sampah plastik lah dah tau daur ulang indo jelek,True,False,False,False,True,False,True,False,False,False,True,False
980,daur ulang sampah cukup melindungi laut pencemaran plastik lewat,True,False,False,False,True,False,True,False,False,False,True,False
1549,plastik daur ulang recycling symbol bukan iklan rolling on the floor laughing,False,True,False,False,True,False,False,True,False,False,True,False
1141,sampah plastik jadi limbah sampah plastik jadi gaun cuan gebrakan sangat menginspirasi datang bareng adik-adik berkebutuhan khusus menciptakan gaun indah mendulang cuan daur ulang sampah botol plastik. yuk simak video inspirasi berani berubah program kolaborasi bersama media digital beraniberubah perubahanperilaku inspirasi umkm,False,False,True,False,False,True,False,False,True,False,False,True
1066,ternyata plastik daur ulang buat emoney,False,False,True,False,True,False,False,False,True,False,True,False
1923,"small blue diamond recycle – pilah daur ulang sampah organik, kertas, kaca/logam/plastik residue counterclockwise arrows buttonrecycling symbol",False,False,True,False,True,False,False,False,True,False,True,False
1471,"“kenapa didaur ulang saja?” sampah plastik sekali pakai terus menumpuk lingkungan kita, terus ditambah sampah produk beli semakin menumpuk. kalau begitu, didaur ulang saja? sayangnya daur ulang bukanlah solusi utama mengurangi sampah plastik. kebanyakan plastik dibiarkan mencemari lingkungan kita, bahkan sebagian kecilnya termakan satwa-satwa laut :( plastik didaur ulang terus mengalami downcycling (bahan memiliki kualitas dan/atau fungsi lebih rendah bahan asli) hingga akhirnya daur ulang lebih lanjut mudah dilakukan akhirnya menjadi sampah menumpuk. lalu solusinya? terus mendesak perusahaan produsen kemasan sekali pakai mengutamakan penggunaan ramah lingkungan, hindari membeli produk kemasan plastik dibutuhkan. bawa wadah tempat minum sendiri menghindari plastik perlu jajan, membawa tas sendiri menghindari kantong plastik sekali pakai. kamu katakan “tidak” kantong plastik sekali pakai >> act.gp/pantangplastik-fb << sekarang juga! pantangplastik breakfreefromplastic",True,False,False,True,False,False,True,False,False,True,False,False
564,ignorant banget lo anjing yg jelek tu regulasi sistem daur ulang plastik sampah indonesia. yg lu kata katain umkm. hadeh,True,False,False,False,True,False,True,False,False,False,True,False
980,daur ulang sampah cukup melindungi laut pencemaran plastik lewat,True,False,False,False,True,False,True,False,False,False,True,False
456,galon sekali mudah daur ulang berbahan pet beda galon isi ulang berbahan pc,False,False,True,False,False,True,False,True,False,False,False,True
917,simbol segitiga angka - ditengahnya sering kali dianggap simbol daur ulang kebanyakan masyarakat.padahal simbol tersebut berfungsi menunjukkan kemampuan daur ulang suatu produk plastik berfungsi menunjukkan jenis plastik digunakan.,False,False,True,False,True,False,True,False,False,False,True,False
1495,"tntang karnaval kmarn.. alhamdulillah,baju daur ulang dr plastik.. hri krj pu hasil:smiling face with heart-eyes::star-struck: ra buono",False,True,False,False,True,False,False,True,False,False,False,True
37,padahal besok tuh cuma mau beberes bank sampah malah mau ikutan belajar olah sampah plastik wkwk,False,False,True,False,False,True,False,True,False,False,False,True
978,daur ulang botol plastik bekas terpakai. bagus dimanfaatkan dipekarangan rumah mjd penggati pot like - follow - share youtube : tukang sampah berdasi tolakgalonsekalipakai papuaterancamdicaplokchina gerakanrevolusiakhlaq robohkanoligarki,False,True,False,False,False,True,False,True,False,False,False,True
1748,indonesia kehilangan % gdp tahun akibat dampak polusi plastik. bukan cuma soal lingkungan urusan ekonomi kesejahteraan kita! konferensi inc berikutnya indonesia lebih tegas mendorong pembatasan produksi plastik bukan daur ulang,True,False,False,True,False,False,False,True,False,True,False,False
989,bila kebijakan perusahaan pemerintah sebatas daur ulang menggunakan plastik ramah lingkungan target indonesia mengurangi % sampah plastik lautan hanyalah sekadar angan-angan bapakperusakalam bapakperusakalam,True,False,False,True,False,False,True,False,False,True,False,False
306,daur ulang memang begitu. cuma diplintir nasi kejamnya dunia. wkwkwkkwk lu makan tuh bijih plastik,False,True,False,True,False,False,False,True,False,True,False,False
39,tropical go green olah sampah plastik,False,True,False,False,True,False,False,False,True,False,True,False
1427,finishing biji plastik daur ulang daurulang bijiplastik plastik reels,False,True,False,False,False,True,False,True,False,False,False,True
171,pakaian bahan daur ulang plastik turut meriahkan festival muaro indonesia festival muaro kota padang sumatera barat diadakan pada..,False,True,False,False,True,False,False,False,True,False,False,True
777,ipi (ikatan pemulung indonesia)saja punya juta anggota. industri daur ulang plastik tiap kota. industri petrokimia kawasan cilegon industri kemasan makanan dll. semua menyerap belasan juta tenaga kerja &amp; investasi trilyunan rupiah.,False,False,True,False,True,False,False,False,True,False,True,False
1539,"dicari dibeli sebanyaknya, no limit, plastik jenis pe. - pe super - pe as - pe a - pe warna/sablon - pe karet - pe /pe kotor (bukan bekas oli, mentega, minyak) - pe warna kotor pembayaran cash langsung ditempat, kirim pabrik bandung. tanya wa no terima kasih",False,True,False,False,False,True,False,True,False,False,False,True
1011,sampah plastik ancaman paling gede makanya permenlhk dirancang mengurangi sampah melalui perbaikan manajemen daur ulang reuse dll. kok sampah malah nambah banyak ya? why?,True,False,False,True,False,False,True,False,False,True,False,False
638,langkah ditempuh mencegah senyawa beracun menyebar lingkungan prosedur daur ulang baik sayangnya pusat daur ulang kesulitan memisahkan lapisan plastik paper cup britania raya paper cup benar-benar,True,False,False,True,False,False,True,False,False,True,False,False
1541,daur ulang plastik menjadi : * saolar * bensin * minyak tanah post gb,False,True,False,False,True,False,False,False,True,False,False,True
583,bikin tuh mikir gini gak sih?? sampah nya mau dikemanain klo didaur ulang mnrt gue tetep kurang botol plastik yg kecil gtu aja udh banyak yg daur ulang tetep numpuk sampah-sampai nya yg segede itu. stress,True,False,False,True,False,False,True,False,False,True,False,False
1771,daur ulang plastik menjadi tantangan sendiri melakukan uji coba sejak bulan juli akhirnya berhasil melakukan daur ulang plastik,False,True,False,False,True,False,True,False,False,True,False,False
553,kakak ipar gua bikin tempat usaha daur ulang plastik modalnya dr gadein sk bank ambil m.. lancar..?? cuma bulan doank sisanya bangkrut.. mau ga mau gajinya auto d cut buat bayar utang..,True,False,False,False,True,False,True,False,False,False,True,False
896,semakin hari semakin banyak masyarakat mengakrabi kegiatan daur ulang plastik. tujuan ekonomi menyadari pentingnya membebaskan lingkungan sampah plastik. bethehero,False,False,True,False,False,True,False,False,True,False,False,True
1481,"usaha bidang limbah butuh bnyak plastik bekas daur ulang botol pet pet vakum plastik pe,hd,pp daun hd tutup botol semical mungkin yg suplay kerjasama lokasi cikarang barat kab.bekaai",False,True,False,True,False,False,True,False,False,True,False,False
784,nah kamu maupun penasaran gak sih bagaimana proses daur ulang rbu tangerang selatan? hasil daur ulang botol bekas berakhir? apa produk dihasilkan hasil daur ulang botol plastik?,False,True,False,False,False,True,False,False,True,False,False,True
161,berkontribusi pengelolaan sampah plastik indonesia unit bisnis daur ulang berdayakan pemulung jadi pelaku industri ekonomi sirkular,False,True,False,False,True,False,False,False,True,False,False,True
1240,karya anak bangsa:smiling face with heart-eyes: daur ulang sampah plastik thumbs up p costumkarnaval karyadariplastik krui daurulangsampah lampung,False,False,True,False,True,False,False,False,True,False,False,True
1325,"sangat keren, sangat inspiratif, sangat memberi solusi penanganan sampah plastik yg semakin merajalela.. luar biasa thumbs up",False,True,False,False,True,False,False,False,True,False,False,True
484,korek gas menjadi bagian tak terpisahkan kehidupan sehari-hari menyimpan sejumlah masalah lingkungan serius. komponen utama korek gas bahan plastik sulit didaur ulang. proses daur ulang plastik menjadi tantangan tersendiri aditif,False,True,False,True,False,False,True,False,False,True,False,False
62,sampah non b memang diperbolehkan diimpor indonesia berdasarkan peraturan. sampah plastik kertas misalnya diimpor keperluan daur ulang - ironisnya punya sampah berlimpah terpilah baik. negara penyumbang sampah plastiknya? terbesar,True,False,False,False,False,True,True,False,False,False,False,True
853,ibu christine halim ketua umum asosiasi daur ulang plastik indonesia sayangnya teknologi daur ulang rendah jadi hasilnya minim plastikuntukkebaikan circulareconomy,False,True,False,True,False,False,True,False,False,True,False,False
1984,indonesia udh yg namanya bank sampah kok. cuma emg kesadaran diri masing aja yg kurang ka. pelaku bisnis daur ulang sampah plastik kok. kalo kesadaran dirinya tinggi sih enak gaperlu gaji pemulung utk keliling udh yg nyetor kelapak.,False,False,True,False,True,False,False,False,True,False,True,False
561,. daur ulang menimbulkan mindset ah gapapa gunain plastik. yg penting kan didaur ulang . pdhl nyatanya yg disebut diatas ga semua plastik recycle bahkan plastik yg direcycle durability nya. klo udh jelek yaa ga recycle lgi,True,False,False,True,False,False,True,False,False,True,False,False
1047,airlangga: industri daur ulang plastik dikenakan ppn pengeluaran,True,False,False,False,True,False,True,False,False,False,True,False
796,exactly jey. aku ga setuju bagian sedotan sama gelas plastik dihitung per pc. mendingan ikutan cara udah berlaku dihitung per kg. industri daur ulang efektif mindset orang-orang tahap environmental..,True,False,False,False,True,False,True,False,False,False,True,False
1725,daur ulang sampah plastik,False,True,False,False,True,False,False,True,False,False,False,True
67,loh kan galon sekali pakai didaur ulang? faktanya gak daur ulang sampah plastik indonesia baru menyentuh %. sedikit recycle rate. nih simak penjelasannya,True,False,False,True,False,False,True,False,False,True,False,False
1074,pelaku usaha daur ulang sampah plastik makin banyak. bahan baku tersedia sedikit. majalahtempo,False,True,False,True,False,False,True,False,False,True,False,False
54,keren! bank sampah olah limbah plastik jadi bernilai ekonomi bacadibj beritajakarta dkijakarta banksampah,False,True,False,False,True,False,False,False,True,False,False,True
1789,laptop jadi pilihan cerdas komitmen ramah lingkungan terbuat % post-consumer content (pcc) plastik daur ulang kemasan bebas plastik.,False,False,True,False,True,False,False,True,False,False,False,True
508,indonesia sulit mencari keuntungan bisnis ini. omset daur ulang plastik memang menjanjikan mencapai rp juta/bulan. net income rp juta. sungguh ironis mengingat tujuan awal memberikan dampak positif lingkungan hidup ekonomi masyarakat.,True,False,False,True,False,False,False,True,False,True,False,False
756,tahukah plastik urai menjadi bahan bakar dibutuhkan kg sampah plastik menghasilkan satu galon bensin. mengetahuinya industri daur ulang plastik memiliki kinerja sangat buruk. % sampah pernah dihasilkan,True,False,False,False,False,True,True,False,False,False,False,True
1857,daur ulang sampah politik face with hand over mouth,False,True,False,False,True,False,True,False,False,False,True,False
626,yantie ekaputri produsen yg ngeyel soal kemasan plastik ukuran kecil kan kurang minati industri daur ulang,False,True,False,True,False,False,True,False,False,True,False,False
1604,"pekerjaan apa yg ku kerjakan cleaning service galangan kapal jalani, pt plastik daur ulang dilewati marbotot kurasakan gayss yg kujalani sangat ku syukuri tuhan baik sangat baik. proses yg ku lewati membuat ku kuat tetap semangat diriku smiling face with heartssmiling face with heartsfolded hands",False,True,False,False,True,False,False,False,True,False,True,False
1966,botol plastik daur ulang harapan masa depan lebih bersih. selamat hari peduli sampah nasional!globe showing Americas,False,False,True,False,False,True,False,False,True,False,False,True
674,nope daur ulang sampah plastik indonesia rendah banget. kebanyakan sampah plastik terkelola baik tpa berakhir mencemari lingkungan baik darat maupun perairan. cmiiw kehigenisan kualitas so called daur ulang terjamin.,True,False,False,True,False,False,True,False,False,True,False,False
876,jarang bgt lht pemimpin daerah yg pegang tumbler kbnyakan pegang air mineral d botol plastik. tahukah daur ulang plastik tu mnyiksa tanah.,True,False,False,False,True,False,True,False,False,False,True,False
775,lestari jadi botol aqua terbuat plastik daur ulang? mohon pencerahannya. aqua indonesia botol daurulang,False,True,False,False,True,False,False,True,False,False,True,False
328,polusi plastik indonesia: tantangan solusi laporan kementerian lingkungan hidup kehutanan (klhk) tahun indonesia merupakan penyumbang sampah plastik terbesar kedua dunia tiongkok juta ton sampah per tahun masuk laut.,True,False,False,True,False,False,True,False,False,True,False,False
651,kebakaran melanda lapak daur ulang plastik jalan gaga rawa kompeni kamal kalideres jakarta barat jumat (//). pantauan lokasi api berkobar membakar seisi lapak semipermanen tersebut. cil inews plastik kalideres daurulang,True,False,False,False,True,False,True,False,False,False,True,False
952,riset : daur ulang sampah plastik efisien membuang waktu riset sains daurulang plastik sampah,True,False,False,True,False,False,True,False,False,True,False,False
1089,sampah plastik banyak diolah menjadi produk daur ulang. sedikit produk hasil daur ulang tersebut menjadi barang bermanfaat kehidupan sehari-hari.,False,True,False,False,False,True,False,False,True,False,False,True
1374,"siswa smk satya praja , petarukan, kabupaten pemalang, membuat mesin pengolah sampah plastik menjadi bahan bakar minyak. pengolahan sampah disebut menghasilkan sejumlah jenis bbm. kepala smk satya praja purwo setya witanto mengatakan awal mula penciptaan mesin pengolah sampah adanya masalah sampah perlu ditangani serius. ""ide awalnya sampah plastik menjadi masalah serius dimanapun, termasuk pemalang kan, makanya sekolah bekerja sama perhimpunan alumni jerman, membuat alat sampah plastik menjadi bahan bakar,"" kata purwo.",False,True,False,False,True,False,False,False,True,False,False,True
1370,"larangan penggunaan plastik sama halnya larangan kemasan rokok. bila plastik tetap terus perdebatkan sampah berbahaya bagaimana sampah kain (pakaian), menggunakan baju /pakaian kulit kayu? butuhkan kini solusi penanganan pengolahan sampah organik maupun anorganik profesional. bukan bakar yg menimbulkan dampak polusi baru.",False,False,True,False,True,False,False,False,True,False,True,False
1379,proses pengolahan sampah plastik menjadi batako pleret,False,True,False,False,True,False,False,False,True,False,False,True
1343,"pak min pejuang lingkungan. mencoba mengolah sampah plastik dikumpulkan didaur ulang menjadi barang lebih berguna. . salah satu mimpinya punya tempat pengolahan sampah plastik mandiri. pak min memberikan manfaat masyarakat lingkungan. sayangnya, peralatan lahannya butuh biaya cukup besar. . ayo berdonasi ikut menjaga lingkungan bareng pak min cara, klik: bit.ly/pakminfb . sampaikan semangatmu pak min cara, ketik: “pak min hebat” kolom komentar! . jumatberkah lingkungan plastik daurulang kitabisa orangbaik",False,False,True,False,True,False,False,False,True,False,False,True
1344,"ubah sampah menjadi minyak tanah ditengah gejolak sampah teratasi, suratno, warga padukuhan siten, sumbermulyo, bambanglipuro sekaligus ketua bank sampah gerbang pilah berhasil mengubah sampah plastik laku dijual diolah menjadi minyak tanah dijual digunakan warga sekitar. suratno, pengolahan sampah plastik menjadi minyak tanah riset salah satu dosen universitas yogyakarta november silam. sampah-sampah masuk dipilah. kemudian sampah plastik laku dijual, diolah menggunakan alat pemanas suhu derajat celcius hingga menjadi minyak tanah. “daya tampung alat kg. kg sampah plastik dirata-rata menjadi liter minyak tanah,” ujar suratno. suratno bercerita, keterbatasan tenaga alat, minyak tanah hasil olahan dijual anggota kelompok saja. aksi suratno kelompoknya diharapkan menjadi contoh masyarakat luas terus melakukan inovasi mengolah sampah. sampah menjadi berkah.",False,False,True,False,True,False,False,True,False,False,False,True
536,rekaman pabrik kertas jawa timur. bongkahan kertas bekas impor didaur ulang mengandung sampah plastik (selundupan). kadang %.,True,False,False,True,False,False,True,False,False,True,False,False
1167,"sampah plastik memiliki dampak buruk bumi. apa dampak tersebut bagaimana cara mengatasinya..? plastik merupakan jenis sampah menjadi perhatian utama terus meningkat menimbulkan berbagai dampak buruk lingkungan semakin luar kendali. tersebut sejalan penelitian publikasikan tim cnn mana prediksi juta ton plastik mencemari lingkungan meningkatkan polusi plastik tahun . adapun dampak buruk akibat sampah plastik lain: pencemaran udara pembakaran sampah plastik, ekosistem laut terganggu akibat sampah plastik buang laut, mengganggu kesehatan manusia sampah plastik sulit terurai mempengaruhi kesuburan tanah. dampak ditimbulkan, besarnya jumlah sampah plastik lambat laun menenggelamkan bumi ini. tersebut terjadi sejak tahap produksi, konsumsi hingga pembuangannya sampah plastik menghasilkan emisi karbon tinggi berkontribusi perubahan iklim. semakin tinggi emisi karbon dihasilkan tumpukan sampah plastik semakin tinggi puka konsentrasi gas rumah kaca atmosfer. tingginya gas rumah kaca tersebut menimbulkan pemanasan global menyebabkan lapisan es daerah kutub mencair. mencairnya es kutub kemudian menyebabkan kenaikan air laut menenggelamkan daerah-daerah terkhusus daerah rendah. mau terjadi, mengatasi penumpukan sampah plastik mengurangi konsumsi plastik, meningkatkan tingkat penggunaan plastik, meningkatkan pengumpulan daur ulang sampah plastik memperluas sistem pembuangan aman. jpickalimantan dayakvoices dayakbercerita bumi bumiuntukkita lindungibumi bumiadalahkehidupan stopsampahplastik daurulangsampahplastik",False,False,True,True,False,False,False,True,False,True,False,False
967,nah loh pasar ternyata. kira-kira apa solusinya. mengurangi penggunaan plastik daur ulang sampah plastik nih. dua-duanya aja nggak? apapun caranya berdampak merugikan siapapun patut lah dicoba. bri harisampahnasional,False,False,True,False,False,True,False,False,True,False,False,True
1799,foto nestlé indonesia hadirkan . bangku daur ulang plastik pascakonsumsi mengurangi sampah plastik! cek info selengkapnya sini! foto: foto/indrianto eko suwarso &gt;&gt; detikedu nestleindonesia lingkungansehat,False,False,True,False,True,False,False,False,True,False,True,False
401,le minerale beri edukasi konsumen terkait produk daur ulang pet selama jakarta fair kemayoran news,False,False,True,False,False,True,False,False,True,False,False,True
588,kok kekurangan pemain daur ulang..? kurang pemulung..? gw pernah dengar impor sampah utk bahan bakar blm pernah dengar ekspor sampah plastik yg d daur ulang..?,True,False,False,False,True,False,True,False,False,False,True,False
952,riset : daur ulang sampah plastik efisien membuang waktu riset sains daurulang plastik sampah,True,False,False,True,False,False,True,False,False,True,False,False
708,. peluang pengembangan industri daur ulang plastik indonesia dinilai cukup besar mengingat daur ulang sampah rumah tangga berada level %,True,False,False,True,False,False,True,False,False,True,False,False
434,mantap! semarang punya pabrik daur ulang sampah botol plastik pet,False,False,True,False,False,True,False,False,True,False,False,True
295,pelatihan daur ulang sampah plastik sma st. yosef surakarta menjadi barang bernilai ekonomis.,False,False,True,False,True,False,False,False,True,False,False,True
147,penggunaan plastik indonesia sangat memprihatikan sekali daur ulang sampah plastik dilakukan.,False,False,True,False,True,False,False,False,True,False,True,False
1662,"cacahan sampah plastik sekali pakai menjadikan sampah kantong plastik kresek bahan baku. rumah plastik terus berupaya sampah plastik sepenuhnya didaur ulang. prosesnya butuh waktu. perlahan terus memperbaiki pengelolaannya. sampah kresek memiliki karakter berbeda sampah plastik jenis lainnya. meskipun bahan dasarnya sama. banyak industri daur ulang mau mengelola sampah kresek kembali. ribet susah. nilai sampah jadi sangat rendah. bali, beberapa organisasi lingkungan sepakat mendorong pemerintah mengeluarkan peraturan gubernur tahun pengurangan sampah jenis kresek sekali pakai. nyatanya hingga kini efektif. upaya memang dilakukan. kamipun bersyukur cukup lama bergelut sampah ini, kesempatan bekerjasama dinas putr buleleng. menjadikan plastik sekali pakai campuran aspal, digunakan pengaspalan beberapa ruas jalan buleleng. rumah plastik akhirnya mampu melakukan proses pencacahan sampah kresek sesuai standar dibutuhkan. tawap awal. banyak tantangan dihadapi. percaya berkerja bersama, berkolaborasi, bisa. sampahdaya.",True,False,False,False,True,False,True,False,False,True,False,False
1758,modena pure hub dukung gerakan refill &amp; daur ulang plastik cfd sudirman,False,True,False,False,True,False,False,False,True,False,True,False
1169,hasil daur ulang sampah plastik. assalamualaikum selamat siang saudaraku tetap semangat jalin terus tali silahturahmi folded hands fbpro jangkauan bersihituindah sorotan sorotan,False,True,False,False,True,False,False,False,True,False,False,True
2,thankyou hero -- reposted from daur ulang bukan solusi mengunjungi amsterdam plastic reycling centre. %sampah plastik olah menjadi scrap plastik. %sampah berakhir incenerator.,False,True,False,True,False,False,True,False,False,True,False,False
580,ahh jelek ntr hsilny g bgus rt plastik daur ulang dong go green dikit rt : ga jg.klo pke ..,False,True,False,True,False,False,True,False,False,True,False,False
1826,per last news buang tps sih mungkin jadi saran utk grup kerja sama dgn perusahaan yg daur ulang plastik. toko mainan aja udh mulai kek gini (mainan yg udh ga dipake/rusak dicollect &gt; didaur ulang &gt; jadi barang fungsional).,False,True,False,False,True,False,False,False,True,False,True,False
342,jadi tren ecobrick bukan solusi jangka panjang sampah plastik headline,True,False,False,True,False,False,False,True,False,True,False,False
1272,tugas sekolah kak membuat kerajinan daur ulang sampah plastik sachet dihari bumi sedunia tgl smiling face with hearts film fyp fbpro monetisasi,False,True,False,False,True,False,False,False,True,False,False,True
929,perusahaan bernama replas memproduksi cagak pembatas terbuat % plastik daur ulang.cagak pembatas kuat pecah retak lapuk/perlu diwarnai. menunjukkan plastik digunakan diolah menjadi barang bermanfaat&amp;bernilai jual tinggi.,False,False,True,False,False,True,False,False,True,False,False,True
268,inget hashtag bijakberplastik klaim kemasan %recycleable aqua? ternyata klaim rasanya jauh panggang api kalau lihat produksi masif aqua gelas ml yg jalan terus. gelas kecil justru jadi salah satu biang kerok sampah plastik.,False,True,False,True,False,False,False,True,False,True,False,False
379,peresmian pabrik daur ulang pet pt amanda bumi nusantara. terhormat berpartisipasi acara ini. menyediakan jasa sewa tenda serut sewa led sewa sound sistem sewa tv standing sewa ac standing sewa stage panggung sewa arm chair sewa kursi futura,False,True,False,False,False,True,False,True,False,False,False,True
274,plogging sendiri kasih edukasi soal sampah plastik ganti tahun surabaya banyak yg mau peduli start small gpp semua peduli waktunya kemarin teman yg nemu sampah hepi banget,False,False,True,False,True,False,False,False,True,False,True,False
700,sampah plastik yg terpakai daur ulang.. sampah yg udah ga berguna bikin kotor pandangan manusia ini..dias idud.,False,True,False,False,True,False,False,False,True,False,False,True
1894,residu sampah daur ulang,True,False,False,True,False,False,True,False,False,True,False,False
246,butuh waktu jam warga cilegon olah sampah plastik jadi bbm,False,True,False,False,True,False,False,True,False,False,True,False
436,tengah isu lingkungan semakin mendesak industri daur ulang menghadapi tantangan besar.,False,True,False,False,True,False,True,False,False,False,True,False
479,nah gini dong mantap! didukung! sampah botol kemasan air mineral sampah plastik lainnya daur ulang. mayora group baru meresmikan pabrik daur ulang sampah botol plastik diberi nama pt. bumi indus padma jaya jombang (bipj),False,False,True,False,False,True,False,False,True,False,False,True
1354,"pengolahan sampah tema: pengolahan sampah plastik menjadi biji plastik nama: prety oktaviana nim: kelas: mpk-b dosen pembimbing: ibu delvia apalem st, mt politekniknegeriambon tekniksipil manajemenproyekkonstruksi rekayasalingkungan",False,True,False,False,True,False,False,True,False,False,False,True
745,adupi: industri daur ulang plastik pulih tahun depan,True,False,False,False,True,False,True,False,False,False,True,False
1480,"ketua umum asosiasi daur ulang plastik indonesia (adupi) christine halim tampil salah seorang pembicara webinar “tantangan peluang bisnis daur ulang plastik indonesia masa pandemi, jumat sore, juni digelar krista, adupi ipf (indonesia packaging federasi). christine menyatakan, melihat volume timbulan sampah indonesia mencapai juta ton , persen diantaranya sampah plastik, saatnya berkolaborasi menyelesaikan persoalan sampah plastik mengembalikan plastik circular economy sekaligus meningkatkan recycling rate dibawah persen. kebijakan menghambat iklim pertumbuhan daur ulang diminta dikaji ulang. wastemanagement circulareconomy indonesiagogreen",True,False,False,True,False,False,True,False,False,True,False,False
1340,"kunjungan pengelola bank sampah mepokoaso, konawe sultra. melihat langsung proses pengolahan sampah plastik menjadi bbm",False,True,False,False,True,False,False,True,False,False,False,True
1888,"lagi, punya kendali mendidik rakyat pemerintah, yg punya hukum terkait lingkungan, teknologi daur ulang sampah, seterusnya. individu rakyat paling maksimal menegur rakyat lainnya si pembuang sampah, lalu memviralkannya.",True,False,False,False,True,False,False,True,False,False,True,False
1904,senang melihat komitmen kuat pengelolaan sampah! semoga makin banyak dukungan industri daur ulang sampah dimanfaatkan baik hentikanopendumping,False,False,True,False,True,False,False,False,True,False,True,False
252,liputan penting: pabrik tahu surabaya pakai bahan bakar sampah plastik kontaminasi dioksinnya sangat tinggi kayaknya kebanyakan orang indonesia gak tahu bahaya membakar sampah plastik ya?,True,False,False,True,False,False,False,True,False,True,False,False
416,jangan malu mengakui galon sekali pakai inovasi terbaik bahannya memakai pet jadi punya nilai tinggi utk daur ulang stop membodohi masyarakat kepentingan membolak balikkan fakta yg sebenarnya melindungi bisnis satu pihak.,False,False,True,False,False,True,False,True,False,False,False,True
1959,"sampah kecil kalau dibiarkan jadi masalah besar! yuk, mulai simpel buang sampah tempatnya, kurangi plastik, manfaatin daur ulang! pastiin internetan lancar pakai smartfren! rocket persenuntukindonesia smartfrencommunity temanpintarindonesia",False,False,True,False,True,False,False,False,True,False,True,False
1197,daur ulang sampah plastik negara,False,True,False,False,True,False,False,True,False,False,False,True
545,disuruh sortir sampah pas diangkut sama truk sampah digabung disuruh kurangin kantong plastik tp pake tas plastik yg lebih energy cost yg ujungnya numpuk kalau landfill yah gak tiap mau buat plant ditentang mulu sama aktivis,True,False,False,True,False,False,True,False,False,True,False,False
313,soal pabrik daur ulang plastik pemkot tasikmalaya tak berkutik bodoh kalian pakai regulasi lingkungan hidup donk kalian,True,False,False,False,True,False,False,True,False,False,True,False
897,ayo daftarkan eventmu program daur ulang. mendaftarkan eventmu langsung kamu meningkatkan angka daur ulang sampah turut melindungi bumi sampah plastik. ubah sampahmu jadi kebaikan mallsampah ubahjadikebaikan,False,False,True,False,True,False,False,False,True,False,False,True
1135,membuat sikat pembersih plastik daur ulang recycling symbol,False,True,False,False,True,False,False,False,True,False,False,True
93,perusahaan daur ulang sampah plastik indonesia. lndustri daur ulang plastik nasional diproyeksikan terus tumbuh. kendala klasik mengadang bisnis bermanfaat buat lingkungan ini.,True,False,False,False,False,True,False,False,True,False,False,True
15,bumdes purbalingga olah sampah plastik jadi bbm,False,True,False,False,True,False,False,True,False,False,False,True
1567,"tempat nasi + es / termos nasismiling face with hearts:smiling face with heart-eyes: *merk maspion *bahan plastik murni bukan daur ulang *cocok buat tempat nasi / es batu *kapasitas liter air / - liter nasi *ada pilihan warna, pink & biru",False,True,False,True,False,False,True,False,False,True,False,False
725,oya guys! kamu daur ulang pilah kemasan plastik pakai ulang loh.. bertuliskan (pet) kemasan plastik tersebut diterima perusahaan daur ulang jadi aman indonesia semangatsalingbantu,False,True,False,False,False,True,False,False,True,False,False,True
398,jadi pakaian tshirt &amp; sepatu hasil daur ulang jg berpotensi berbahaya. blm diatur regulasi. negeri regulator keamanan pangannya malah justru cawe-cawe urusan persaingan bisnis. konsisten melawan bahaya kandungan bpa &amp; senyawa yg pet.,False,True,False,True,False,False,False,True,False,True,False,False
985,sahabatdikbud bagaimana caranya mengubah limbah plastik menjadi karya artistik menarik? yuk ikuti kelas seni daur ulang bersama baja panggabean pertunjukan daring siang youtube . bahagiadirumah,False,True,False,False,True,False,False,False,True,False,False,True
1104,bukan cuma daur ulang sih harusnya aqua air mineral lainnya segera punya trobosan jualan air kemasan ga pake plastik minimal mengurangi cthnya pake kertas sedikit plastik kaya kemasan susu uht,True,False,False,True,False,False,True,False,False,True,False,False
1299,cara kreatif daur ulang plastik perlu coba!,False,True,False,False,True,False,False,False,True,False,True,False
366,tsai jin peng sosok pendiri merek ramah lingkungan for next generation. fng fokus teknologi benang daur ulang botol plastik pet. tsai jin-peng bertekad mempraktekkan konsep ekonomi sirkular beranggapan menggunakan bahan benang daur ulang,False,True,False,False,False,True,False,False,True,False,False,True
1605,"nama produk : gantungan kunci daur ulang plastik kemasan kode produk : ganci informasi produk . bahan : - terbuat plastik kemasan - gantungan kunci . fungsi : - gantungan kunci - aksesoris - karya sanitasi - koleksi . ukuran diameter : cm . cocok kegiatan sehari - hari, souvernir, kegiatan kemasyarakatan, .harga normal rp. .,- harga spesial hari diskon %, harga menjadi rp. .,- ( ongkir ) order pesanan gunakan wa, tulis : [ nama + no. hp + kode barang + nama barang + alamat lengkap ] admin online : fast respon : chat whatsapp : - - - online order : senin - minggu ( . - . ) store fisik & pengiriman : galeri daur ulang sampah solo jl. larasati no. kec. serengan kota solo follow di=> •facebook : galeri daur ulang •instagram : mengalami kendala order komplain silahkan hubungi tim support : - - ( wida ) ==> senin - minggu ( . - . ) gantungankuncilucu gantungankuncicustom gantungankuncidaurulang gantungankuncianyam aksesorisdaurulang aksesorislucu souvenirdaurulang souvenirlucumurah distrodaurulang tokodaurulang brospeniti bungadaurulang ramahlingkungan kerajinandaurulang sampahbawaberkahdaurulanglimbahplastikmanfaatsampahdaurulangsampah craftindonesia ramahlingkungan pedulilingkungan selamatkanlingkungan mengelolasampah karyadaurulangsampah daurulangsampah memilahsampah inovasidaurulang",False,True,False,False,False,True,False,False,True,False,False,True
184,warga dusun sawah garung loji olah sampah plastik jadi bbm,False,True,False,False,True,False,False,True,False,False,False,True
989,bila kebijakan perusahaan pemerintah sebatas daur ulang menggunakan plastik ramah lingkungan target indonesia mengurangi % sampah plastik lautan hanyalah sekadar angan-angan bapakperusakalam bapakperusakalam,True,False,False,True,False,False,True,False,False,True,False,False
639,daur ulang sampah plastik bawah persen,True,False,False,True,False,False,True,False,False,True,False,False
1198,sedang pelatihan cara daur ulang sampah plastik folded hands:smiling face with heart-eyes: daurulangsampahplastik reelfyp jangkauanreel fbpro captionkonten pengikut mengikuti semuaorang monetisasi,False,False,True,False,True,False,False,False,True,False,False,True
581,sampah plastik daur ulang daur ulangnya jelek &amp; beres yg salahkan siapa? yg duit siapa ? yg peras siapa? otaknya penuh hepeng. bilang aja broker pengen duit lagi.,True,False,False,True,False,False,True,False,False,True,False,False
1359,"pengolahan sampah bekas, minuman mineral gelas bahan plastik, menghasilkan karya seni luar biasa, difungsikan sesuai kegunaannya. bravo ibu ibured heartred heartred heart semangat iburumahtangga kreatifitas menambahincamkeluarga daurulang karyaseni",False,True,False,False,False,True,False,False,True,False,False,True
1125,badan riset inovasi nasional brin mengembangkan teknologi radiasi nuklir mengolah daur ulang limbah plastik menjadi bahan komposit plastik kayu. humaniora adadikompas,False,False,True,False,True,False,False,False,True,False,False,True
189,pabrik daur ulang grup alba mampu olah sampah plastik . ton/tahun,False,False,True,False,False,True,False,True,False,False,False,True
623,capek liat mentri kehabisan akal. semua pajak.. sekarang hrus balik pajak trsebut mengurangi sampah dgn daur ulang dgn pajak dibangun pabrik daur ulang klo enggak ngapain kena cukai berlebih. ppn per produk kurang ?,True,False,False,False,True,False,True,False,False,False,True,False
1292,ho ternyata begini daur ulang botol bekas jadi tali plastik,False,True,False,False,False,True,False,True,False,False,False,True
1179,"botol plastik vs botol kaca konteks air minum kemasan biasa disediakan kamar-kamar hotel, penggunaan botol kaca lebih ramah lingkungan dibandingkan penggunaan botol plastik? botol plastik penggunaan botol plastik mempunyai beberapa kelebihan praktis, tamu bawa kepentingan luar hotel, pengangkutan lebih ringan perlu trip (saat antar botol isi) jejak karbonnya lebih sedikit. kelemahannya timbulan sampah plastiknya. disiasati manajemen pengelolaan sampah baik cara recycling/daur ulang. botol plastik air minum kemasan berbahan pet didaur ulang beberapa kali menjadi sumber pendapatan industri daur ulang ekosistem circular economy. bagaimana botol kaca? walaupun sedikit lebih mahal, botol kaca menjadi pilihan baik terutama mengurangi sampah botol plastik terkesan ramah lingkungan walaupun praktis sisi tamu dibawa keluar lingkungan kamar. jangan lupa pengangkutan botol kaca menyumbang carbon footprint lebih besar berat muatan lebih tinggi memerlukan kali trip (angkut botol berisi angkut botol kosong). proses sanitasi botol penggunaan ulang memerlukan air jumlah banyak zat kimia pembersih masuk tanah. tutup botol kaca berbahan logam merupakan sampah, didaur ulang pengelolaan baik. jadi kesimpulannya mana lebih baik? keduanya sama-sama baik sama-sama punya kelemahan. diperlukan kesadaran prilaku mengelola sampah bijak. tamu hotel, lebih suka kemasan plastik lebih praktis. botol kosong masukkan tempat sampah daur ulang/recycling bin biasanya tersedia hotel.",False,True,False,False,False,True,False,False,True,False,False,True
1672,replika ( daur ulang sampah plastik ),False,True,False,False,True,False,False,True,False,True,False,False
618,kain polyester daur ulang sampah botol plastik kurang tau pabriknya indo luar mbieb.,False,True,False,False,False,True,False,True,False,False,False,True
1006,daur ulang bukanlah satu-satunya solusi ditawarkan mengingat % sampah plastik berhasil daur ulang seluruh dunia. dilakukan pembatasan penggunaan plastik sendiri.,True,False,False,True,False,False,True,False,False,True,False,False
998,telat banget tau ternyata id sempet berkolaborasi le minerale. sebagian bahan sepatunya terbuat daur ulang botol plastik. kolaborasi limited pasang sold out hitungan detik. aerostreet kolaborasinya memang,False,False,True,False,False,True,False,False,True,False,False,True
938,anak-anak muda mengembangkan bisnis ramah lingkungan. sampah plastik selalu mubazir. model bisnisnya penyedia barang curah layanan pengangkut sampah hingga daur ulang sampah plastik. majalahtempo,False,False,True,False,False,True,False,False,True,False,False,True
374,meskipun beberapa merek menggunakan jenis plastik polyethylene terephthalate (pet) dgn nomor kode plasti daur ulang mudah didaur ulang persebatan galon sekali pakai berputar dampak lingkungan.,False,True,False,False,False,True,False,True,False,True,False,False
486,sebuah laporan menunjukkan sampah danone aqua tahun beratnya lebih kali berat menara eiffel jelas sih krn semakin kecil sampah plastik semakin mudah dibuang sembarangan sulit dikumpulkan sulit masuk siklus daur ulang mencemari lingkungan,True,False,False,True,False,False,True,False,False,True,False,False
1835,"pak bersihin sampah ok, bagaimana tpa ditumpuk aja, coba bagaimana caranya daur ulang sampah mungkin klo dikumpulin sdh seluas pulau kalimantan.",True,False,False,True,False,False,True,False,False,True,False,False
597,indonesia merupakan salah satu negara penghasil sampah plastik terbesar dunia bahkan menempati urutan kedua terbanyak. data sustainable waste indonesia (swi) tingkat daur ulang sampah plastik indonesia kurang - kkmuntirtajawara kkm untirta,True,False,False,False,True,False,True,False,False,False,True,False
730,pabrik daur ulang plastik dituding jadi biang kerok pencemaran lahan pertanian sonorejo beroperasi begini kata dlh sukoharjo sukoharjo pencemaran limbahplastik camatsukoharjo dlh,True,False,False,False,True,False,True,False,False,False,True,False
830,bagja datanya ga mas? kalau swi tingkat daur ulang galon pet % lo. yg rendah justru botol gelas plastik hihi,False,True,False,False,False,True,True,False,False,False,False,True
691,daur ulang sampah plastik sering dianggap silver bullet menyelesaikan masalah sampah plastik. padahal kapanpun daur ulang kewalahan kalo produsen penggunanya terus menggunakan plastik sekali pakai. hariisulingkungan,True,False,False,True,False,False,True,False,False,True,False,False
1989,rinjani justru negara itikad kurangi konsumsi plastik kembangkan teknologi daur ulang plastik makannya sampah plastik indonesia terdampar perairan brazil.,True,False,False,False,True,False,True,False,False,False,True,False
138,redam jejak karbon bank mandiri terbitkan kartu debit e-money plastik daur ulang pertama indonesia,False,False,True,False,True,False,False,True,False,False,False,True
632,usa penggunaan pbde dilarang senyawa banyak ditemukan pasaran. alasannya? banyak plastik bekas yg beredar proses daur ulang plastik umumnya ga diregulasi ketat. cukup yakin indonesia banyak!!,True,False,False,False,True,False,True,False,False,True,False,False
337,berita lingkungan aspal plastik solusi inovatif jalan lebih baik lingkungan lebih bersih,False,True,False,False,True,False,False,False,True,False,False,True
1703,slamat siang sahabat fb grub ini..sy konsultasi ni.. sy usaha daur ulang plastik sy pinjem bpr surabaya..sy pailit perbulan sy tetep ngangsur..dan kadang byar separu niat baik pihak bank..klau krmh sy temenin dg senang hati sy kasi minuman..sy berjalan cari dana..uda ngk nyicil lagi..stelah sy dpt dana kecil sy bangkit dlm usaha..stelah sy tlp pihak bank suruh lunasi semua..jujur sy ngk lunasi baru bangkit usaha lagi..dan sy mengajukan kridet ulang katanya ngk bisa..suruh lunasi semua..gimana solusinya..sahabat fb,True,False,False,True,False,False,True,False,False,True,False,False
651,kebakaran melanda lapak daur ulang plastik jalan gaga rawa kompeni kamal kalideres jakarta barat jumat (//). pantauan lokasi api berkobar membakar seisi lapak semipermanen tersebut. cil inews plastik kalideres daurulang,True,False,False,False,True,False,True,False,False,False,True,False
1113,meskipun emang plastik pengaruhnya sedikit buat hewan laut aku tetep bakal pilah sampah sih pake si octopus . udah fasilitas buat daur ulang sayang banget kalo ga pake mana dapet duit pilah sampah mana gaperlu cape anterin sampahnya uda yg dtg kerumah,False,False,True,False,False,True,False,False,True,False,False,True
1423,"daur ulang kantong plastik kresek, daur ulang botol plastik mesin daur ulang kantong plastik kresek botol plastik teknologi dirancang mengolah sampah plastik menjadi bahan baku digunakan kembali. mesin bekerja cara menghancurkan, mencuci, mencairkan plastik terpakai, baik kantong plastik kresek maupun botol plastik, menjadi pellet material plastik siap digunakan proses produksi. proses daur ulang mengurangi jumlah sampah plastik mencemari lingkungan, mengurangi kebutuhan bahan baku plastik baru, berdampak positif penghematan sumber daya alam. keunggulan mesin daur ulang plastik terletak kemampuannya mengolah berbagai jenis plastik efisiensi tinggi, mengubahnya menjadi produk bermanfaat kembali. mesin sering digunakan industri daur ulang mendukung kelestarian lingkungan, mengurangi polusi plastik, menghasilkan bahan baku dimanfaatkan berbagai sektor industri, mulai pembuatan produk plastik baru hingga barang-barang komposit lainnya. teknologi semakin berkembang, mesin dilengkapi sistem pemisahan otomatis memproses berbagai jenis plastik terpisah, meningkatkan kualitas hasil daur ulang. daurulangplastik recyclingplastic kantongplastikkresek daurulangbotolplastik lingkunganbersih plastikdaurulang inovasidaurulang hematsumberdaya jagabumi ecofriendly",False,False,True,False,False,True,False,False,True,False,False,True
1743,solusi daur ulang sampah plastik hanyalah ilusi,True,False,False,True,False,False,True,False,False,True,False,False
714,rendahnya daur ulang plastik diangka persen,True,False,False,True,False,False,True,False,False,True,False,False
1043,) perlu terkadang kemasan isi angin penuh tipu daya dgn promosi berlebihan dicetak kemasan yg sulit daur ulang. lebih sulit terurai drpd plastik biasa.. kemasan besar lebih baik bahkan prlu menggunakan plastik yg tebal hingga daur ulang.,False,True,False,False,True,False,True,False,False,True,False,False
1510,"pabrik daur ulang plastik cv nd plasindo jongkang, buran, kecamatan tasikmadu, kabupaten karanganyar, ludes dilalap api kamis (//). kebakaran terjadi diduga panel listrik tersebut meledak akibat korsleting. pemilik pabrik daur ulang plastik cv nd plasindo, iswahyudi, mengatakan menerima laporan kebakaran pukul . wib. kejadian, lanjutnya, gudang karyawan bekerja sif malam. “informasi terima karyawan korsleting bagian panel meledak. lalu membakar semua pabrik,” kata dia, kamis pagi. langsung melaporkan kejadian pemadam kebakaran. tiga unit mobil pemadam kebakaran tiba lokasi. cukup kesulitan memadamkan api, mengingat kobaran api membesar bahan plastik mudah terbakar. iswahyudi memperkirakan akibat kejadian mengalami kerugian hingga rp miliar. “ini pabrik daur ulang biji plastik. full bahan plastik memang mudah terbakar,” kata dia. hingga kini api membara. api berhasil dijinakkan. petugas pemadam kebakaran berusaha melokalisasi api merembet lokasi lain. lantaran kondisi pabrik tak jauh spbu buran pabrik lain.",True,False,False,False,True,False,True,False,False,False,True,False
1676,"alat daur ulang menginspirasi diarahkan memanfaatkan barang-barang terpakai lagi, khususnya botol plastik. silahkan simak video ini. nb: video cara kerja bukan bagaimana cara membuat alat folded handsfolded hands",False,False,True,False,False,True,False,True,False,False,False,True
1046,sayangnya target tersebut tak diiringi dukungan kebijakan pemerintah. asosiasi daur ulang plastik indonesia (adupi) mengeluhkan sikap pemerintah mendorong insentif maupun kemudahan pelaku usaha.,True,False,False,True,False,False,True,False,False,True,False,False
1894,residu sampah daur ulang,True,False,False,True,False,False,True,False,False,True,False,False
1116,menyadari salah satu produsen air minum kemasan (amdk) menjadikan penyumbang sampah plastik sedikit jumlahnya. selalu berupaya bisa..,True,False,False,True,False,False,True,False,False,True,False,False
468,namasindo gunakan tenaga surya pembuatan botol pet daur ulang,False,True,False,False,False,True,False,True,False,False,False,True
1227,"sampah dipandang sebelah mata kalau cara memanfaatkan nya menjadi nilai ekonomi, dimanfaat kan sebagi daur ulang kerajinan , dijual pengempul sampah (kang rongsokan) dampak positif nya lingkungan menjadi bersih bebas sampah plastik.. . . disadari sampah yg berserak kalau dijual uangnya buat tambah beli jajan anak :smiling face with heart-eyes::smiling face with heart-eyes: semoga menjadi motivasi lebih peduli lingkungan folded hands",False,True,False,False,True,False,False,False,True,False,False,True
1569,"hari jum'at kemarin tgl , hari terahir sy jual semua jenis gilingan plastik pelanggan sy, yg sdh berjalan thn. sekarang sy mencari bos baru yg asik, yg ajak kerja sm baik, tdk memikirkan keuntungan dirinya sendiri. barang yg sy giling barang pungutan, bukan bs pabrik. yg sy giling jenis pp kambangan minggu kurang lebih ton, setok sekarang sedang kosong lokasi tangerang banten.",True,False,False,False,True,False,True,False,False,True,False,False
1015,temuan kunci laporan antaranya adalah: ) tak komitmen mulai menghentikan penggunaan kemasan plastik sekali pakai perusahaan disurvei. solusi ditawarkan daur ulang breakfreefromplastic ourocean ourocean pantangplastik,True,False,False,False,True,False,True,False,False,False,True,False
988,bisnis . kisah sukses pedagang kue kering natal tahun baru . dipecat kantor orang akhirnya sukses membuka usaha daur ulang plastik. . bermodal batok kelapa orang akhirnya kaya mendadak kuissmartbisnis kuy ah sae ajax,False,False,True,False,True,False,False,False,True,False,True,False
1108,repost . hai hooman.. jangan lupa minum . . juta lebih batang sedotan dipakai hari nya bukan jumlah sedikit ditambah dampak ditimbulkan. sedotan plastik merupakan,True,False,False,True,False,False,True,False,False,True,False,False
1749,dlm lawatannya australia ka bppsdmkp turut mengunjungi renew it information technology company perusahaan bergerak bidang daur ulang plastik menjajaki kolaborasi mengatasi sampah plastik laut. sdmunggul ekonomibiru,False,False,True,False,True,False,False,False,True,False,True,False
341,solusi cerdas! sampah plastik diubah menjadi jalan anti-banjir! feedsh.. lewat,False,True,False,False,True,False,False,False,True,False,False,True
983,tahun sadar daur ulang memecahkan sampah plastik memperpanjang umurnya (bayangkan manusia punya umur thn tiap hari nganak ). cara mengubahnya: pola konsumsi berubah.,True,False,False,True,False,False,True,False,False,True,False,False
577,jelek ameet dah lo pake plastik daur ulang berarti hahart : lu pake kantong kresek haha rt : ha ..,False,True,False,True,False,False,False,True,False,True,False,False
1469,kekurangan alat-alatnya berkreasisaluting face,False,True,False,False,False,True,True,False,False,False,False,True
1878,"tpa ble banyumas kini menjadi contoh inovasi pengelolaan sampah berkelanjutan! konsep ""zero waste"" ""waste to energy"", sampah sebelumnya dianggap limbah, kini diubah menjadi berkah melalui daur ulang pemanfaatan energi terbarukan. berkat langkah",False,False,True,False,True,False,False,False,True,False,False,True
1751,pernah mendaur ulang plastik. ekonomi masuk. harga biji plastik virgin selalu lebih murah biji plastik daur ulang. r reduce reuse recycle. urutannya gitu reduce reuse baru recycle.,True,False,False,True,False,False,True,False,False,True,False,False
820,banyak kota indonesia memiliki fasilitas daur ulang. pt inocycle technology group tbk (inov) terus mengembangkan sistem rantai nilai sampah plastik berkesinambungan. direktur inov victor choi mengatakan,False,False,True,False,False,True,True,False,False,False,False,True
1071,sedikit sentuhan kreativitas kemauan sampah plastik terbuang menjadi berguna berhargaa..,False,False,True,False,False,True,False,False,True,False,False,True
277,sahabatbahari coba pilih mana? kalau kamu cinta laut indonesia buktikan mengurangi sampah plastik! tindakan kecil kamu lakukan hari berdampak baik laut tentukan pilihan sahabatbahari kolom komentar sampahplastik,False,True,False,False,True,False,True,False,False,False,True,False
651,kebakaran melanda lapak daur ulang plastik jalan gaga rawa kompeni kamal kalideres jakarta barat jumat (//). pantauan lokasi api berkobar membakar seisi lapak semipermanen tersebut. cil inews plastik kalideres daurulang,True,False,False,False,True,False,True,False,False,False,True,False
869,gimana orang kebayakan sampah plastik aqua mini yg jarang industri mau daur ulang,False,True,False,True,False,False,True,False,False,True,False,False
102,pt coca cola europasific partners indonesia menanamkan investasi sebesar rp miliar membangun fasilitas daur ulang sampah plastik kawasan industri cikarang.,False,False,True,False,False,True,False,True,False,False,False,True
1781,tingkatkan ekonomi masyarakat kawasan pesisir pln luncurkan program tjsl pengembangan furniture daur ulang sampah plastik electrizen pln uid sulselrabar bersama rappo indonesia meluncurkan program inovatif pengembangan furniture berbahan daur ulang bentuk-,False,False,True,False,True,False,False,False,True,False,False,True
109,ide daur ulang sampah plastik mudah dibuat,False,True,False,False,False,True,False,False,True,False,False,True
1491,pentingbackhand index pointing down informasi ulang gaes.. penukaran wadah plastik wadah plastik daur ulang/wadah plastik murahan yg beli d pasar/wadah plastik non bpa pakai rumah yg tukar kan acara tgl islamic d tukar tambah wadah moorlife yg lebih sehat bergaransi OK hand kissing face with closed eyesbackhand index pointing rightingat ya..wadah plastik apa yg pakai d rumah backhand index pointing left cc,False,True,False,True,False,False,False,True,False,True,False,False
1548,kaya begini kasihan sampah plastik daur ulang.. bukan djadikan beras rolling on the floor laughingrolling on the floor laughing,True,False,False,True,False,False,True,False,False,True,False,False
1707,"daur ulang bukan benar dilakukan lingkungan umat manusia dimasa depan menghasilkan uang jk pasarkan thumbs updan kali buat daur ulang dr kantong plastik menjadi yg sangat manfaatnya,dan tunggu cerita selanjutnya msh proses y guys thumbs upfolded hands",False,True,False,False,False,True,False,False,True,False,False,True
1571,ready suppliyer keranjang merah industri liter bahan – menggunakan plastik murni (bukan daur ulang) – plastik berbau – warna original + menarik – kuat kokoh – tersedia warna merah,False,True,False,False,True,False,True,False,False,True,False,False
1507,"akhirnya gajian lagi, ayo kumpulkan sampah plastik daur ulang teman teman , bunang , mencemari lingkungan. mending tukar uang. tak seberapa, cintai lingkungan mulai diri sendiri . reelsfyp fyp cintailingkungan sampah",False,True,False,False,False,True,False,False,True,False,False,True
1368,proses pengolahan sampah plastik semua orang reel,False,True,False,False,True,False,False,False,True,False,True,False
1836,"sampah ga daur ulang pak,sampah peradaban jenis buzzer koruptor.kalau segera diuraikan berdampak puluhan bakan ratusan tahun kedepan.",True,False,False,False,True,False,True,False,False,False,True,False
447,sayang banget industrial daur ulang terganjal sampah² pet,False,True,False,True,False,False,False,True,False,True,False,False
1402,"jual cepat set mesin daur ulang biji plastik !! screw mm, listrik phase lengkap semua : inverter, dinamo, mesin potong, gearbox, panel listrik. lokasi genuk - semarang minat langsung inbox !!",False,True,False,False,True,False,False,True,False,False,False,True
1728,mind id melalui pt vale indonesia tbk meluncurkan inovasi penggunaan plastik daur ulang mulsa media tanam nursery vale indonesia. inovasi menjadi langkah nyata mengubah limbah terurai menjadi produk bermanfaat program pembibitan.,False,False,True,False,True,False,False,True,False,False,False,True
716,naa pas pertama kali liat iklannya kepikiran gini juga. iya sih airnya lebih terjamin bersih krn galonnya baru terus kan nambahin sampah plastik :') aku gak yakin sama daur ulang plastik sini,False,True,False,True,False,False,True,False,False,True,False,False
73,nestlé luncurkan bangku kerangka terbuat % daur ulang plastik sachet pasca-konsumsi! komitmen nestlé dukung peningkatan angka daur ulang &amp; ekonomi sirkular,False,False,True,False,True,False,False,False,True,False,False,True
719,trubusmania peneliti lipi: limbah plastik daur ulang meninggalkan polutan trubusid,True,False,False,True,False,False,True,False,False,True,False,False
546,plastik sekali pakai resmi dilarang jakarta. kalo abis dipake mini market terus dipake buat tong sampah rumah kan jadi kali pake tuh. berarti dong kalo gitu. hehe.,True,False,False,True,False,False,True,False,False,True,False,False
484,korek gas menjadi bagian tak terpisahkan kehidupan sehari-hari menyimpan sejumlah masalah lingkungan serius. komponen utama korek gas bahan plastik sulit didaur ulang. proses daur ulang plastik menjadi tantangan tersendiri aditif,False,True,False,True,False,False,True,False,False,True,False,False
775,lestari jadi botol aqua terbuat plastik daur ulang? mohon pencerahannya. aqua indonesia botol daurulang,False,True,False,False,True,False,False,True,False,False,True,False
1636,"recycling symbol mesin gilling limbah plastik: solusi daur ulang efektif recycling symbol mesin gilling limbah plastik alat dirancang menghancurkan mencacah limbah plastik menjadi serpihan kecil. teknologi canggih, mesin membantu proses daur ulang menjadi lebih efisien ramah lingkungan. sparkles keunggulan mesin gilling limbah plastik: check mark button efisiensi tinggi – mampu mencacah berbagai jenis plastik cepat. check mark button ramah lingkungan – mengurangi limbah plastik mendukung daur ulang. check mark button konstruksi kuat – dibuat material tahan lama penggunaan jangka panjang. check mark button hemat energi – konsumsi daya rendah hasil maksimal. envelope with arrow dm info lebih lanjut langsung order via whatsapp: mobile phone with arrow :one o’clock: jam operasional: spiral calendar senin-jumat: . - . spiral calendar sabtu: . - . round pushpin head office: jl. candipuro no.a, rt./rw., pacar keling, kec. tambaksari, surabaya, jawa timur globe with meridians kunjungi website kami: cek link bio! daurulangplastik recycle gogreen mesinindustri pengolahanlimbah plasticshredder ecofriendly cahayaagroteknik sustainability limbahplastik",False,False,True,False,False,True,False,False,True,False,False,True
1888,"lagi, punya kendali mendidik rakyat pemerintah, yg punya hukum terkait lingkungan, teknologi daur ulang sampah, seterusnya. individu rakyat paling maksimal menegur rakyat lainnya si pembuang sampah, lalu memviralkannya.",True,False,False,False,True,False,False,True,False,False,True,False
1175,kreasi daur ulang sampah plastik menjadi kerajinan tangan bunga penutup botolhand with index finger and thumb crossed p- kelas sd advent sentani timur,False,False,True,False,False,True,False,False,True,False,False,True
309,pabrik daur ulang plastik tamansari tetap berjalan meski izin pbg slf - googlealerts,False,True,False,False,True,False,True,False,False,False,True,False
1695,"recycling symbolsparkles elegan daur ulangsparklesrecycling symbol langkah penuh percaya diri, sispathree xi perhotelan mempersembahkan gaun unik terbuat botol plastik bekascup with strawdress helai gaun bukan sekadar fashion, pesan kreativitas kepedulian lingkungan. dukung inovasi keberlanjutan! :globe showing Europe-Africa:green heartpink heart lomba fashion show gaun terbaik smks aska bali mandala || nomor undi sispathree xi perhotelan sasbamajaya fashionramahlingkungan daurulangjadikeren sustainabilityinstyle",False,True,False,False,True,False,False,False,True,False,False,True
1576,pesanan org pembuatan baju daur ulang plastik utk agustus.tp siap.,True,False,False,False,True,False,True,False,False,False,True,False
1652,"tempat ecoenzyme panen. naa alas nya gunakan ecobricks, ecobricks bata ramah lingkungan gunakan lagi. biasanya sering sekali terkecoh orang orang mengatakan semua plastik mempunyai harga bank sampah, sebuah teknologi mahal sangat ribet sdm masyarakat mampu, sering sekali teknologi mangkrak, salah-salah menjadi temuan. padahal nyatanya daur ulang,plastik menjadi kwalitas lebih rendah. kebiasaan biasanya plastik bakar, timbun, dibuang berakhir dilaut kita, jelas sangat berbahaya tanah,air,udara. memasukan botol kwalitas baik bersama membangun ruang, ruang terbuka hijau. ecobricks dibuat siapa saja, dimulai benar, pemahaman membuat ecobricks. perlu lakukan cara sederhana, bijak mengunakan plastik, gunakan bahan organik, membuat ecobrick. naa tanaman sirih daun cincau gunanya menutupi gentong.ini paparan sinar matahari. bersama merawat menanam. salam lestari rahayu lan santi. ecoenzyme biopori ecobricks polusijadisolusi sahabatbumibali grean buleleng wirabangsa pepelingasih trihitakarana",False,True,False,False,False,True,False,False,True,False,False,True
408,marak investasi pabrik daur ulang pet menperin: wujud ekonomi sirkular industri hijau bigdata database dataresearch,False,False,True,False,False,True,False,False,True,False,False,True
761,menggunakan produk daur ulang? nah nih kenalin kalau produk diatas salah satu produk daur ulang sampah kemasan rinso plastik butuh jutaan tahun guys hancur.. sedih yaah.. yuk pilah sampahmu!,False,True,False,False,True,False,False,False,True,False,False,True
1011,sampah plastik ancaman paling gede makanya permenlhk dirancang mengurangi sampah melalui perbaikan manajemen daur ulang reuse dll. kok sampah malah nambah banyak ya? why?,True,False,False,True,False,False,True,False,False,True,False,False
973,niat daur ulang mulia sayangnya % sampah plastik dunia terdaur ulang. artinya perubahan level berskala besar.,True,False,False,True,False,False,True,False,False,True,False,False
1505,biasa proses daur ulang plastik limbah kawan pengikut,False,True,False,False,False,True,False,False,True,False,False,True
567,lah plastik kali daur ulang kali malahan kadang lebih berguna noh botol contohnya kalo kertas buram daur ulang mulu lama lama makin jelek kualitasnya gitu kali,False,True,False,False,True,False,True,False,False,False,True,False
1337,pengolahan sampah plastik smiling face with hearts kelas mi cisaga,False,False,True,False,True,False,False,False,True,False,False,True
1066,ternyata plastik daur ulang buat emoney,False,False,True,False,True,False,False,False,True,False,True,False
747,udah nonton belum? serem bangett sampah plastik tuh bahaya kan susah daur ulang ya. nah sekarang galon sekali pake gitu bikin tambah bnyk sampah plastik dong mending sih pake galon isi ulang aqua gitu..,False,True,False,True,False,False,True,False,False,True,False,False
810,salah tampung sampah plastik tak daur ulang. menyesal kemudian. mumpung terlambat terlalu jauh tindakan tegas hrs lakukan.,False,True,False,False,False,True,False,False,True,False,False,True
654,daur ulang (yg indo penerapannya kurang memadai) bukanlah jawaban utama pengurangan sampah plastik. pengurangan penggunaan plastik tatplah jawaban utama pengurangan sampah. kalo terus daur ulang ujungnya ttp bakal dibuang tolakgalonsekalipakai,True,False,False,True,False,False,True,False,False,True,False,False
650,ternyata setengah kebutuhan sampah kertas plastik daur ulang bergantung impor.,True,False,False,False,True,False,True,False,False,False,True,False
908,misalnya pilihan jawaban berikut: a. produksi sampah b. sampah plastik c. daur ulang d. biji plastik e. nilai ekonomi mana termasuk kelompok kata berpasangan? daur ulang kenapa? keduanya selalu digunakan berpasangan tergantikan.,False,True,False,False,True,False,False,True,False,False,True,False
1697,"segitu sampah plastik kemasan cegah alam,di jurang, laut, sungai. bsi. parahyangan green recycle kumpulkan, pilah, kelola, lalu menyerahkan vendor diteruskan daur ulang. banksampah parahyangangreenrecycle banksampahinduk wastemanagement",False,True,False,False,False,True,False,False,True,False,False,True
1614,"masyarakat banyak tahu mengenai produksi sampah plastik berupa paving blok, pemanfaatan area perkantoran pemkot mataram menjadi bagian sosialisasi masyarakat. adapun cara efektif lainnya pengelolaan sampah. menjalankan bisnis daur ulang plastik. informasi lebih lanjut, kalian mengunjungi website menghubungi / ya! bisnis daurulang sampahplastik pojokplastik indonesia",False,False,True,False,False,True,False,False,True,False,False,True
150,inovatif mahasiswa its bikin alat daur ulang limbah plastik menjadi bbm sumber: | media kolaborasi indonesia. its limbahplastik daurulang bbm beritapendidikan surabayanews itsnews jatimnews ketikmedia beritaterkini,False,False,True,False,True,False,False,False,True,False,False,True
1415,cara daur ulang plastik bekas jerigen menjadi barang berguna dirumah idekreatif tutorial,False,True,False,False,True,False,False,True,False,False,False,True
1838,usulin daur ulang sampah kali,False,True,False,False,True,False,False,False,True,False,True,False
1655,"[//]* sebanyak potong sampah botol plastik, gelas cup kaleng ditemukan jalan. akibat kurangnya edukasi pentingnya daur ulang. daur ulang material sampah langkah selanjutnya dilakukan pola hidup rendah sampah dilakukan.",True,False,False,True,False,False,True,False,False,True,False,False
696,gw baca berita peluang besar tajir daur ulang sampah plastik,False,False,True,False,True,False,False,False,True,False,True,False
822,plastik didaur ulang mengalami downcycling (bahan memiliki kualitas dan/atau fungsi lebih rendah bahan asli) hingga akhirnya daur ulang lebih lanjut mudah dilakukan akhirnya menjadi tumpukan sampah pantangplastik breakfreefromplastic,True,False,False,True,False,False,True,False,False,True,False,False
1824,alaidid kemarin exxon digugat california gara nyebarin informasi palsu ttg daur ulang sampah plastik tuh. gara² mitos² daur ulang palsu yg disebarkan exxon berpuluh² thn terjadilah peningkatan polusi plastik besar²an. jualan ketakutan,True,False,False,False,True,False,True,False,False,False,True,False
1660,siswa kelas /kelas' rendah ketrampilan buat bunga plastik ( daur ulang) ulangan semester hari syowi kasumasa folded handsfolded hands,False,False,True,False,True,False,False,False,True,False,False,True
1656,"opini : pendanaan tata kelola sampah plastik sangat penting dukungan finansial memadai, upaya pengelolaan pengurangan polusi plastik sulit dilakukan efektif. berikut beberapa alasan pendanaan krusial: . infrastruktur pengelolaan sampah banyak negara, terutama negara berkembang, kekurangan infrastruktur pengelolaan sampah memadai, sistem daur ulang efisien, fasilitas pemrosesan limbah, tempat pembuangan ramah lingkungan. pendanaan membantu membangun meningkatkan sistem ini. . dukungan ekonomi sirkular mengurangi ketergantungan plastik sekali pakai, diperlukan investasi model ekonomi sirkular, sistem isi ulang penggunaan ulang. ini, investasi sektor rendah, pendanaan tambahan sangat diperlukan mempercepat peralihan solusi lebih berkelanjutan. . pengurangan beban lingkungan kesehatan sampah plastik terkelola baik mencemari lingkungan, merusak ekosistem, bahkan berdampak kesehatan manusia. pendanaan cukup, pemerintah organisasi mengurangi dampak negatif melalui program pembersihan, kampanye edukasi, inovasi teknologi ramah lingkungan. . mendorong tanggung jawab produsen pendanaan berperan penerapan kebijakan extended producer responsibility (epr), mana produsen plastik diwajibkan mendanai pengelolaan limbah produk mereka. memastikan biaya penanganan limbah ditanggung pemerintah masyarakat. . riset inovasi teknologi pengembangan teknologi baru daur ulang lebih efisien bahan alternatif ramah lingkungan memerlukan investasi besar. adanya pendanaan, riset inovasi pengelolaan sampah plastik berkembang lebih cepat. jadi, pendanaan cukup, solusi sulit diterapkan luas, krisis polusi plastik semakin memburuk.",True,False,False,False,True,False,True,False,False,False,True,False
705,menteri perindustrian airlangga hartarto mengatakan upaya daur ulang plastik alias recycle plastic indonesia kalah negara maju.,True,False,False,False,True,False,True,False,False,False,True,False
869,gimana orang kebayakan sampah plastik aqua mini yg jarang industri mau daur ulang,False,True,False,True,False,False,True,False,False,True,False,False
925,acer conscious technology memimpin kemajuan ragam produk dibuat melalui daur ulang plastik lautan. kenali lebih dekat inovasi acer mengunggulkan kinerja melindungi planet kita. acer conscioustechnology sustainability,False,False,True,False,True,False,False,True,False,False,False,True
909,german association of local utilities plastik berwana hitam biasanya terdeteksi alat pemindai tempat daur ulang plastik jenis terdaur ulang.oleh membeli kemasan plastik berwana cerah membantu kemasan plastik didaur ulang.,False,True,False,False,False,True,True,False,False,False,False,True
457,namasindo plas terapkan energi surya produksi botol pet daur ulang,False,False,True,False,False,True,False,True,False,False,False,True
904,lego setop produksi balok botol plastik daur ulang diklaim kurangi emisi karbon,True,False,False,True,False,False,True,False,False,True,False,False
1984,indonesia udh yg namanya bank sampah kok. cuma emg kesadaran diri masing aja yg kurang ka. pelaku bisnis daur ulang sampah plastik kok. kalo kesadaran dirinya tinggi sih enak gaperlu gaji pemulung utk keliling udh yg nyetor kelapak.,False,False,True,False,True,False,False,False,True,False,True,False
1454,"assalamualaikum wr wb. mohon ijin admin, moderator, semua member. bengkel bubut sumber jaya ( ) beralamat sidoarjo berpengalaman lebih tahun pembuatan mesin plastik, berniat menawarkan berbagai produk perusahaan kami. melayani pembuatan / perbaikan mesin daur ulang plastik : - crusher / mesin giling plastik - extruder / mesin pelet plastik - mesin tali rafia - straw / mesin sedotan - conveyor - centrifugal / pengering - mesin rafia kiloan - mesin pemilah plastik utk informasi lebih lanjut : telephone : wassap : terimakasih. wassalamualaikum wr wb. "" "" bengkelbubut bengkelbubutsurabaya recycling plasticrecycling daurulangplastik crusher plasticcrusher mesingilingplastik extruder plasticextruder mesinpeletplastik mesintalirafia mesinsedotan mesinpemilahplastik mesinrafiakiloan",False,False,True,False,True,False,False,False,True,False,True,False
169,anak artis amerika serikat zooey deschanel viral kirim surat startup daur ulang indonesia request plastik rasa cokelat.,False,True,False,False,True,False,False,True,False,False,False,True
734,btw katanya biaya daur ulang lebih mahal dibanding bikin packaging baru from new plastics / glass. butuh mesin khusus butuh air listrik tenaga gak semua packaging sama satu cemaran aja bikin batch recycle jadi plastik gagal. cmiiw ya.,True,False,False,True,False,False,True,False,False,True,False,False
1828,pemerintah daerah tersebut menuduh perusahaan pepsico coca-cola menyesatkan publik terkait daur ulang botol plastik meremehkan dampak negatif pembuangan plastik lingkungan kesehatan.,False,True,False,True,False,False,True,False,False,True,False,False
1314,mendaur ulang sampah plastik jadi kursi daurulangsampah sampahplastik processing manufacturing factory facebook fbpro kursi kreatif kreasi,False,True,False,False,True,False,False,False,True,False,False,True
26,atasi masalah sampah desa sayan berencana olah sampah plastik jadi bbm,False,True,False,False,True,False,False,False,True,False,False,True
1551,tas keranjang daur ulang gelas plastik bekas menjadi sebuah kerajinan tangan smiling face with halo .keterbatasan bukan jadi penghalang berkarya :smiling face with heart-eyes:fbpro pengikut,False,False,True,False,False,True,False,False,True,False,False,True
1755,indonesia berjuang melepaskan diri ketergantungan sampah impor menjadi sangat penting industri daur ulang terutama produksi kertas plastik.,True,False,False,False,True,False,False,True,False,False,True,False
1001,hal: meningkatkan kesadaran masyarakat soal plastik membentuk people power melawan hegemoni plastik. tak kalah penting: menekan pabriknya. banyak bikin produk plastik sekali daur ulang bahkan gak didaurulang sama sekali.,True,False,False,True,False,False,True,False,False,True,False,False
1180,daur ulang sampa plastik menjadi beras. waspadaberasimpor semuaorang,False,True,False,True,False,False,True,False,False,True,False,False
1044,apalah eq yg plastik daur ulang inih,False,True,False,False,True,False,False,False,True,False,True,False
1899,"kelola sampah ton sehari, pemkot padang bangun pusat daur ulang",False,False,True,False,True,False,False,False,True,False,False,True
787,botol plastik digunakan mengalami proses daur ulang baik benar. botol plastik mengalami daur ulang terurai lambat membutuhkan banyak waktu.,True,False,False,True,False,False,True,False,False,True,False,False
745,adupi: industri daur ulang plastik pulih tahun depan,True,False,False,False,True,False,True,False,False,False,True,False
1383,"badan riset inovasi nasional (brin) bersama pemerintah kabupaten banjarnegara bank sampah banjarnegara (bsb) mengembangkan teknologi pengolahan sampah plastik menjadi bahan bakar minyak (bbm). teknologi pengolahan sampah dilakukan melalui mesin fast pyrolysis (faspol). nantinya, bahan bakar hasil pengolahan sampah plastik dinamakan petasol. “pengolahan sampah plastik menjadi petasol solusi inovatif mengatasi masalah sampah, sekaligus menyediakan energi alternatif,” ujar kepala pusat riset sistem produksi berkelanjutan penilaian daur hidup (pr spbpdh) brin nugroho adi sasongko. heru susanto pr spbpdh brin menambahkan, petasol diuji laboratorium brin balai besar pengujian minyak gas bumi lemigas. berdasarkan hasil pengujian, diketahui petasol dinyatakan memenuhi standar bahan bakar setara minyak solar b. “semakin bersih kering sampah plastik diolah, yield kualitasnya semakin baik,” kata heru. ketua bsb budi trisno aji menjelaskan, petasol bbm berbasis sampah plastik digunakan mesin diesel, mendukung operasional mesin pertanian kawasan pertanian banjarnegara. “lebih mitra mereplikasi teknologi faspol ini, termasuk daerah luar pulau jawa,” ungkap budi. gimana menurutmu, sahabat daai? :smiling face with heart-eyes: saksikan konten-konten inspiratif menenangkan hati platform daai+ discover inspiring content. brin banksampahbanjarnegara bbm petasol daaitv sebarkankebaikan discoverinspiringcontent",False,False,True,False,True,False,False,False,True,False,False,True
42,tak pernah bosan olah sampah plastik nikmati prosesnya,False,True,False,False,True,False,False,False,True,False,False,True
1433,"semangat pagi,.. inilah proses daur ulang sampah plastik menjadi bijih plastik, proses ulang menjadi barang berguna,.. kurangi sampah plastik lingkungan menjadi bersih& tercemar saveword gogreen kurangipencemaran daurulangplastik prosespembuatanbijihplastik viral fyp",False,True,False,False,False,True,False,False,True,False,False,True
1911,"halo teman-teman semua ecobank hadir tahun mendukung misi daur ulang sampah. mas, mbak, teman-teman sekalian memiliki barang bekas berupa kertas bekas mengumpulkannya",False,False,True,False,False,True,False,False,True,False,False,True
771,indonesia malah banyak yg tau apa sampah daur ulang. sampah basah sampah botol plastik berada ditempat yg sama. penting sekali sekolah orang tua mengajarkan penting ini.. indonesia yg lebih hijau,True,False,False,False,True,False,True,False,False,False,True,False
1586,daur ulang sampah plastik part ( jadi ),False,True,False,False,True,False,False,True,False,False,False,True
1448,daur ulang sampah plastik menjadi pelet putih reels making made recycling plastic plasticpellets pelet handmade handcraft asmr manufacturing process working,False,True,False,False,True,False,False,False,True,False,False,True
613,kurang percaya si sm yg masalah makanin jin ditempelin setan tp lebih kasian sama tukang angkut sampah pemulung. kadang tu kl plastik item dibuka buat cek isinya barang yg daur ulang apa ngga. kl pas buka isinya darah haid kan jahat :(,False,True,False,True,False,False,True,False,False,True,False,False
1136,"wastgood menghadirkan meja kursi belajar hasil daur ulang kg sampah plastik sma pangudi luhur, jakarta selatan. wastgood berfokus daur ulang sampah plastik, berkolaborasi desainer bas junianto cundra setiabudhi menghadirkan furnitur ramah lingkungan sma pangudi luhur jakarta. founder wastgood, arif, mengatakan inisiasi proyek direncanakan selama lima bulan. mulai proses pengumpulan limbah, desain, hingga pembuatan prototipe. sma pangudi luhur sendiri, kata arif, memiliki program daur ulang sampah, baik sampah organik maupun nonorganik. “pengajar sma pangudi luhur, pak gigih, memang lama pengin buat meja daur ulang. nah, mas cundra alumni sma pangudi luhur menghubungi wastgood kerja sama mewujudkan mimpinya, salah satunya membuat bangku meja daur ulang,” ujar arif daai tv, selasa (/). fyp bonus faktaunik fakta foto viral tranding",False,False,True,False,True,False,False,False,True,False,False,True
28,olah sampah plastik menjadi jenang krunguku,False,True,False,False,True,False,False,True,False,False,False,True
444,coca-cola menyiapkan dana rp miliar pembangunan pabrik daur ulang botol plastik polyethylene terephthalate (pet) cikarang jawa barat,False,False,True,False,False,True,False,True,False,False,False,True
1561,ready suppliyer keranjang merah industri liter bahan – menggunakan plastik murni (bukan daur ulang) – plastik berbau – warna original + menarik – kuat kokoh – tersedia warna merah,False,True,False,False,True,False,False,True,False,True,False,False
1829,mayat diketahui bernama eko agustino () merupakan warga desa sambirejo ditemukan meninggal mengapung limbah pengelolaan daur ulang plastik.,True,False,False,False,True,False,False,True,False,False,True,False
496,kl kaya yg video sepertinya sulit buat brand apparel kadang dituntut buat jersey yg ramah lingkungan jg salah satunya dr bahan limbah plastik yg daur ulang (biasanya khusus buat pi/authentic),False,True,False,True,False,False,True,False,False,True,False,False
1262,dekorasi pohon natal botol plastik daur ulang :smiling face with heart-eyes:thumbs up,False,True,False,False,False,True,False,False,True,False,False,True
1305,memberikan pelatihan bunda rumah cerdas kec. mojolaban sukoharjo . . membuat kerajinan daur ulang sampah botol sprite bekas bungkus plastik kemasan . . botol kemasan buat menjadi bunga bungkus plastik dibuat gantungan kunci bentuk ikan . . semoga ilmu berikan berguna selalu digunakan menambah hiasan rumah mendapat tambahan rejeki . . kapan tempat kamu mengundang folded handsfolded hands . . terima kasih rumah cerdas mengundang handshake . distro daur ulang sampah solo pelatihandaurulang pelatihankreasisampah belajarkreasisampah belajardaurulang bungadaribotolbekas kursuskreasidaurulang plastikdaurulang galeridaurulangsampah daurulanglimbahplastik belajarkreasidaurulang pelatiahnkreasidaurulang daurulangbotolsprite kemasanbungkus plastikbungkus daurulangsampah distrodaurulangtokodaurulang ramahlingkungan kerajinandaurulang sampahbawaberkah daurulanglimbahplastik recycleplastic limbahplastik manfaatsampah,False,False,True,False,False,True,False,False,True,False,False,True
1061,mengurangi kalah penting mengolah nya.. . repost from balroom (repost media app) . tahukah % plastik benar-benar didaur ulang? daur ulang dasarnya,False,False,True,False,True,False,True,False,False,False,True,False
1386,"jokowi cek pengolahan sampah plastik menjadi bahan bakar banjar negara selasa januari , : wib cuma mau nanya, kapasitas jokowi apa?? presiden kah?? direktur pengolahan sampah??",False,True,False,False,True,False,False,False,True,False,False,True
1308,"nama produk : plastik bahan daur ulang kode produk : plastik informasi produk . bahan : - terbuat daur ulang plastik kemasan nabati - anti air . fungsi : - bahan daur ulang - membuatn produk daur ulang sendiri - karya sanitasi - koleksi . ukuran : p x l ( cm x cm) . cocok kegiatan sehari - hari, souvernir, kegiatan kemasyarakatan, .harga normal rp. .,- harga spesial hari diskon %, harga menjadi rp. .,- ( ongkir ) order pesanan gunakan wa, tulis : [ nama + no. hp + kode barang + nama barang + alamat lengkap ] admin online : fast respon : chat whatsapp : - - - online order : senin - minggu ( . - . ) store fisik & pengiriman : distro daur ulang sampah solo jl. larasati no. kec. serengan kota solo follow di=> •facebook : distrodaurulangsampah •instagran : mengalami kendala order komplain silahkan hubungi tim support : - - ( wida ) ==> senin - minggu ( . - . ) plastik bungkusplastik bungkuskopi daurulangbungkusplastik bahandaurulang plastikdaurulang daurulanglimbahplastik kreasidaurulang bungkusmilo bungkusnabati bungkusdaurulangsampah distrodaurulangtokodaurulang ramahlingkungan kerajinandaurulang sampahbawaberkah daurulanglimbahplastik recycleplastic limbahplastik manfaatsampah",False,True,False,False,True,False,False,False,True,False,False,True
238,bank sampah se-kota kediri ikuti workshop olah sampah plastik,False,False,True,False,True,False,False,True,False,False,True,False
555,yg jdi masalah kan produksinya. mau disulap jadi pot bak ranjang sekalipun ttp aja jumlahnya bejibun. cuma ngubah bentuk + nambah nilai aja. klo niatnya mau ngurangi plastik pake galon isi ulang rebus/filter air sendiri. less waste sekalian zero waste,True,False,False,True,False,False,True,False,False,True,False,False
523,penggunaan kantong plastik terlalu sering menimbulkan tumpukan sampah sulit daur ulang. membiasakan mengurangi penggunaan kantong plastik mulai menggunakan eco bag friendly sekarang mulai diterapkan.,False,True,False,False,True,False,True,False,False,True,False,False
1994,"bisnis daur ulang plastik | estimasi jt utk modal awal | longterm ny bs edukasi &amp; bantu irt titik yg ditentuin utk mulai pisahin sampah plastik, terlepas dr recycle, model bisnis ny bs bermanfaat utk wrga yg mau berpartisipasi | krna bahan dsr ny si plastik |",False,False,True,False,False,True,False,False,True,False,False,True
1236,persiapan panen karya p gaya hidup berkelanjutan (daur ulang sampah plastik) kelas kearifan lokal (ekplorasi giat kreasi nelayan) kelas . smpn pekanbaru smg kegiatan berjalan lancar membawa manfaat..aamiin.. smpnegeri duatujuh pekanbaru,False,False,True,False,True,False,False,True,False,False,False,True
1142,"oriflame kereenn :smiling face with heart-eyes::smiling face with heart-eyes::smiling face with heart-eyes: sepatu kets nya terbuat sampah plastik daur ulang dr lautan. jd ngurangiin limbah plastik dibikin sepatuu kalo dijual katalog indonesia, siapa maoo komeen cobaa biar mintaa global grinning squinting facegrinning squinting face",False,False,True,False,True,False,False,False,True,False,False,True
724,kamu daur ulang pilah kemasan plastik pakai ulang bertuliskan (pet) makan kemasan plastik tersebut diterima perusahaan daur ulang indonesia semangatsalingbantu,False,True,False,False,False,True,False,False,True,False,False,True
739,pemerintah berencana menerapkan cukai kantong plastik mengurangi pencemaran lingkungan. asosiasi daur ulang plastik indonesia menyatakan sampah kantong plastik didaur ulang usulan dinilai tepat. (info),False,False,True,False,False,True,False,True,False,False,False,True
639,daur ulang sampah plastik bawah persen,True,False,False,True,False,False,True,False,False,True,False,False
59,gandeng dlh polres kepulauan meranti olah limbah sampah plastik jadi batako,False,True,False,False,True,False,False,False,True,False,False,True
635,tantangan kita: daur ulang plastik minim,True,False,False,False,True,False,True,False,False,False,True,False
1185,daur ulang sendok plastik sampah dekorasi dinding recycling diy crafts,False,True,False,False,True,False,False,False,True,False,False,True
325,akhirnya kesampaian main visualisasi pakai sankey diagram cara lebih praktis hehehe bikinnya sini postingan lengkapnya (bahas potensi solusi krisis limbah plastik) plasticrecycling postconsumerplastic,False,False,True,False,True,False,False,False,True,False,True,False
596,justru tempat pengolahan sampah (plastik kertas) daur ulang indonesia kekurangan sampah diolah hingga terpaksa impor sampah luar. kurang manajemen sampah ga terbiasa misahin sampah dr level rumahan,True,False,False,True,False,False,True,False,False,True,False,False
1307,bangku unik sampah plastik daur ulang belanda daurulang sustainability belandahijau inovasiramahlingkungan ecofriendly plastikdaurulang desainberkelanjutan virtualbrowsing,False,True,False,False,True,False,False,False,True,False,False,True
1391,"pernah melihat proses sampah plastik jadi bahan bakar? kalau belum, kalian mampir lho desa gorontalo, labuan bajo. sini melihat langsung 'circular economy' berjalan. nelayan membawa sampah plastik didapat laut pantai, dibawa tempat pengolahan sampah, kemudian diproses menjadi bahan bakar dipergunakan nelayan melaut. inilah upaya tegas gerak cepat membangkitkan ekonomi menciptakan lapangan kerja mengedepankan keberlanjutan lingkungan permasalahan sampah sering terjadi destinasi-destinasi wisata tersolusikan.",False,True,False,False,True,False,False,False,True,False,False,True
511,daur ulang penting cukup menyelesaikan masalah plastik. banyak jenis plastik sulit didaur ulang prosesnya sendiri membutuhkan banyak energi. prioritaskan mengurangi menggunakan ulang terlebih dahulu! kurangigunakanulangdaurulang,False,True,False,True,False,False,True,False,False,True,False,False
943,investasi senilai rp miliar produksi pet daur ulang (recycled pet/rpet) mengurangi penggunaan plastik murni (virgin pet).,False,False,True,False,False,True,False,False,True,False,False,True
589,fasilitas daur ulang sangat sedikit kesadaran masyarakat kurang ini. satu-satunya jalan buat perusahaan pakai kemasan yg ramah lingkungan itupun kalo bener niat bikin kampanye anti sampah plastik.,True,False,False,False,True,False,True,False,False,False,True,False
1253,hasil daur ulang sampah plastik menjadi ecobrick menjadi sebuah karya menarik ecobrick sampahplastik sampahdaurulang karyamenarik reelsfacebook sorotanpublik,False,True,False,False,True,False,False,False,True,False,False,True
908,misalnya pilihan jawaban berikut: a. produksi sampah b. sampah plastik c. daur ulang d. biji plastik e. nilai ekonomi mana termasuk kelompok kata berpasangan? daur ulang kenapa? keduanya selalu digunakan berpasangan tergantikan.,False,True,False,False,True,False,False,True,False,False,True,False
1283,ready stock biji plastik abs gading abs hitam abs abu semua bahan baku diproduksi limbah pabrik gagal produksi bekas bahan baku original sekali pakai | kualitas alot mudah pecah menyerupai bahan baku original | berminat hubungi marketing + | kalau daur ulang apa original gogreen savetheworld greenlifestyle plastikdaurulang lebihbaikdaurulang,False,True,False,False,True,False,False,False,True,False,False,True
407,wujudkan praktik bisnis ramah lingkungan pt namasindo plas gunakan energi surya pembuatan botol pet daur ulang,False,False,True,False,True,False,False,True,False,False,True,False
623,capek liat mentri kehabisan akal. semua pajak.. sekarang hrus balik pajak trsebut mengurangi sampah dgn daur ulang dgn pajak dibangun pabrik daur ulang klo enggak ngapain kena cukai berlebih. ppn per produk kurang ?,True,False,False,False,True,False,True,False,False,False,True,False
955,plastik sangat ramah lingkungan tdk daur ulang alam.. dukung larangan produksi berbahan plastik,True,False,False,True,False,False,True,False,False,True,False,False
562,nambahin sampah plastik lah dah tau daur ulang indo jelek,True,False,False,False,True,False,True,False,False,False,True,False
1146,"pemanfaatan limbah plastik folded hands ajar adik"" rumah, kasih modal ketrampilan buat bekal nanti, dimulai yg sederhana. membuat bunga kresek, semua kresek setrika dulu bahan kreseknya kaku, potnya buat lidi sate, kemudian hias percahan kain tenun prakarya bungadarikresek fyp bonusfoto",False,True,False,False,True,False,False,False,True,False,False,True
1805,gw ngumpulin banyak plastik/kresek ga mau nrima? dulu kalau jogja anak seni mau nampung buat seni daur ulang plastik.,False,True,False,False,True,False,True,False,False,False,True,False
710,plastik bahan memiliki tingkat daur ulang cukup tinggi plastik bekas memiliki nilai ekonomi menjadi bahan baku diolah proses reuse (penggunaan kembali) maupun recycle (daur ulang) proses terjadi berulang-ulang.,False,True,False,False,False,True,False,False,True,False,False,True
623,capek liat mentri kehabisan akal. semua pajak.. sekarang hrus balik pajak trsebut mengurangi sampah dgn daur ulang dgn pajak dibangun pabrik daur ulang klo enggak ngapain kena cukai berlebih. ppn per produk kurang ?,True,False,False,False,True,False,True,False,False,False,True,False
1026,pembakaran plastik melepaskan zat-zat kimia berbahaya luar angkasa gk pemanasan global senyawa berbahaya dioksin. paling tepat masalah sampah plastik daur ulang.,False,False,True,False,True,False,False,False,True,False,False,True
749,kalian paham makna logo daur ulang plastik yuk sekarang saatnya kamu tahu paham maknanya. berguna loh nantinya kesehatan kalian! terasmitrafact kenalilogodaurulang plasticwaste limbahplastik,False,True,False,False,False,True,False,False,True,False,False,True
1875,mau gimana lagi.. psi udah level sampah daur ulang folded hands,False,True,False,False,True,False,False,True,False,False,True,False
1709,"daur ulang merupakan sebuah langkah kecil berdampak besar lingkungan. sayangnya, pengenalan konsep daur ulang indonesia terbilang rencah. data sustainable waste indonesia (swi) , sampah plastik didaur ulang indonesia baru persen sisanya berakhir tempat pembuangan akhir (tpa). . mitos daur ulang bawa dampak baik banyak orang memiliki pola pikir melakukan daur ulang akhirnya.menurut data recycle now, daur ulang dilakukan inggris mampu menurunkan emisi karbon — juta ton per tahunnya. angka tersebut setara menghilangkan , juta mobil jalan. . mitos benda didaur ulang satu kali rumah sebenarnya menghasilkan sampah didaur ulang. sebut plastik, kardus, cangkang telur, hingga kantong teh. semua benda tersebut digunakan kembali. . mitos daur ulang mahal benda-benda berasal daur ulang diklaim barang mahal. terkait pengumpulan proses pembuatannya. namun, tersebut sepenuhnya benar. mendaur ulang sampah malah menghemat pengeluaran membeli barang baru sekaligus tagihan sampah bulanan. sekarang coba mulai perhatikan benda-benda terpakai rumah. jadi barang manfaatkan kebutuhan lain.",True,False,False,True,False,False,True,False,False,True,False,False
516,zone az @ anakkolong ri sampah plastik galon isi ulang danone aqua takut nya cuma kubur soal nya tuh sampah sulit daur ulang ulang,False,True,False,True,False,False,True,False,False,True,False,False
82,pemudaabdya daurulangsampah begini cara pemuda abdya daur ulang sampah plastik jadi paving blok via,False,True,False,False,True,False,False,True,False,False,False,True
172,coba kalau gini apa gak malu ? bukan prestasi yg mendunia malah sampahnya yg mendunia. pabrik daur ulang sampah hrus digalakkan ekonomi sirkular jg makin tumbuh. sampah plastik indonesia ditemukan terdampar hingga afrika,False,True,False,True,False,False,False,True,False,True,False,False
1312,gemoy bangett sihh grinning face with sweat fashion show anak tema daur ulang plastik,False,False,True,False,True,False,False,False,True,False,False,True
918,alangkah baiknya menghindari kemasan plastik kalo inovasi daur ulang plastik siap potensi gundukan sampah plastik tiba rsud sultan fatah karangawen demak jateng,True,False,False,True,False,False,True,False,False,True,False,False
1408,"mohon ijin admin. assalamualaikum wr. wb. bengkel bubut sumber jaya ( ) beralamat sidoarjo berpengalaman lebih tahun pembuatan mesin plastik, berniat menawarkan berbagai produk perusahaan kami. melayani pembuatan / perbaikan mesin daur ulang plastik : - crusher / mesin giling plastik - extruder / mesin pelet plastik - mesin tali rafia - straw / mesin sedotan - conveyor - centrifugal / pengering - mesin rafia kiloan - mesin pemilah plastik utk informasi lebih lanjut : telephone : wassap : terimakasih. wassalamualaikum wr wb. "" "" bengkelbubut bengkelbubutsurabaya recycling plasticrecycling daurulangplastik crusher plasticcrusher mesingilingplastik extruder plasticextruder mesinpeletplastik mesintalirafia mesinsedotan mesinpemilahplastik mesinrafiakiloan",False,False,True,False,True,False,False,True,False,False,True,False
861,update milari : peningkatan mutu aspal daur ulang plastik mutu rendah.: deskripsi : ..,True,False,False,False,True,False,False,True,False,True,False,False
1112,anggap . ah cuma selembar plastik aja ga ngaruh pikiran salah. sedikit sedikit jadi bukit sampah. bahkan bertahun-tahun sampah plastik hasilkan,True,False,False,False,True,False,True,False,False,False,True,False
152,sudrajad tujuan impor sampah plastik terutama bahan baku daur ulang lebih murah dibandingkan plastik baru. menguntungkan industri daur ulang ekonomi terutama negara berkembang indonesia margin keuntungan -%. tantangan besar. banyak,True,False,False,False,False,True,False,False,True,False,False,True
778,penelitian enzim daur ulang plastik berkembang selama tahun terakhir. menemukan cara membuat enzim beroperasi efisien suhu rendah. kini enzim melakukannya. iptek adadikompas,True,False,False,False,False,True,True,False,False,False,False,True
332,jadi tren ecobrick bukan solusi jangka panjang sampah plastik,False,True,False,True,False,False,False,True,False,True,False,False
6,[video] sejumlah desa klungkung olah sampah plastik jadi bahan bakar,False,True,False,False,True,False,False,True,False,False,False,True
947,imbauan menggunakan kantong plastik daur ulang wadah daging kurban tindak lanjut public warning bpom kantong plastik. dagingkurban,False,True,False,False,True,False,True,False,False,True,False,False
1859,pakainya beberapa efeknya berjangka panjang loudly crying face bookmark perlu ingat : - % sampah textile daur ulang dunia - % sampah plastik daur ulang dunia. jadi sisa sampah tak dikelola terlihat. repost: bule sampah (ig),False,False,True,True,False,False,True,False,False,True,False,False
738,memasuki masa tenang pemilu pengelolaan sampah alat peraga kampanye (apk) dibeberapa daerah daur ulang berakhir menjadi sampah. pengkampanye urban greenpeace indonesia atha rasyadi mengatakan baliho digunakan berbahan plastik pvc vinyl,False,True,False,True,False,False,False,True,False,True,False,False
913,plastik tergolong jenis pet kode daur ulang no. sangat aman menambah tumpukan plastik langsung daur ulang kok kayak galon sekali pakai nya le minerale janganmenggiringopini,False,False,True,False,False,True,False,False,True,False,False,True
471,perusahaan yg ngerjain daur ulang plastik pet kyk gitu. kode nya inov inocycle technology apa gitu..btw leminerale perancis bkan sih,False,True,False,False,False,True,False,True,False,False,False,True
183,keren mahasiswa ugm berhasil olah sampah plastik menjadi minyak,False,False,True,False,True,False,False,False,True,False,False,True
166,pameran gaun daur ulang limbah plastik curi perhatian cpi: pemandangan tak biasa center point of indonesia (cpi) makassar perayaan ulang tahun ke- pramita minggu oktober . news cpi gaundaurulang pameran pramita,False,True,False,False,True,False,False,True,False,True,False,False
454,dukung industri berkelanjutan mayora group hadirkan pabrik daur ulang pet lokal berteknologi foodgrade,False,False,True,False,False,True,False,True,False,False,False,True
493,fakta menariknya ternyata galon sekali pakai terbuat % bahan didaur ulang baik botol hingga tutupnya jadi sangat ramah lingkungan jangan percaya sama opini yg menyamakan galon pet dgn kantong plastik yg memang sulit daur ulang.,False,True,False,False,False,True,False,False,True,True,False,False
1610,"karya salah satu mahasiswi stt star's lub, lukisan daur ulang (plastik, dll). ungkapan sangat memotivasi, ""sekecil apapun kemampuan kita, yakinlah meraih kemenangan, dibalik kekurangan miliki terdapat kelebihan luar biasa mungkin pernah terpikirkan sebelumnya"" selalu bersyukur, selalu semangat, selalu ceria.",False,False,True,False,False,True,False,False,True,False,False,True
1147,proses pembuatan spakbor motor plastik bekas,False,True,False,False,True,False,False,False,True,False,False,True
1315,kiat daur ulang memberikan kehidupan baru botol plastik anda!,False,True,False,False,False,True,False,False,True,False,False,True
965,mulailah kecil membaca. sebenernya knapa sih pakai plastik? plastik daur ulang gak sih? sampah plastik apa yg daur ulang sampah plastik mana knapa daur ulang? cara daur ulang plastik gimana?,False,False,True,False,True,False,False,True,False,False,True,False
1115,id sampah plastik indonesia melebihi batas seharusnya. ekosistem mulai rusak sedikit sedikit manusia bumi menanggung akibatnya. pentingnya daur ulang menjaga lingkungan. recyclemexwastechange,False,False,True,False,True,False,False,False,True,False,True,False
1056,tinggal pelarangan export bahan mentah plastik pet daur ulang ln pertumbuhan investasi industri daur ulang seluruh wilayah nusantara tumbuh jawa timur banten.. bagaimana mau bersih indonesia nilai ekonomisnya habis transportasi?,True,False,False,True,False,False,True,False,False,True,False,False
1445,kemben berbahan daur ulang plastik kemasan makanan minuman size m,False,True,False,False,True,False,False,True,False,False,False,True
1514,yok mulai utk mmbiasakan r.. reused reduce recycle terus semngat menjadi org baik dalm mngelolah sampah.. noted..postingan bermanfaat utk org banyak dg senang hati endorse..firefirefirefolded handsfolded handsfolded handsfolded hands,False,False,True,False,True,False,False,False,True,False,True,False
1712,"sampah sedotan plastik sebanyak kumpulkan disepanjang meter pantai bahari polewali. plastik berwarna hitam, termasuk sedotan, sulit didaur ulang warnanya menyerap cahaya terdeteksi baik mesin pemilah fasilitas daur ulang. membuatnya lebih mungkin berakhir tempat pembuangan sampah lautan. sedotan hitam biasanya dibuat plastik daur ulang diwarnai ulang. pewarna hitam sering digunakan menyamarkan ketidaksempurnaan plastik diolah ulang. sedotan plastik lainnya, sedotan hitam membutuhkan waktu ratusan tahun terurai. dikelola benar, benda mencemari ekosistem laut membahayakan makhluk hidup. mengurangi penggunaan sedotan sekali pakai, termasuk berwarna hitam, langkah bijak menjaga kesehatan lingkungan. lautbiruindonesia lautbukantempatsampah bijakberplastik bocahpantai",True,False,False,False,True,False,True,False,False,True,False,False
1708,sepertinya botol plastik aja daur ulang sayuran jg daur ulang rolling on the floor laughingrolling on the floor laughing alot mental mentalgrimacing facegrimacing face,False,True,False,False,False,True,False,True,False,False,True,False
592,salah satu faktor penyebabnya sistem daur ulang sampah plastik berjalan baik kesadaran masyarakat kurang membuang sampah sembarangan,True,False,False,True,False,False,True,False,False,True,False,False
1746,bupati sleman terpilih harda kiswaya mengapresiasi inovasi daur ulang sampah plastik dilakukan pelaku usaha muda kabupaten sleman. inovasi diusung paste laboratory perusahaan didirikan anak-anak muda sleman sangat menginspirasi memberikan harapan besar,False,False,True,False,True,False,False,False,True,False,False,True
1875,mau gimana lagi.. psi udah level sampah daur ulang folded hands,False,True,False,False,True,False,False,True,False,False,True,False
258,gubernur bali wayan koster menunjukkan komitmen serius menuntaskan persoalan sampah pulau dewata. berbagai instrumen kebijakan langkah nyata disiapkan bagian strategi langkah besar membebaskan bali sampah khususnya sampah plastik. wayan koster,False,False,True,False,True,False,False,True,False,False,True,False
791,berarti mengurangi sampah lebih ramah lingkungan ya? perlu dipertimbangkan manajemen sampah kota/negara lain. kalo daur ulang plastik difasilitasi baik bagus. kalo sampahnya cuma ditumpuk aja lebih baik dikurangin. (/),True,False,False,False,True,False,True,False,False,False,True,False
330,ecobrick merupakan salah satu solusi efektif mengurangi limbah plastik. mendaur ulang sampah plastik menjadi ecobrick membantu mengurangi plastik menimbulkan dampak negatif lingkungan memanfaatkan ecobrick menjadi barang,False,True,False,False,True,False,False,False,True,False,False,True
445,oot botol aqua life tuh udah % terbuat pet daur ulang loh btw,False,True,False,False,False,True,False,True,False,False,False,True
1857,daur ulang sampah politik face with hand over mouth,False,True,False,False,True,False,True,False,False,False,True,False
1592,"tutotial setor hasil karya plastik kresek. bunga snapdragon ala grinning face with smiling eyes snapdragon rasa sedap malam face with tears of joyface with tears of joy sempurna lega karna akhirnya selesai pesanan kali ini. mohon krisannya temen smiling face with smiling eyes buat yg mau tau cara bikinnya,tutorialnya disini backhand index pointing down light skin tonebackhand index pointing down light skin tonebackhand index pointing down light skin tone jangan lupa tonton tutorial membuat bunga krisan ala grimacing face terimakasih smiling face with open hands",False,True,False,False,True,False,False,True,False,False,False,True
836,sampah plastik daur ulang dimanfaatkan. memiliki nilai ekonomis. rendah,False,True,False,False,False,True,True,False,False,False,False,True
802,alif r kenal gua limbah plastik minta daur ulang.,False,True,False,False,True,False,False,False,True,False,True,False
1748,indonesia kehilangan % gdp tahun akibat dampak polusi plastik. bukan cuma soal lingkungan urusan ekonomi kesejahteraan kita! konferensi inc berikutnya indonesia lebih tegas mendorong pembatasan produksi plastik bukan daur ulang,True,False,False,True,False,False,False,True,False,True,False,False
1418,daur ulang plastik fyp daurulangplastik,False,True,False,False,True,False,False,True,False,False,False,True
1205,"manusia dikembalikan manusia alam, bedanya alam baik, cara mengembalikan sampah plastik yg d daur ulang, manfaatkan cara jual pengepul rongsokan, gmna gak baiknya alam coba kalian pikir, alam aja sayang kalian",False,True,False,False,True,False,False,True,False,False,False,True
1503,dibutuhkan !! pet vacum bn bm bekuan pet putih bm gilingan pet botol bn bm bahan / giling gpp diupayakan lebel kertas & plastik / material pet. telp/whatsapp,False,True,False,False,False,True,False,False,True,False,False,True
1512,plastik daur ulang jangkauanluas semuaorang reelsfyp,False,True,False,False,False,True,False,False,True,False,False,True
87,adb tanda tangani pinjaman biru $ juta alba group utk membangun fasilitas daur ulang botol minuman polietilena tereftalat (pet) kendal jawa tengah kurangi limbah plastik laut indonesia. klik utk info lebih lengkap,True,False,False,False,False,True,False,True,False,False,False,True
1407,"tempat daur ulang sampah plastik terbesar asia tenggara! recycling symbol kerennya, pabrik olah plastik udah kotor susah didaur ulang. semuanya bakal jadi botol plastik baru OK hand light skin tonehundred points pt eterna persada indonesia by pan era group!",False,False,True,False,False,True,False,False,True,False,False,True
973,niat daur ulang mulia sayangnya % sampah plastik dunia terdaur ulang. artinya perubahan level berskala besar.,True,False,False,True,False,False,True,False,False,True,False,False
1485,sampah plastik daur ulang bestie asalkan mau ngumpulinya,True,False,False,True,False,False,True,False,False,True,False,False
781,salah satu faktor penyebabnya sistem daur ulang sampah plastik berjalan baik,True,False,False,False,True,False,True,False,False,False,True,False
1724,pakainya beberapa efeknya berjangka panjang perlu ingat : - % sampah textile daur ulang dunia - % sampah plastik daur ulang dunia. jadi sisa sampah tak dikelola terlihat. repost: bule sampah (ig),True,False,False,False,True,False,True,False,False,True,False,False
55,kreativitas warga olah sampah plastik menjadi bbm,False,True,False,False,True,False,False,False,True,False,False,True
1509,"menjajaki# kalimantan timur, kab. penajam paser utara mau menjajaki mencoba usaha daur ulang sampah khususnya plastik. tempat belajar balikpapan salah satu pengusaha daur ulang pelastik mengatakan plastik kerasan tenggelam punya harga akhirnya ditumpukan. kalau jual jawa untungnya masalah ongkos pengiriman memakai fuso sebesar rp jt. mohon bantuan bimbingan buat keluarga besar grup rugi melakukan pengelolaan sampah plastik. terima kasih",True,False,False,True,False,False,True,False,False,True,False,False
1291,"siap santai sepanjang waktu? kursi santai plastik ijm pilihan sempurna anda! desain mudah ditumpuk mampu menahan beban hingga kg, kursi cocok segala kebutuhan, baik maupun luar ruangan. terbuat bahan plastik daur ulang berkualitas, mendapatkan kenyamanan berkontribusi lingkungan! chairsparkles jangan tunggu lagi! klik link bio checkout sekarang e-commerce ijm! perabotanrumah perabotanterjangkau perabotanplastik ramahlingkungan plastikdaurulang perabotanaman perabotanberkualitas rumahminimalis dekorasirumah interiorrumah rumahsehat pilihanhemat furniturerumah perabotrumahmodern ecofriendly produkdaurulang rumahnyaman rumahtangga solusirumah plastikaman desainrumah kebutuhanrumah rumahramahlingkungan furnitureminimalis belanjahemat",False,True,False,False,True,False,False,False,True,False,False,True
1826,per last news buang tps sih mungkin jadi saran utk grup kerja sama dgn perusahaan yg daur ulang plastik. toko mainan aja udh mulai kek gini (mainan yg udh ga dipake/rusak dicollect &gt; didaur ulang &gt; jadi barang fungsional).,False,True,False,False,True,False,False,False,True,False,True,False
1823,daur ulang plastik mengurangi limbah. bripeduli worldcleanupday briliandancemerlang qrislink,False,True,False,False,True,False,False,False,True,False,True,False
1249,proses daur ulang sampah plastik menjadi pipa paralon fyp reels fbpro viral trending amazing tutorial tipstrik idekreatif idecerdas idejenius teknik teknologi daurulangsampahplastik sampahplastikjadipipa pabrik produksi working tools foryou jangkauanluas,False,False,True,False,True,False,False,False,True,False,False,True
115,hari lingkungan hidup bank syaria indonesia berkolabolasi plasticplay menempatkan mesin daur ulang sampah plastik kota bogor upaya mengurangi sampah plastik. id balisustainablemovement,False,False,True,False,True,False,False,True,False,False,True,False
639,daur ulang sampah plastik bawah persen,True,False,False,True,False,False,True,False,False,True,False,False
991,daur ulang memperbaiki masalah plastik laut menyalahkan negara wilayah bumi bagian selatan praktik pengelolaan limbah buruk mereproduksi kebiasaan kolonial memindahkan masalah orang menyalahkan korban.,True,False,False,True,False,False,True,False,False,True,False,False
504,salah satu alasan sampah plastik menumpuk jumlah banyak komponennya sangat sulit terurai. semakin kecil sampah plastik semakin mudah dibuang sembarangan sulit dikumpulkan sulit masuk siklus daur ulang makanya mencemari lingkungan.,False,True,False,True,False,False,True,False,False,True,False,False
1820,renovasi sdn barusari yayasan bakti barito gunakan material daur ulang plastik,False,False,True,False,True,False,False,True,False,False,False,True
1013,sampah plastik dihasilkan sulit terdegradasi daur ulang alami butuh kepedulian banyak pihak mendapatkan solusinya. simak selengkapnya insight with hari pukul . wib,True,False,False,False,True,False,True,False,False,True,False,False
1202,proses proses daur ulang sampah gudang penggilingan plastik corner plasindo.. salam bakul rongsokan flexed biceps fyp videopanjang vod fbpro,False,True,False,False,True,False,False,False,True,False,False,True
1398,proses daur ulang sampah plastik sampahplastik daurulangplastik sampah monetisasikonten gilangreaction,False,True,False,False,False,True,False,True,False,False,False,True
593,tips &amp; trik menjaga linkungan data sustainable waste indonesia (swi) tingkat daur ulang sampah plastik indonesia kurang % -%. padahal indonesia merupakan salah satu negara penghasil sampah plastik terbesar dunia. per hari nya,True,False,False,True,False,False,False,True,False,True,False,False
772,cerita daur ulang baru step giling biji plastik butuh modal jt utk rakit mesin. begimana peleburan. separasi ukuran warna. pernah modal jt. etdah. sampah ni tweet. bubar bubar. jadi kuda.,False,True,False,True,False,False,True,False,False,True,False,False
17,ecobricks solusi cerdas olah sampah plastik,False,True,False,False,True,False,False,False,True,False,False,True
1046,sayangnya target tersebut tak diiringi dukungan kebijakan pemerintah. asosiasi daur ulang plastik indonesia (adupi) mengeluhkan sikap pemerintah mendorong insentif maupun kemudahan pelaku usaha.,True,False,False,True,False,False,True,False,False,True,False,False
1451,"assalamualaikum wr. wb. salam sejahtera mohon ijin admin moderator. ( ) yg beralamat sidoarjo berniat menawarkan berbagai macam mesin produksi daur ulang plastik. melayani pembuatan perbaikan mesin daur ulang plastik, : - crusher / mesin giling plastik - extruder / mesin pelet plastik - mesin tali rafia - straw / mesin sedotan - conveyor - centrifugal / pengering - mesin gulung rafia kiloan utk informasi lebih lanjut, telephone : wassap : terimakasih atas waktunya. wassalamualaikum wr. wb bengkelbubut bengkelbubutsurabaya recycling plasticrecycling daurulangplastik crusher plasticcrusher mesingilingplastik extruder plasticextruder mesinpeletplastik mesintalirafia mesinsedotan",False,False,True,False,True,False,False,False,True,False,True,False
716,naa pas pertama kali liat iklannya kepikiran gini juga. iya sih airnya lebih terjamin bersih krn galonnya baru terus kan nambahin sampah plastik :') aku gak yakin sama daur ulang plastik sini,False,True,False,True,False,False,True,False,False,True,False,False
288,kemanapun pergi selalu bawa botol minum sendiri matikan listrik keluar ruangan kurangi penggunaan ac nanem pohon pekarangan rumah membuat pupuk sampah organik daur ulang plastik bekas kha quizharibumitelkom,False,False,True,False,True,False,False,False,True,False,False,True
1011,sampah plastik ancaman paling gede makanya permenlhk dirancang mengurangi sampah melalui perbaikan manajemen daur ulang reuse dll. kok sampah malah nambah banyak ya? why?,True,False,False,True,False,False,True,False,False,True,False,False
431,galon isi ulang yg berbahan bpa dikategorikan material plastik paling sulit didaur ulang. jelas berbahaya lingkungan. galon pet paling mudah bernilai daur ulang. mudah dikelola dikumpulkan nilai ekonomi tinggi jadi disukai pengumpul sampah.,False,True,False,False,False,True,False,True,False,False,False,True
1332,yuk lihat bagaimana pengolahan sampah plastik limbah pertanian menjadi barang bernilai ekonomis. solusi jembrana penyelamatan lingkungan meningkatkan pendapatan petani. jembranakembalijaya jembranamaju,False,False,True,False,True,False,False,False,True,False,False,True
1565,"open po shopping cart rak yoyo molistar susun berat barangwhite small square kg produksi biji plastik bukan plastik daur ulang, hingga lebih kokoh mudah pecah, anti rayap, anti lembab, berbau. awas tertipu barang murah mudah pecah gampang kendur. * dimensi (pxlxt): cm x cm x cm",False,True,False,True,False,False,True,False,False,True,False,False
673,terbatas beberapa kota ketersediaan plastik daur ulang menjadi bahan dasar terbatas. menutup kemungkinan memasarkan produk aqua life lebih banyak lokasi indonesia.,True,False,False,True,False,False,True,False,False,True,False,False
31,menteri siti nurbaya ajak masyarakat olah sampah plastik jadi sumber daya ekonomi,False,True,False,False,True,False,False,False,True,False,False,True
1345,manual.. perlahan pasti.. pengolahan sampah plastik.. menciptakan lingkungan bersih/bebas sampah plastik,False,False,True,False,True,False,False,False,True,False,False,True
726,kamu daur ulang pilah kemasan plastik pakai ulang bertuliskan (pet) makan kemasan plastik tersebut diterima perusahaan daur ulang indonesia semangatsalingbantu,False,True,False,False,False,True,False,False,True,False,False,True
955,plastik sangat ramah lingkungan tdk daur ulang alam.. dukung larangan produksi berbahan plastik,True,False,False,True,False,False,True,False,False,True,False,False
1863,"dulu seorang wanita membuangku layaknya sampah laki² lebih dariku. sekarang,sampah daur ulang seorang ratu nerima seorang sampah sepertiku.",False,True,False,False,True,False,False,True,False,False,True,False
216,mnc peduli mnc sekuritas ajak anggota pkk bantar gebang olah sampah plastik mncpeduli,False,False,True,False,True,False,False,False,True,False,True,False
993,perubahan besar selalu dimulai dgn tindakan sederhana. pengendalian sampah bkn melalui kegiatan daur ulang. mengurangi timbulan sampah plastik salah satu cara u/ mengatasinya. saatnya u/ memikirkan keberlanjutan lingkungan dgn memperhatikan sampah yg dihasilkan,True,False,False,False,True,False,True,False,False,False,True,False
1168,"membuat sapu botol bekas yukk kurangi sampah plastik, daur ulang yg dimanfaatkan smiling face with smiling eyes #diysapu daurulangsampahplastik botolbekas honemade inspirasi",False,True,False,False,True,False,False,False,True,False,False,True
329,sampah plastik menjadi solusi! yuk cari tahu caranya program yok gas klbbri berkahramadan qrisbri,False,False,True,False,True,False,False,True,False,False,True,False
564,ignorant banget lo anjing yg jelek tu regulasi sistem daur ulang plastik sampah indonesia. yg lu kata katain umkm. hadeh,True,False,False,False,True,False,True,False,False,False,True,False
1387,pengolahan sampah plastik dgn keren jadi barang yg sagt bergunathumbs upflexed biceps,False,True,False,False,True,False,False,False,True,False,False,True
1090,sedikit info. gelas plastik daur ulang. campuran bahan produk plastik lain. ngak daur ulang jadi gelas amdk lagi.,True,False,False,False,False,True,False,False,True,False,False,True
847,emang dilakuin?,False,True,False,False,True,False,True,False,False,False,True,False
344,plana (plastic for nature) perusahaan inovatif didirikan juan aprilliano chandra &amp; keluarganya mengatasi masalah limbah plastik sekaligus menciptakan solusi ramah lingkungan. simak perjalanan inspiratif plana lebih lengkap,False,False,True,False,True,False,False,True,False,False,True,False
149,press release : pelet plastik daur ulang indonesia mengandung bahan kimia beracun,True,False,False,True,False,False,False,True,False,True,False,False
1576,pesanan org pembuatan baju daur ulang plastik utk agustus.tp siap.,True,False,False,False,True,False,True,False,False,False,True,False
353,mending riset bikin avtur sampahx plastik cobaa..kan dapet solusi buat masalah..ya kan kan ?,False,False,True,False,True,False,False,False,True,False,True,False
1111,tahun sampah plastik didaur ulang cuma % total yg dihasilkan. % dibakar buat energi sisanya masuk landfill semua. iya yg diekspor diolah us dimasukin kategori daur ulang. jadi yg murni didaur ulang sedikit.,True,False,False,True,False,False,True,False,False,True,False,False
852,dorongan botol gelas plastik diperbesar (size up) mudah dikelola tercecer gampang didaur ulang mengemuka. produk danone aqua marketnya paling banyak daur ulangnya paling rendah. cc,False,False,True,True,False,False,True,False,False,True,False,False
970,narasi yg buat produsen galon bpa pengalihan jelas galon pet kode daur ulang mudah daur ulang jadi primadonanya industri daur ulang. beda cerita dngn kemasan kecil sampah plastik aqua gelas yg gak laku tambah galon pc perkode yg daur ulang,False,True,False,False,False,True,True,False,False,True,False,False
1076,sekilo sampah plastik dihargai ribu rupiah lebih sedikit. sampah lalu diurai menjadi biji plastik. konon daur-ulang,False,True,False,False,False,True,False,False,True,False,False,True
570,- sedotan plastik gabisa daur ulang - memang cup plastik lebih besar cup plastik lebih mudah daur ulang - at least udah mulai ngelakuin baik buat lingkungan bukannya jelek-jelekin sebuah kebaikan askmenfess,False,True,False,False,True,False,False,True,False,False,True,False
157,pertama indonesia bank mandiri terbitkan kartu debit e-money berbahan plastik daur ulang bankmandiri emoney,False,False,True,False,True,False,False,True,False,False,False,True
762,prospek industri daur ulang plastik indonesia tahun depan diperkirakan bakal makin suram lantaran dampak perang dagang mereda.,True,False,False,False,True,False,True,False,False,False,True,False
661,berfikir ga sih sampah banyak berserakan terutama sampah plastik.. karna : . tempat sampah sangat terbatas . pemakaian sampah plastik non daur ulang banyak bgt . budaya - diubah kesadaran aturan . peraturan yg kurang ditegakkan.,True,False,False,True,False,False,True,False,False,True,False,False
1006,daur ulang bukanlah satu-satunya solusi ditawarkan mengingat % sampah plastik berhasil daur ulang seluruh dunia. dilakukan pembatasan penggunaan plastik sendiri.,True,False,False,True,False,False,True,False,False,True,False,False
1368,proses pengolahan sampah plastik semua orang reel,False,True,False,False,True,False,False,False,True,False,True,False
613,kurang percaya si sm yg masalah makanin jin ditempelin setan tp lebih kasian sama tukang angkut sampah pemulung. kadang tu kl plastik item dibuka buat cek isinya barang yg daur ulang apa ngga. kl pas buka isinya darah haid kan jahat :(,False,True,False,True,False,False,True,False,False,True,False,False
178,its/ random thought ga uang kertas sini jadinya make bahan jenis plastik kayak luar negeri? make plastik daur ulang yg kebuang gitu.. sekalian olah sampah plastik..,False,False,True,False,True,False,False,True,False,False,True,False
987,tingkat daur ulang sampah plastik indonesia persen,True,False,False,True,False,False,True,False,False,True,False,False
1528,"info: yg mempunyai limbah plastik,kardus,kertas dll. sertakan lokasi no hp.nanti admin hubngi secepat ny.. .lagi butuh limbah kardus sebanyak..pembayaran cash gudang kami. .butuh limbah plastik pe,hd,pp pembayaran cash gudang kami. .butuh kones benang warna warni.pembayaran cash gudang kami. yg inbox balas smua ya.maaf telat balas ny..karna kesibukan admin lapangan.thx oia nantikan no hp admin gampang komunikasi. salam",False,True,False,False,False,True,False,False,True,False,False,True
536,rekaman pabrik kertas jawa timur. bongkahan kertas bekas impor didaur ulang mengandung sampah plastik (selundupan). kadang %.,True,False,False,True,False,False,True,False,False,True,False,False
1207,"pabrik daur ulang sampah plastik baguna berlokasi kecamatan damar, diresmikan langsung anggota dpr ri rudianto tjen, sabtu (//). kedatangan rudianto tjen didampingi ketua dpc pdip belitung timur, fezzi uktolseja anggota dprd provinsi nata sumitra bersama rombongan disambut langsung ketua baguna dpc pdip belitung timur kamarudin muten. “ide pabrik sangat luar biasa. kalau melihat sampah kan pengganggu kehidupan kita, nah sampah plastik diolah memberi nilai tambah ekonomi masyarakat,” ujarnya wartawan. menilai, dibelinya sampah plastik pabrik daur ulang sampah plastik baguna senilainya rp perkilogram. “tentunya harapkan menggerkan ekonomi rakyat, belitung timur seluruh pulau belitung bangka belitung umumnya,” ujarnya. menyampaikan, adanya ide pabrik sampah plastik nantinya, dibicarakan ditingkat pusat. berpikiran, bila dibuat pabrik daur ulang sampah plastik disetiap dpc se indonesia, tentunya luar biasa menambah nilai ekonomi masyarakat. pdiperjuangan bangunlahjiwadanbadannya tahunpdiperjuangan",False,False,True,False,True,False,False,True,False,False,False,True
914,daur ulang? sayangnya daur ulang bukanlah solusi utama pengurangan sampah plastik. kebanyakan plastik dibiarkan mencemari lingkungan bahkan termakan satwa laut. pantangplastik breakfreefromplastic,True,False,False,False,True,False,True,False,False,False,True,False
1031,kebijakan sama dgn larangan kantong plastik kresek malah sampah kantong daur ulang nyampah &amp; utk bungkus sampah hrs beli plastik lg pdhl kantong plastik minimarket bs dipake utk kantong sampah sbnrnya solusinya perusahaan dipaksa bangun pabrik daur ulang!,True,False,False,False,False,True,True,False,False,False,False,True
1606,proses pembuatan revolving hearts busana daur ulang revolving hearts kantongan plastik rampung semuax berkarya :smiling face with heart-eyes::smiling face with heart-eyes::smiling face with heart-eyes: untuk.acara expo fashion busana tanggal -- karya stokis imogen parepare,False,True,False,False,True,False,False,False,True,False,False,True
1788,badan riset inovasi nasional brin mengembangkan teknologi radiasi nuklir mengolah daur ulang limbah plastik menjadi bahan komposit plastik kayu. humaniora adadikompas,False,False,True,False,True,False,False,False,True,False,False,True
744,negara maju punya solusi berkelanjutan daur ulang limbah plastik terkontaminasi,True,False,False,False,True,False,True,False,False,False,True,False
879,nah bener dosen aku jg ga setuju sm galon sekali pakai soalnya daur ulang kaya gini jd bijih plastik aja alatnya msh jarang bgt indo jangankan gitu bank sampah aja ga semua org tau jd asal aja buang ga dimanfaatin lg gedeg bgt,True,False,False,True,False,False,True,False,False,True,False,False
270,impor sampah plastik membawa risiko besar. meskipun diklaim dipilah sampah mengandung bahan berbahaya. headline,False,True,False,True,False,False,False,True,False,True,False,False
942,mitos daur ulang sampah plastik: gerakan membantu lingkungan,True,False,False,False,True,False,True,False,False,True,False,False
442,aneh banget ya? bahan baku sampah plastik pet kurang indonesia padahal sungai mana-mana sampah plastik bertumpuk kok gagal daur ulang?,True,False,False,True,False,False,False,True,False,True,False,False
1556,"kesempatan terbatas! miliki mesin giling plastik harga terjangkau! cari solusi meningkatkan efisiensi daur ulang plastik? mesin giling plastik pilihan terbaik berbagai kebutuhan industri pengolahan limbah! dirancang menghancurkan berbagai jenis plastik efisien aman, mesin siap membantu menjaga lingkungan sekaligus meningkatkan produktivitas. keunggulan produk: . kapasitas giling besar konsisten . struktur kokoh tahan lama . pengoperasian mudah aman . garansi bulan opsi kustomisasi warna nikmati harga spesial bulan ini! hubungi sekarang info lebih lanjut konsultasi gratis telephone --. daur ulang jadi lebih mudah mesin giling plastik – solusi efektif hasil kerja berkualitas tinggi!",False,False,True,False,False,True,False,False,True,False,False,True
349,menghargai sampah plastik dikumpulkan menjadi salah satu pilihan solusi mendorong minat masyarakat pilah-pilih sampah plastik.,False,False,True,False,True,False,False,True,False,False,False,True
577,jelek ameet dah lo pake plastik daur ulang berarti hahart : lu pake kantong kresek haha rt : ha ..,False,True,False,True,False,False,False,True,False,True,False,False
1548,kaya begini kasihan sampah plastik daur ulang.. bukan djadikan beras rolling on the floor laughingrolling on the floor laughing,True,False,False,True,False,False,True,False,False,True,False,False
1778,tahun - juta ton sampah plastik mencemari lautan. simak fasilitas daur ulang botol plastik pet kendal didukung pinjaman biru adb bersama pt alba tridi plastics recycling indonesia video terbaru kami: adbindonesia,True,False,False,False,False,True,False,True,False,False,False,True
388,sampah galon sekali pakai jadi incaran industri daur ulang. sejak mengunakan galon sekali pakai jadi tahu ternyata galon pet idola industri daur ulang pantesan jenis plastik pet banyak dicari pemulung punya nilai cukup tinggi.,False,True,False,False,False,True,False,True,False,False,False,True
1830,penting melakukan uji laboratorium kandungan air tercemar termasuk air kolam ipal pabrik daur ulang plastik.,True,False,False,False,True,False,True,False,False,False,True,False
1929,wih udah makin canggih nih buat daur ulang sampah,False,False,True,False,True,False,False,False,True,False,True,False
245,brin pemkot semarang olah sampah plastik jadi bbm,False,True,False,False,True,False,False,True,False,False,False,True
1719,saatnya sutainable kalcer. pakai produk bukan cuma gaya fungsional mendukung gerakan keberlanjutan melalui daur ulang sampah plastik. waveit - urban icon visi menciptakan lautan bebasplastik kaya keaneka ragaman hayati mengubah siklus,False,False,True,False,True,False,False,True,False,False,False,True
940,teknologi daur ulang sampah medis berbahan plastik metode rekristalisasi tengah dikembangkan. metode dinilai mudah membutuhkan energi tinggi. kesehatan adadikompas,True,False,False,False,True,False,True,False,False,True,False,False
7,ternyata mayoritas sampah bantargebang sampah plastic sisa makanan lhoo. makanya kurangi penggunaan barang plastik &amp; olah sampah organic menjadi lebih berguna. misalnya kompos eco enzyme. gunungan sampah bantargebang berkurang.,False,True,False,True,False,False,False,True,False,True,False,False
315,berapa lama sampah plastik terurai alam buku bacaan anak memiliki tema lingkungan hidup mengikuti workshop karya daur ulang sampah plastik teladan perilaku keseharian,False,False,True,False,True,False,False,False,True,False,False,True
1463,"jual bunga daur ulang plastik,ada macam bunga mawar,anggrek,tulip,dll terima pesanan yg mau request warna jenis bunga,hrga mulai rb rbuan,yg sdh pake guci harga k.info lbih lanjut wa",False,True,False,False,True,False,False,False,True,False,False,True
954,alan marty kepala peneliti carbios perusahaan daur ulang plastik perancis mengatakan masa depan plastik tergantung daur ulang semata. terobosan menguraikan plastik menggunakan enzim. adadikompas harilingkunganhidupsedunia,True,False,False,False,True,False,True,False,False,False,True,False
1756,baznas ri bersama pt gateway container line mall aeon plasticpay hadirkan rvm daur ulang plastik,False,False,True,False,False,True,False,True,False,False,False,True
1336,"mesin pirolisis pengolahan bbm sejenis solar premium sampah plastik , berminat menghubungi",False,True,False,False,True,False,False,True,False,False,False,True
972,halo sobat bc pontianak ketahui sampah plastik menimbulkan banyak efek negatif lingkungan. kantong plastik merupakan bahan diminati daur ulang plastik banyak,True,False,False,False,True,False,True,False,False,False,True,False
1458,ide daur ulang terbaik - cara terbaik mendaur ulang ban plastik fire:smiling face with heart-eyes:,False,True,False,False,False,True,False,False,True,False,False,True
664,unpopular opinion: gausah esktrim batasin plastik. plastik limbah yg didaur ulang selama layak. industri banyak yg bergantung sama daur ulang plastik. pemulung aja jtan sini yg jadi ujung tombak pabrik. bukan berarti pake seenaknya juga.,False,False,True,False,True,False,False,False,True,False,True,False
939,kenali arti kode plastik segi penggunaan keamanan daur ulang potensi bahayanya apabila tepat digunakan.,False,False,True,False,False,True,False,False,True,False,False,True
373,timmarves menko marves luhut b. pandjaitan meresmikan fasilitas daur ulang botol plastik (pet) bekasi jawa barat (/). pemerintah berkomitmen mengurangi sampah plastik laut sebesar persen upaya mengatasi persoalan polusi plastik.,False,False,True,False,False,True,False,True,False,False,False,True
570,- sedotan plastik gabisa daur ulang - memang cup plastik lebih besar cup plastik lebih mudah daur ulang - at least udah mulai ngelakuin baik buat lingkungan bukannya jelek-jelekin sebuah kebaikan askmenfess,False,True,False,False,True,False,False,True,False,False,True,False
1028,bahan eco fabric plastik daur ulang menegaskan komitmen macron sociedad lingkungan. jersey baru bukan soal penampilan perwujudan komitmen klub masa depan lebih hijau. thefootballicious realsociedad,False,False,True,False,True,False,False,False,True,False,True,False
828,penggiling banyak yg merugi merusak rantai daur ulang plastik. kesadaran berbisnis kebaikan win solution rendah,True,False,False,True,False,False,True,False,False,True,False,False
986,lampu gantung vintergata desain bentuk warna menarik memberikan kesan mewah ruang makan minimalis kamu. vintergata terbuat plastik daur ulang menyebarkan cahaya memberikan ruang makan kamu suasana penuh kehangatan.,False,True,False,False,False,True,False,True,False,False,False,True
795,pemilahan sampah indonesia terbatas dilakukan profesional. diperlukan segenap pihak bahu membahu membangun manajemen daur ulang plastik berdaya meminimalisir pencemaran.,False,False,True,False,True,False,True,False,False,False,True,False
424,asian development bank (adb) didampingi perwakilan kementerian keuangan ri melakukan kunjungan pabrik daur ulang limbah plastik pet kendal.,False,False,True,False,True,False,False,True,False,False,True,False
581,sampah plastik daur ulang daur ulangnya jelek &amp; beres yg salahkan siapa? yg duit siapa ? yg peras siapa? otaknya penuh hepeng. bilang aja broker pengen duit lagi.,True,False,False,True,False,False,True,False,False,True,False,False
1615,"pet ( polyethylene terephthalate) plastik digunakan membuat wadah paling umum pasar minuman ringan ini, botol plastik. kode tulisan pet/pete berarti kemasan plastik tersebut terbuat polyethylene terephthalate. kemasan tahan panas mudah pecah. kemasan pet menjadi primadona industri daur ulang. bukan berarti penangan pet mudah, rata-rata sampah terpilah jadi dipilah dulu, desain kemasan banyak beredar sulit jenis botol langsung didaur ulang, melalui proses lepas tutup lepas label terlebih dahulu. redesign kemasan salah satu solusi mempercepat proses daur ulang pet menghindari label multilayer . upaya mengurangi sampah solusi terbaik, ga nyampah . yuuk kurangi sampahmu! kalau ga nyampah jangan nyampah - wilda yanti-",True,False,False,True,False,False,True,False,False,True,False,False
817,pagi tadi mendampingi ketum adupi christine halim diwawancarai metro tv terkait pemanfaatan sampah plastik melalui proses daur ulang. host-nya wahyu wiwoho lama sembuh covid-.,False,True,False,False,False,True,False,False,True,False,False,True
1434,tas keranjang daur ulang gelas plastik bekas menjadi sebuah kerajinan tangan smiling face with halo .keterbatasan bukan jadi penghalang berkarya :smiling face with heart-eyes:fbpro pengikut,False,True,False,False,False,True,False,False,True,False,False,True
782,cek jenis material penanganannya sampah plastik kaca logam kertas (belum termasuk popok bekas pakai) kamu daur ulang kamu kirimkan bijakkelolasampah yuk!,False,True,False,False,False,True,False,False,True,False,False,True
1324,pengolahan sampah plastik bagian opening beaming face with smiling eyesred heart semangat anak muda kub st. fransiskus red heart teruslah menjadi anak kreatif selalu belajar baru. fyp sorotan pengolahansampahplastik,False,False,True,False,True,False,False,False,True,False,False,True
1752,aqua jadi pelopor ekonomi sirkular indonesia perkuat teknologi daur ulang sampah plastik,False,False,True,False,False,True,False,False,True,False,False,True
1655,"[//]* sebanyak potong sampah botol plastik, gelas cup kaleng ditemukan jalan. akibat kurangnya edukasi pentingnya daur ulang. daur ulang material sampah langkah selanjutnya dilakukan pola hidup rendah sampah dilakukan.",True,False,False,True,False,False,True,False,False,True,False,False
1056,tinggal pelarangan export bahan mentah plastik pet daur ulang ln pertumbuhan investasi industri daur ulang seluruh wilayah nusantara tumbuh jawa timur banten.. bagaimana mau bersih indonesia nilai ekonomisnya habis transportasi?,True,False,False,True,False,False,True,False,False,True,False,False
893,menjadi entrepreneur usia tahun diberhentikan pekerjaan sebelumnya usia tahun mematahkan semangat paul tasner memulai bisnis daur ulang plastik mengubah sampah menjadi kemasan ramah lingkungan.,False,False,True,False,True,False,False,False,True,False,True,False
1017,persen sampah plastik indonesia didaur ulang. humaniora adadikompas,True,False,False,True,False,False,True,False,False,True,False,False
1405,daur ulang botol bekas daurulangplastik #bijiplastik reelsfiral,False,True,False,False,False,True,False,True,False,False,False,True
1667,"[video] mengatasi limbah plastik 'beras' penggunaan sedotan plastik indonesia mencapai lebih juta batang per hari. sisi lain, pelaku daur ulang tertarik limbah sedotan plastik nilainya rendah proses daur ulang sulit. korea selatan, upaya menanggulangi sedotan plastik menciptakan sedotan beras. bisakah jadi alternatif?",True,False,False,False,True,False,True,False,False,True,False,False
720,padahal banyak potensi cuan dihasilkan dri daur ulang sampah jadi pengembangan ekonomi sirkular. tingkat daur ulang sampah plastik indonesia rendah,True,False,False,False,True,False,True,False,False,False,True,False
424,asian development bank (adb) didampingi perwakilan kementerian keuangan ri melakukan kunjungan pabrik daur ulang limbah plastik pet kendal.,False,False,True,False,True,False,False,True,False,False,True,False
128,tim peneliti universitas ilmu pengetahuan teknologi tiongkok menemukan proses daur ulang plastik polietilena satu lima jenis plastik paling umum bersifat sangat stabil mudah terurai. sumber:,False,False,True,False,True,False,False,True,False,False,False,True
891,pelajaran ambil . daur ulang sampah plastik diurai kurun waktu singkat . hemat biaya memakai alat bahan seadanya . mengisi waktu luang kegabutan . bahagia sederhana,True,False,False,True,False,False,True,False,False,True,False,False
958,selama beberapa dekade berfokus usaha meningkatkan daur ulang bukti bertambah menunjukkan daur ulang cukup menyelesaikan permasalahan sampah plastik.,True,False,False,False,True,False,True,False,False,False,True,False
1351,"sosialisasi pengolahan sampah plastik negeri mahu, saparua timur, bersama-sama masyarakat pemerintah. gogreen",False,False,True,False,True,False,False,False,True,False,True,False
1011,sampah plastik ancaman paling gede makanya permenlhk dirancang mengurangi sampah melalui perbaikan manajemen daur ulang reuse dll. kok sampah malah nambah banyak ya? why?,True,False,False,True,False,False,True,False,False,True,False,False
358,ecobrick solusi mahasiswa kkn uinsa atasi masalah sampah plastik pantai bimo banyuwangi,False,True,False,False,True,False,False,False,True,False,False,True
1007,gerakan eco-friendly sedang menjamur kalangan masyarakat. tak membeli membuat sendiri pouch plastik bekas. berikut selengkapnya. haribumi,False,True,False,False,True,False,False,False,True,False,False,True
1487,"tetap daur ulang sampah plastik kirya tas, dompet kotak pensil mero recycle",False,True,False,False,True,False,False,False,True,False,False,True
686,% sampah plastik digunakan bahan baku industri daur ulang negeri % jadi lebih setengahnya. lebih setengahnya impor,True,False,False,True,False,False,True,False,False,True,False,False
831,rakyat ekonomi rendah menjaga alam terkecil *ga buang sampah sembarangan* biasakan daur ulang menggunakan kurangi konsumsi plastik kertas air listrik apapun berlebihan,False,False,True,False,False,True,False,False,True,False,False,True
1717,halo sahabat yuk tonton video berikut melihat komitmen danone-aqua pro-aktif terlibat pengelolaan sampah plastik indonesia. danone-aqua berinisiatif melakukan pengumpulan daur ulang botol plastik melalui unit bisnis daur ulang (recycling,False,True,False,False,False,True,False,False,True,False,False,True
988,bisnis . kisah sukses pedagang kue kering natal tahun baru . dipecat kantor orang akhirnya sukses membuka usaha daur ulang plastik. . bermodal batok kelapa orang akhirnya kaya mendadak kuissmartbisnis kuy ah sae ajax,False,False,True,False,True,False,False,False,True,False,True,False
1237,karya seni daur ulang menggunakan sampah plastik menjadi gaun cantik ala putri smiling face with hearts reels fyp pengikut jangkauan daurulangsampahplastik fbpro,False,True,False,False,True,False,False,True,False,False,False,True
491,endroo biar sadar ibu kalau sampah plastik sulit urai buat daur ulang begini jg sulit kan?,False,True,False,True,False,False,True,False,False,True,False,False
142,venteny &amp; plastic bank indonesia kumpulkan ribu kg plastik daur ulang plasticbankindonesia,False,False,True,False,True,False,False,True,False,False,True,False
219,wuih.. warga banjarnegara olah sampah plastik jadi bbm setara pertamina dex,False,True,False,False,True,False,False,False,True,False,False,True
1447,"halo calon pengusaha! pojok plastik punya solusi kamu mau mulai usaha ngga punya lahan luas loh! salah satu paket usaha pojok plastik ini, kamu punya bisnis daur ulang sampah plastik cukup lahan garasi halaman rumah ya! penasaran? mau tau caranya? tunggu apa lagi? let's join us! informasi lebih lanjut, kalian mengunjungi website menghubungi / ya! bisnis daurulang sampahplastik pojokplastik indonesia",False,False,True,False,True,False,False,False,True,False,True,False
1063,sangat mendukung faktanya yg begini grenwashing a.k.a pencitraan cek tkp lapangan jumlah botol sampah plastik berkurang banyak? % daur ulang berapa% produksi sampah nya aqua ngak jgn gedabrus greenwashing nya kebangetan,True,False,False,True,False,False,True,False,False,True,False,False
755,masalahnya indonesia daur ulang plastik setauku. kalo singapur semua sampah bakar ruangan karbonnya jadiin energi buat listrik. kalo indonesia sebatas numpukin gitu sih..,False,True,False,True,False,False,True,False,False,True,False,False
1604,"pekerjaan apa yg ku kerjakan cleaning service galangan kapal jalani, pt plastik daur ulang dilewati marbotot kurasakan gayss yg kujalani sangat ku syukuri tuhan baik sangat baik. proses yg ku lewati membuat ku kuat tetap semangat diriku smiling face with heartssmiling face with heartsfolded hands",False,True,False,False,True,False,False,False,True,False,True,False
1671,replika bonsai daur ulang plastik kresek folded hands,False,True,False,False,True,False,False,True,False,True,False,False
22,menteri siti nurbaya ajak masyarakat olah sampah plastik menjadi sumber daya ekonomi,False,True,False,False,True,False,False,False,True,False,False,True
715,gais kalian daur ulang kemasan plastik pakai ulang bertuliskan (pet) makan kemasan plastik tersebut diterima perusahaan daur ulang indonesia semangatsalingbantu,False,True,False,False,False,True,False,False,True,False,False,True
1161,"daur ulang sampah plastik mnjdi furniturthumbs up bersama bisaflexed biceps artinya, pemerintah mau diskusi bersama masyrkat yg memang cinta n bergelut dibidang sampah plastik, yakin..sampah plastik ditanggulagithumbs upflexed biceps",False,False,True,False,True,False,False,False,True,False,False,True
1689,"berhenti pergi bank sampah . beberapa tahun lalu, pernah menjadi nasabah bank sampah pekalongan. gak lama. beberapa bulan. awalnya rutin rajin mengelompokkan berbagai jenis sampah. rajin memilah-milah sampah berdasarkan katagori. sampah kertas, sampah kantong plastik, sampah plastik daur ulang, botol, beling dll. mengumpulkan per katagori ditabung bank sampah, membutuhkan waktu lumayan lama. sekali pergi nabung sampah, biasanya tambahan saldo - . rupiah per kunjungan. bukan nominal sedikit membuat berhenti pergi. lebih memilih memberikan sampah daur ulang dikumpulkan pemulung lewat. rasanya lebih bahagia melihat binar mata dipanggil diberitahu rumah banyak sampah daur ulang. karung lusuh besar bawa tiba-tiba penuh hitungan menit. sebagian pemulung nenek² berasal desa jauh domisili kami. hari gak mengais² sepanjang jalan mencari bekas botol air mineral. setidaknya, hari gak berlama-lama dibawah terik matahari dinginnya hujan gerimis. ucapan terimakasih gak henti² mampu menghangatkan hati. padahal ""sedekah"" sampah seberapa. sedekahsampah sampahdaurulang",False,True,False,False,False,True,True,False,False,False,False,True
875,menfess jangan disamain sm indo nder malah klw minum air mineral lebih sering pakai botol sekali pakai jarang yg pakai galon isi ulang sampah plastik daur ulang rakyatnya disiplin tau gimana milah sampah coba deh liat drama adegan ~,True,False,False,True,False,False,True,False,False,True,False,False
1166,sebuah perusahaan pengolahan daur ulang sampah plastik .. membuka peluang kerja utk bekerja belajar memahami pola pengolahan daur ulang sampah .. berminat .. silahkan hubungi no kontak tertera datang langsung alamat .. yuk kapan bekerja belajar memahami pola pengolahan daur ulang sampah plastik.,False,False,True,False,True,False,False,False,True,False,True,False
10,olah sampah plastik jadi bahan baku aspal jalan,False,True,False,False,True,False,False,True,False,False,False,True
1805,gw ngumpulin banyak plastik/kresek ga mau nrima? dulu kalau jogja anak seni mau nampung buat seni daur ulang plastik.,False,True,False,False,True,False,True,False,False,False,True,False
1748,indonesia kehilangan % gdp tahun akibat dampak polusi plastik. bukan cuma soal lingkungan urusan ekonomi kesejahteraan kita! konferensi inc berikutnya indonesia lebih tegas mendorong pembatasan produksi plastik bukan daur ulang,True,False,False,True,False,False,False,True,False,True,False,False
147,penggunaan plastik indonesia sangat memprihatikan sekali daur ulang sampah plastik dilakukan.,False,False,True,False,True,False,False,False,True,False,True,False
1319,"indonesia menghadapi masalah sampah botol plastik. pihak amdk, aqua mengungkap tantangan dihadapi soal daur ulang botol plastik air mineral.",True,False,False,True,False,False,True,False,False,True,False,False
758,keterbatasan titik pengumpulan membuat sampah daur ulang diangkut berpotensi menyumbangkan emisi karbon penggunaan galon ulang diperkirakan mengurangi timbulan sampah plastik tempat pembuangan akhir hingga ton/th,False,True,False,False,True,False,True,False,False,False,True,False
630,kemasan galon menggunakan polikarbonat memiliki kode daur ulang plastik ric nomor . infotempo bpafree,False,True,False,False,True,False,False,True,False,False,True,False
790,salah satu faktor penyebabnya sistem daur ulang sampah plastik berjalan baik kesadaran masyarakat kurang membuang sampah sembarangan,True,False,False,False,True,False,True,False,False,False,True,False
1557,"ecobrick bukan solusi sangat sedih mengetahui sebagian orang, termasuk projek p sekolah, membuat ecobrick menghasilkan banyak sampah plastik membuat lebih banyak ecobrick crying face. sahabatbasmenjar, menciptakan solusi mengatasi masalah bukan sebaliknya. ecobrick lebih tepat diaplikasikan daerah memiliki fasilitas daur ulang tempat pemrosesan akhir (tpa) pulau-pulau terluar. perlu mengingat membuat ecobrick, tahapan penting membuat ecobrick menolak plastik. menolak kantung plastik, sedotan, menghindari makanan dibungkus banyak plastik. hari semakin hari akui, plastik menjadi bagian tak terpisahkan kehidupan kita, muncul ide ecobrick. namun, sebuah ecobrick bukan alasan terus menghasilkan banyak sampah plastik. ecobrick bukan solusi permanen sampah plastik. mengurangi pemakaian plastik rumah digunakan membuat ecobrik, pertanda baik thumbs up. berto sitompul",True,False,False,True,False,False,True,False,False,True,False,False
131,bank syariah indonesia id menyediakan sebanyak unit reverse vending machine (rvm) si daur ulang botol plastik area g. balisustainablemovement,False,False,True,False,False,True,False,True,False,False,False,True
847,emang dilakuin?,False,True,False,False,True,False,True,False,False,False,True,False
326,kerenn.. bangunan sekolah sampah plastik.. solusi atasi 'banjir sampah' indonesia dimanfaatkan yg berguna,False,False,True,False,True,False,False,False,True,False,False,True
1137,bonsai daur ulang limbah plastik.. :),False,True,False,False,True,False,False,False,True,False,True,False
860,negara tingkat daur ulang sangat rendah tak pilihan mengurangi pemakaian plastik. klik:,True,False,False,True,False,False,True,False,False,True,False,False
1288,ide daur ulang tutup botol plastik red heart diy craft tutorial daurulang idekreatif barangbekas tutupbotol hiasandinding,False,True,False,False,False,True,False,False,True,False,False,True
1013,sampah plastik dihasilkan sulit terdegradasi daur ulang alami butuh kepedulian banyak pihak mendapatkan solusinya. simak selengkapnya insight with hari pukul . wib,True,False,False,False,True,False,True,False,False,True,False,False
14,immpa kenalkan ecobrick terobosan olah sampah plastik,False,False,True,False,True,False,False,True,False,False,False,True
951,penanganan sampah plastik bergantung daur ulang semata. diperlukan alternatif mengurangi sampah plastik. internasional adadikompas,True,False,False,True,False,False,True,False,False,True,False,False
217,siswa smpn batam olah sampah plastik jadi kursi ecobrick kreatif batam,False,False,True,False,True,False,False,False,True,False,False,True
1907,"program makan bergizi gratis (mbg) menyisakan sampah. perlu konsep daur ulang tepat mengatasi perkara sisa-sisa makanan itu, mengingat mbg program berkelanjutan sampahnya bakal terus diproduksi. makanbergizigratis mbg",False,False,True,False,True,False,False,False,True,False,False,True
1220,tempat daur ulang sampah plastik terbesar asia tenggara?! jerhemyowen vlogowen education fbreels reels,False,False,True,False,True,False,False,False,True,False,True,False
1186,proyek penguatan profil pelajar pancasila (p) tema kewirausahaan daur ulang sampah gelas plastik menjadi tempat tissue yg bernilai kelihatan mewah :smiling face with heart-eyes::smiling face with heart-eyes::smiling face with heart-eyes: keren sekali ibu wakakur anha kusuma nu amoorea bapak/ibu guru kira harganyanya berapa ya?? smanko p kewirausahaan daurulangsampahplastik,False,False,True,False,False,True,False,False,True,False,False,True
1973,"sobatkominfo.. sampah plastik menjadi masalah besar planet kita. namun, mengurangi dampaknya menggunakan sampah plastik bijak. daur ulang, gunakan kembali, hindari penggunaan plastik sekali pakai! sparkles yukk bijak menggunakan sampah plastik..winking face",False,False,True,False,True,False,False,False,True,False,False,True
1832,cerita bersama anak lanang hari pov: nonton video orang karnaval pakai baju daur ulang ibu pakai baju kayak gitu. daun daun plastik? namanya pakaian daur ulang. tau daur ulang gak? gak tau kasian kali gapunya baju jadi pake plastik,True,False,False,False,True,False,True,False,False,False,False,True
868,hampir semua sampah daur ulang terima duitin. contoh yg jarang orng tau duitin setau aku nerima ember jerigen plastik mie instan kertas botol kaca kaleng kotak multilayer (bekas susu) popok bayi bekas pakai sumpit kayu minyak jelantah,False,True,False,False,True,False,False,False,True,False,False,True
1663,"sampah plastik menjadi masalah dikelola baik. adanya kegiatan mencapai pembangunan rendah karbon mendukung kebijakan net zero emmision (nze). bermanfaatan lingkungan menciptakan nilai ekonomi baru. keterlibatan masyarakat program sangat penting mengingat jumlah penduduk berpotensi menghasilkan sampah plastik jumlah besar. adapun cara efektif lainnya. menjalankan bisnis daur ulang plastik. informasi lebih lanjut, kalian mengunjungi website menghubungi / ya! bisnis daurulang sampahplastik pojokplastik indonesia",False,False,True,False,False,True,False,False,True,False,False,True
519,ombak plastik sampah air mineral merk le mineral. sampah plastik yg susah didaur ulang menambah pencemaran lingkungan beban limbah sampah krn proses daur ulangnya sulit &amp; butuh wkt lama. yuk cintai bumi dg menggunakan material ramah lingkungan &amp; proses daur ulangnya mudah.,False,True,False,True,False,False,True,False,False,True,False,False
1549,plastik daur ulang recycling symbol bukan iklan rolling on the floor laughing,False,True,False,False,True,False,False,True,False,False,True,False
601,pelarangan kantong plastik sekali pakai dianggap solusi kurang tepat beberapa pihak menurunkan omzet. furec berharap pemerintah fokus memperbaiki sistem pengolahan sampah mengedukasi masyarakat&amp;mewajibkan penggunaan bahan daur ulang/bahan ldu.,True,False,False,False,False,True,True,False,False,False,False,True
197,mnc peduli mnc sekuritas dukung pkk sumur batu olah sampah plastik sindonews bukanberitabiasa .,False,True,False,False,True,False,False,False,True,False,True,False
1281,takjub banget lihat proses pembuatan jaring nyamuk biji plastik daur ulang,False,True,False,False,True,False,False,False,True,False,False,True
291,plastik daur ulang bro.. musti dijadiin pellet dulu dipake produksi produk plastik yg lain..,False,True,False,False,True,False,False,False,True,False,False,True
954,alan marty kepala peneliti carbios perusahaan daur ulang plastik perancis mengatakan masa depan plastik tergantung daur ulang semata. terobosan menguraikan plastik menggunakan enzim. adadikompas harilingkunganhidupsedunia,True,False,False,False,True,False,True,False,False,False,True,False
1811,chart unik. sekilas w tinggal bkk penggunaan plastik sini banyak banget. beli gorengan aja plastik wadah gorengan lidi ama plastik nenteng. semua all new plastic. ga plastik item daur ulang. tp kok sampah th chart kecil. gimana th kelola sampah ya?,True,False,False,True,False,False,True,False,False,True,False,False
259,juta ton sampah plastik setahun yg diproduksi manusia! gila!! image from,False,True,False,True,False,False,False,True,False,True,False,False
948,isu lingkungan sangat serius mengkhawatirkan terutama penggunaan bahan bakar daur ulang masalah plastik. kalau bumi rusak tempat baku hantam.,True,False,False,False,True,False,True,False,False,False,True,False
1124,"limbah plastik dibuat jadi action figure api unggun terakhir mau dikemanain limbah plastik berlimpah? salahsatu ide muncul membuat project mainan daur ulang superhero indonesia. nah, buat saya, superhero indonesia anak pramuka ikhlas menyumbangkan jiwa raganya menjaga keutuhan bangsa negara nilai trisatya dasa darma prilaku kehidupannya sehari-hari. kira larasati salah satu tokoh novel benteng api unggun terakhir sang saka siap menjadi pilot project daur ulang limbah plastik action figure pramuka zaman now. character d-nya jadi, tinggal berikutnya bagaimana caranya perbanyak dibagikan gratis contoh produk daur ulang limbah plastik. workinprogress daurulanglimbahplastik merchandising sayapilihbumi",False,False,True,False,True,False,False,False,True,False,False,True
976,daur ulang sama sekali cukup. % plastik diproduksi berakhir mencemari lingkungan dibakar menjadi polusi udara emisi gas beracun jadi mikroplastik tercecer,True,False,False,True,False,False,True,False,False,True,False,False
553,kakak ipar gua bikin tempat usaha daur ulang plastik modalnya dr gadein sk bank ambil m.. lancar..?? cuma bulan doank sisanya bangkrut.. mau ga mau gajinya auto d cut buat bayar utang..,True,False,False,False,True,False,True,False,False,False,True,False
158,&lt;p&gt;pt bank negara indonesia tbk (bni) menyediakan mesin otomatis mendukung layanan daur ulang botol plastik kaleng bekas acara java jazz festival jiexpo kemayoran jakarta&lt;/p&gt;,False,True,False,False,False,True,False,True,False,False,False,True
422,pembangunan fasilitas daur ulang sampah plastik merupakan bentuk komitmen mendukung konsep ekonomi berkelanjutan patut diapresiasi.,False,False,True,False,True,False,False,True,False,False,False,True
926,semua plastik didaur ulang fakta daur ulang,True,False,False,False,True,False,True,False,False,False,True,False
1494,"pabrik daur ulang plastik pt. pradha karya perkasa . budayakan membaca! informasi lebih lanjut mengenai perusahaan / cara lamar / kualifikasi klik link bio story lokerpasinfo bingung cara apply lamaran. lihat sorotan / highlight ""tutorial"" ( lihat profile ) pertanyaan umum mengenai diatas jawab melalu kolom komentar maupun direct message ikuti terus mendapatkan update lowongan kerja pt jawa timur open paid promote silahkan klik link bio lokersidoarjo infolokersidoarjo lokersidoarjoterbaru lokerpasuruan infolokerpasuruan lokerpasuruanterbaru lokermojokerto infolokermojokerto lokermojokertoterbaru lokersurabaya infolokersurabaya lokersurabayaterbaru lokermalang infolokermalang lokermalangterbaru lokerjombangterbaru eventjepang lokerjombang wibuindonesia mojokerto mojokertohits cosplayerindonesia mojokertokekinian lokergresik infolokergresik lokergresikterbaru lokerjatim lokerjawatimur",False,False,True,True,False,False,False,False,True,True,False,False
480,lestari coba sini kasib alur soal daur ulang galon pet. jangan cuma diagramnya doang. masing-masing wilayah pemasaran udah apa belom? bosen gue baca beginian. tiap ditanya jawabannya cuma suruh dijadiin pot mingkem.,True,False,False,True,False,False,True,False,False,True,False,False
1876,"berharap bkn cma reboisasi doank. tpi penanganan sampah perlu pak. jangan cuma d buang kali tpa. seengaknya sampah d daur ulang kaya negara lain, lebih bermanfaat cuan nantinya . yahh kalo ga mau kebanjiran terus.",False,False,True,False,True,False,False,False,True,False,False,True
1986,"sistemnya beda sama bank sampah indonesia. prinsip dasarnya lebih mirip “sewa botol”. kalo indo kan jual botol tuh buat ditimbang, selanjutnya dilebur jadi biji plastik/daur ulang. jadi beda besar botol, beda harganya",False,True,False,False,False,True,False,False,True,False,False,True
895,makin ngebuat bumi penuh sampah plastik daur ulang,True,False,False,False,True,False,False,True,False,False,True,False
1527,"telat posting, titip sini aja fb.. buat kenang""an kk arsya lomba fashion sow bahan daur ulang plastik dll, hari kemerdekaan merdeka merdeka merdeka..",False,True,False,False,True,False,False,False,True,False,False,True
1475,"makaasihh cintaahhface blowing a kissface blowing a kissface blowing a kiss almari merk club thumbs upthumbs upthumbs up tebaall,,bukan plastik daur ulang hand with index finger and thumb crossedhand with index finger and thumb crossed adaa dirmh yess harga g sampaii reboo woman dancingwoman dancing hari bukaa full sehariiansmiling face with heartssmiling face with heartsface blowing a kissface blowing a kiss",False,True,False,True,False,False,False,True,False,True,False,False
557,ngga semua orang ngelakuin sama. berdasarkan salah satu kota pernah aku teliti tahun sampah plastik daur ulang totalnya cuma berkisar angka -%.,True,False,False,True,False,False,False,True,False,True,False,False
1206,ecobrik daur ulang sampah plastik ecobrik gunting daurulangsampahplastik,False,True,False,False,True,False,False,True,False,False,False,True
393,novasi menarik xiaomi t warna tersebut penggunaan material bio-based pu lemon peel. material dibuat serat lemon pet daur ulang membantu mengurangi ketergantungan bahan sintetis berbasis fosil.,False,True,False,False,False,True,False,True,False,False,False,True
582,sumpah apapun bukannya renov kelas + benerin ring basket lu tau sekolah gua masang tempat duduk bentuk love tau ga sih biasanya jd spot foto ibu ibu tempat wisata trus dekor pake botol plastik maksudnya apaan anj mau cerita daur ulang mah jelek majang sampah,False,True,False,True,False,False,True,False,False,True,False,False
1674,"daur ulang kreatif: cara memanfaatkan botol bekas menjadi barang bernilai botol plastik bekas sering kali menjadi limbah mencemari lingkungan. padahal, sedikit kreativitas, botol bekas diubah menjadi barang lebih bermanfaat, pot tanaman, tempat penyimpanan, bahkan kerajinan dekoratif. artikel membahas cara-cara memanfaatkan botol bekas mudah langkah-langkah pembuatannya. tahapan memanfaatkan botol bekas . menentukan ide pemanfaatan mulai, tentukan fungsi baru botol bekas. beberapa ide kreatif meliputi: pot tanaman vertikal tempat penyimpanan alat tulis wadah sabun cair lampu hias botol plastik . mengumpulkan alat bahan persiapkan botol bekas digunakan alat pendukung seperti: gunting cutter lem tembak cat spidol dekorasi tali, kain, bahan tambahan lainnya . membersihkan menyiapkan botol cuci botol sabun menghilangkan sisa isi bau. keringkan digunakan lebih mudah diolah. . memotong membentuk sesuai kebutuhan gunakan gunting cutter memotong botol sesuai desain diinginkan. hati-hati memotong hasilnya rapi melukai tangan. . menghias menyempurnakan bentuk tambahkan warna, gambar, elemen dekoratif hasilnya lebih menarik. digunakan pot tanaman, buat lubang kecil bagian bawah drainase air. . menggunakan merawat hasil daur ulang selesai, gunakan hasil kreasi sesuai fungsinya. membuat pot tanaman, pastikan tanaman mendapatkan perawatan baik tumbuh subur. kreativitas, botol bekas menjadi sampah berubah menjadi barang bermanfaat estetis. membantu mengurangi limbah plastik, menjadi peluang usaha mencoba bisnis daur ulang. cara tips ideas",False,True,False,False,False,True,False,False,True,False,False,True
1496,"sisi lain, tingkat daur ulang sampah plastik jumlah timbulan sampah plastik sangat rendah sampah plastik menjadi persoalan besar perlindungan pelestarian lingkungan hidup. masalah sampah lebih sekedar masalah teknis merupakan menjadi cerminan perilaku masyarakat lingkungan. perubahan pengelolaan sampah dimulai kebiasaan sehari-hari dilakukan konsisten memberikan dampak besar lingkungan. cara efektif lainnya pengelolaan sampah plastik. menjalankan bisnis daur ulang plastik. informasi lebih lanjut, kalian mengunjungi website menghubungi / ya! bisnis daurulang sampahplastik pojokplastik indonesia",True,False,False,True,False,False,True,False,False,True,False,False
1960,"tahun ini, hari peduli sampah nasional (hpsn ) mengajak lebih bijak memilah sampah, mengurangi penggunaan plastik sekali pakai, mendukung daur ulang.",False,False,True,False,True,False,False,False,True,False,False,True
735,sebenernya kemasan botol pet kaya galon malah banyak pabrik daur ulang mau terima. kemasan plastik sablonan warna warni kaya gini harusnya diganti. pabrik indonesia kayanya berani olah ongkos daur ulangnya mahal lewat banyak proses,True,False,False,True,False,False,True,False,False,True,False,False
1644,"daur ulang penggunaan kertas pp nonwoven pengganti kantung plastik ternyata bukanlah solusi terbaik mengendalikan sampah plastik. sebuah diskursus tampak kajian california state university, . ternyata memproduksi (satu) ton bubur kertas (paper pulp) dibutuhkan (tiga) ton kayu. artinya? ..sama-sama berdampak negatif. plastic recycle rate indonesia ,%, us % jerman % (inaplas, ). tingkat daur ulang sampah plastik indonesia sangat rendah sebagian besar sampah didominasi kantung plastik belanja. kantung plastik belanja terlalu ringan menarik pemulung pengusaha daur ulang. mengandung %-% kalsium filler bahan konvensional lainnya menyebabkan sulit didaur ulang (rivai, ). manajemen limbah plastik menghadapi tantangan sangat kompleks. berawal dipilahnya sampah organik anorganik sejak rumah tangga. berlanjut terbatasnya sarana prasarana pengelolaan sampah. sisi teknis terdapat beragam material digunakan sulit didaur ulang. masalah penegakan hukum, adanya sanksi tegas tindakan membuang sampah sembarangan. kunci pengelolaan sampah plastik bagaimana cara meningkatkan plastic recycle rate indonesia. dimulai pemilahan khususnya plastik sejak rumah tangga didukung sarana prasarana pengelolaannya. sesuai amanah uu no./ pp /, membutuhkan komitmen semua pihak : masyarakat, perusahaan (swasta negara), ngo, pemerintah pengelolaan sampah. al akhdzu bil asbab, sekecil selemah apa pun, manusia wajib berusaha.",True,False,False,True,False,False,True,False,False,True,False,False
824,proses daur ulang sedotan plastik memerlukan biaya sedikit. nilai sedotan plastik daur ulang sangat rendah. berdasarkan bentuknya sedotan plastik sulit daur ulang.,True,False,False,True,False,False,True,False,False,True,False,False
1589,katanya fashion show daur ulang plastik pernah buat bawa belanja grinning facealias original hehe masa kecilmu bunda simpan dimemory bunda yg gak pernah hilang assalamualaikum warahmatullahi wabarokatu salam anak tk mmt muara delang,True,False,False,True,False,False,True,False,False,True,False,False
1010,hot item! . adidas ultraboost shoes fv sedang hype menampilkan warna bold eyecathing dibuat sebagian parley ocean plastic. bahan daur ulang berasal plastik-plastik ditemukan pesisir pantai.,False,False,True,False,True,False,False,True,False,False,False,True
1252,kreasi daur ulang sampah plastik tutorial bunga plastik bekas kemasan pantyliners diy craft daurulang,False,True,False,False,True,False,False,True,False,False,False,True
1928,"reboisasi masiv, pelestarian + penelitian satwa endemik. pembenahan daur ulang sampah rumah tangga plastik. udh terlalu lama terlupakann butuh dana besar mulainya.",False,True,False,True,False,False,True,False,False,True,False,False
668,kamu daur ulang pilah kemasan plastik pakai ulbsang bertuliskan (pet) makan kemasan plastik tersebut diterima perusahaan daur ulang indonesia semangatsalingbantu,False,True,False,False,False,True,False,False,True,False,False,True
844,sama (plastik sekali pakai) menjadi penyumbang terbesar kedua sampah plastik merupakan bukti tingkat kesadaran indonesia daur ulang dampak lingkungan plastik sangat rendah.,True,False,False,True,False,False,True,False,False,True,False,False
144,coca-cola indonesia luncurkan kemasan botol plastik daur ulang,False,False,True,False,False,True,False,True,False,False,False,True
172,coba kalau gini apa gak malu ? bukan prestasi yg mendunia malah sampahnya yg mendunia. pabrik daur ulang sampah hrus digalakkan ekonomi sirkular jg makin tumbuh. sampah plastik indonesia ditemukan terdampar hingga afrika,False,True,False,True,False,False,False,True,False,True,False,False
1050,. jerman semua toko jerman menyediakan kantong plastik membayar pajak daur ulang menargetkan pengurangan penggunaan tas plastik kantong plastik per orang pertahun menjadi kantong plastik .,False,False,True,False,True,False,False,False,True,False,True,False
424,asian development bank (adb) didampingi perwakilan kementerian keuangan ri melakukan kunjungan pabrik daur ulang limbah plastik pet kendal.,False,False,True,False,True,False,False,True,False,False,True,False
1665,"belajar memilah sampah session hallo hai mimin disini. you know guys?? world economics forum memprediksi produksi plastik dunia mencapai . juta ton tahun . plastik dilematis sob, disatu sisi sangat dibutuhkan kelebihannya tak tergantikan, sebut saja, murah, praktis, mudah didapatkan tahan lama. segala kelebihan ternyata dampak negatif bawa seiring penggunaannya kian tak terkendali. semua orang tahu, plastik terbuang butuh waktu sangat lama utk mengurainya kalaupun hancur sekedar jadi microplastic /butir plastik ..ngga jadi tanah. itu..tingkat daur ulang/recycle rate sampah plastik indonesia adupi tergolong rendah. berkisar ,%. lainnya jadi sampah.. hiks. disitu kadang mimin merasa sedih loudly crying face. ee trus yg bilang, kalau tahu sedih ngapain disitu min face with tears of joyface with tears of joyface with tears of joy. yuklah kelola sampah plastik . jenis ldpe ( low density polyethylene). jenis bersifat elastik. contohnya kantong kresek bungkus makanan. nah kalau bank sampah dinperkim lh, sampah kemasan sampah kantong kresek ditimbang terpisah harganya beda. to be continued salam r",True,False,False,True,False,False,True,False,False,True,False,False
1721,hi frens aku bikin kuesioner survei calon konsumen nih survei buat produk furniture plastik daur ulang. aku butuh pendapat kalian produknya lebih sesuai kebutuhan selera pasar. kalau berkenan blh banget bantu isi. terima kasih banyak!,False,False,True,False,True,False,False,False,True,False,False,True
803,jenis plastik memiliki banyak jalur daur ulang dibiarkan menumpuk terkumpul baik mengakibatkan pencemaran lingkungan nih sahabat.,False,True,False,False,True,False,True,False,False,True,False,False
1028,bahan eco fabric plastik daur ulang menegaskan komitmen macron sociedad lingkungan. jersey baru bukan soal penampilan perwujudan komitmen klub masa depan lebih hijau. thefootballicious realsociedad,False,False,True,False,True,False,False,False,True,False,True,False
619,plastik nilainya bagus buat daur ulang pet (yang biasa buat amdk) sisanya kurang. kalo isinya kebanyakan styrofoam. sungai design bikin kursi kresek hasil cleanup kali cost harga jualnya jadi mahal buanget,True,False,False,False,False,True,True,False,False,True,False,False
1322,"belajar ecobrick yuk.. !! selama banyak pengolahan sampah plastik ramah lingkungan, salah satunya membakarnya. plastik dibakar mengeluarkan molekul dioxin beracun selanjutnya dibawa hujan meracuni sumber air. russel maier, pemerhati lingkungan asal kanada memperkenalkan metode baru pengolahan sampah plastik. metode pengolahan plastik kreatif bernama ecobrick menghasilkan berbagai barang bermanfaat. contoh kursi meja hasil pemanfaatan ecobrick. ecobrick merupakan bata ramah lingkungan terbuat botol diisi sampah plastik hingga padat. pembuatan ecobrick sendiri ternyata sebentar. walaupun prosesnya terlihat sederhana, sebuah botol plastik ukuran mililiter diisi gram sampah plastik setara lembar plastik bungkus mie instan. banyak workshop dilakukan russel teman-temannya indonesia memperkenalkan masyarakat metode ecobrick in, salah satu acara memperkenalkan metode east java ecobrick expedition dimulai awal februari lalu. botol-botol hasil ecobrick sendiri dirangkai lem dibentuk menjadi kursi, meja, bahkan dimanfaatkan bahan pembuat tembok selayaknya batu bata. russel mengaku dirinya bersama teman-temannya mampu membuat rumah, taman, meja, kursi filipina metode ini. metode sendiri membantu mengurangi sampah individu, rumah tangga, masyarakat luas mengeluarkan biaya besar. mengingat cara mudah biaya terjangkau, ecobrick sangat cocok dilakukan indonesia. tahun lalu indonesia menduduki peringkat kedua dunia penghasil sampah plastik laut tiongkok. adanya metode ecobrick menjadi salah satu solusi indonesia meninggalkan “prestasi” tersebut. liat petunjuknya digambar bawah yaa photos diambil dr berbagai sumber thumbs up ecobrick pedulisampah kurangisampahplastik janganbuangsampahsembarangan banksampah caralainmencintailingkungan janganlupabahagia",False,True,False,False,False,True,False,False,True,False,False,True
298,biasanya dibakar gini sampah plastik kalaupun dibawa tpa ujungnya ditimbun dibakar. faktanya cuman % plastik dunia daur ulang. solusinya reuse stop penggunaan plastik sekali pakai.,False,True,False,True,False,False,True,False,False,True,False,False
404,coca-cola europacific partners indonesia dynapack asia resmikan pabrik daur ulang plastik pet,False,False,True,False,False,True,False,False,True,False,False,True
89,danone aqua menjadi pelopor kemasan ramah lingkungan tahun lewat aqua galon memastikan % bisnisnya sirkular. danone aqua ambil langkah besar membantu penyelesaian sampah plastik indonesia meluncurkan aqua life terbuat % plastik daur ulang.,False,False,True,False,False,True,False,False,True,False,False,True
398,jadi pakaian tshirt &amp; sepatu hasil daur ulang jg berpotensi berbahaya. blm diatur regulasi. negeri regulator keamanan pangannya malah justru cawe-cawe urusan persaingan bisnis. konsisten melawan bahaya kandungan bpa &amp; senyawa yg pet.,False,True,False,True,False,False,False,True,False,True,False,False
1079,jangan mau terkecoh slogan: daur ulang plastik solusi. it is not. daur ulang membantu cuma sedikit sekali. tuntut perubahan desain pengurangan produksi jangkauan extended producer responsibility lebih luas. plasticpollution,True,False,False,True,False,False,True,False,False,True,False,False
133,kota deltamas bersama pemkab bekasi hadirkan inovasi aspal berbahan plastik daur ulang jakarta mengadopsi konsep ekonomi sirkular indonesia memimpin solusi efektif pengelolaan limbah plast,False,False,True,False,True,False,False,False,True,False,False,True
1822,rusak akibat guncangan gempa bumi garut sdn barusari dibangun bahan hasil daur ulang plastik,False,True,False,False,True,False,False,True,False,False,False,True
1809,siswa jur pemesinan smkn jateng yg buat lurs..kombinasi ecobrick mangsute daur ulang plastik tdk terbuang percuma tanahku ttp sehat prima,False,False,True,False,True,False,False,False,True,False,False,True
211,olah sampah plastik program bersih indonesia buka . lapangan kerja,False,False,True,False,True,False,False,False,True,False,True,False
1406,"daur ulang botol plastik menjadi organizer, mengubah sampah menjadi solusi penyimpanan kreatif.",False,True,False,False,False,True,False,False,True,False,False,True
1242,tpsr sagala terpadu tahap mengubah sampah menjadi barang yg bernilai tinggi siapkan dukungan saudara-saudaraku kolomkomentarfolded hands inovasi berkembang. left arrow curving right .lake daur ulang sampah samaph plastik vod bbm serdang bedagai dolok sagala dolok masihul inovasi jangkauan sorotan,False,True,False,False,True,False,False,False,True,False,True,False
1611,"diet kantong plastik bulan menimbang sampah daur ulang cukup banyak. jadi perhatian sampah plastik botol kantong. masing-masing kantong perbulan. termasuk kantong plastik dibuang tong sampah kotor. plastik kemasan bergambar diterima pengepul sampah plastik. jumlah sampah plastik terkumpul sebanyak walaupun serumah diet kantong plastik. mobil, motor tas dilengkapi kantong belanja. kalau mau kirim makanan menggunakan kontainer plastik. termasuk simpanan makanan kulkas. jadi membayangkan, gimana nasib plastik diterima pengepul?? kalau berujung tempat pembuangan akhir jadi gunungan sampah. gimana kalo terbuang sungai terpendam tanah. perlu puluhan tahun alam mencernanya lalu bagaimana sampah masker, popok bayi, pembalut ?? ngeri membayangkannya pola hidup modern memang menghasilkan banyak sampah sulit daur ulang. semoga penemuan plastik kemasan murah cepat daur ulang. cara cepat mendaur ulang plastik. yuk makin rajin diet plastik. pasar minimarket bawa kantong sendiri. tadi pagi pasar bertemu seorang ibu bawa kontainer plastik wadah ikan ayam belanjaannya. repot lakukan. kan pingin lama tinggal bumi indah anak cucu kitabeaming face with smiling eyesbeaming face with smiling eyesbeaming face with smiling eyesbeaming face with smiling eyesbeaming face with smiling eyesbeaming face with smiling eyesbeaming face with smiling eyes bintaro",True,False,False,True,False,False,False,True,False,True,False,False
1192,"tempat daur ulang sampah plastik terbesar asia tenggara! recycling symbol kerennya, pabrik olah plastik udah kotor susah didaur ulang. semuanya bakal jadi botol plastik baru OK hand light skin tonehundred points pt eterna persada indonesia by pan era group!",False,False,True,False,False,True,False,False,True,False,False,True
728,sampah plastik menjadi masalah berbagai daerah tak terkecuali samarinda kaltim. hadirnya pabrik daur ulang diharapkan mampu memberi solusi.,False,False,True,True,False,False,True,False,False,True,False,False
1318,sampah plastik jadi limbah sampah plastik jadi gaun cuan gebrakan sangat menginspirasi datang bareng adik-adik berkebutuhan khusus menciptakan gaun indah mendulang cuan daur ulang sampah botol plastik. yuk simak video inspirasi berani berubah program kolaborasi bersama media digital beraniberubah perubahanperilaku inspirasi umkm,False,False,True,False,False,True,False,False,True,False,False,True
1166,sebuah perusahaan pengolahan daur ulang sampah plastik .. membuka peluang kerja utk bekerja belajar memahami pola pengolahan daur ulang sampah .. berminat .. silahkan hubungi no kontak tertera datang langsung alamat .. yuk kapan bekerja belajar memahami pola pengolahan daur ulang sampah plastik.,False,False,True,False,True,False,False,False,True,False,True,False
272,aneka kreasi pemanfaatan sampah anorganik berikut salah satu bentuk pemanfaatan limbah aneka jenis plastik (ada macam) salah satunya menjadi bahan pengisi bantal rumah. indonesiadaruratsampah pilahsampahdarirumah wastemanagement climatechange,False,True,False,False,False,True,False,False,True,False,False,True
486,sebuah laporan menunjukkan sampah danone aqua tahun beratnya lebih kali berat menara eiffel jelas sih krn semakin kecil sampah plastik semakin mudah dibuang sembarangan sulit dikumpulkan sulit masuk siklus daur ulang mencemari lingkungan,True,False,False,True,False,False,True,False,False,True,False,False
771,indonesia malah banyak yg tau apa sampah daur ulang. sampah basah sampah botol plastik berada ditempat yg sama. penting sekali sekolah orang tua mengajarkan penting ini.. indonesia yg lebih hijau,True,False,False,False,True,False,True,False,False,False,True,False
1376,pengolahan sampah plastik menjadi taplak meja bantal pelangi. kelas . kumer-pel seni rupa terus berproses tuhan berkati. belajarlebihbaik,False,False,True,False,True,False,False,False,True,False,False,True
507,selalu kontroversi marketing aqua suka nyeleneh udah jelas sampah plastik galonya sulit daur ulang bilang peduli lingkungan,False,True,False,True,False,False,False,True,False,True,False,False
921,beauty packed in recycled bottles botol lbp dibuat plastik daur ulang mungkin membuatnya tampak % jernih. botol lbp didaur ulang lbplovers,False,True,False,False,False,True,False,True,False,False,False,True
1758,modena pure hub dukung gerakan refill &amp; daur ulang plastik cfd sudirman,False,True,False,False,True,False,False,False,True,False,True,False
1323,proses pengolahan sampah plastik menjadi bahan bangunan (paving). biasanya gess.. sekarang teman-teman..,False,True,False,False,True,False,False,True,False,False,False,True
559,cup plastik tebel gini tuh kelingkungan gimana ya?kalo dibandingkan dgn bungkus plastik jadul paper cup. lebih baik bahan mahal dipisahin pemulung -&gt; dikumpul u/ daur ulang justru lebih jelek susah terurai,False,True,False,True,False,False,True,False,False,True,False,False
962,laporan sama menyebutkan % plastik memiliki nilai memadai didaur ulang. artinya melawan monster plastik lautan daur ulang plastik cukup menekan penggunaan plastik sekali pakai. akujagalaut,True,False,False,True,False,False,True,False,False,True,False,False
591,waduhh malah war simpel c. jangan buang sampah sembarangan belajar cara daur ulang mengurangi penggunaan plastik pokoknya semua sama samaa bisaa jangan apa apa pemerintah. masyarakatnya aja kurang bebal ini.,True,False,False,True,False,False,True,False,False,True,False,False
1858,"seorang satpam jakarta jadi pelaku umkm suvenir ondel-ondel mini botol daur ulang. menjaga budaya mengurangi sampah, sungguh kebaikan sekaligus!",False,True,False,False,False,True,False,False,True,False,False,True
1036,bicara mengenai daur ulang. sampah plastik terdaur ulang jerman ternyata sebesar - persen. persennya justru dibakar sisanya di-impor luar negeri. faktanya mayoritas sampah impor jerman terdapat wilayah asia tenggara.,True,False,False,True,False,False,True,False,False,True,False,False
378,pj. bupati bekasi mendampingi menteri koordinator bidang kemaritiman investasi republik indonesia luhut binsar pandjaitan rangka peresmian pabrik daur ulang botol plastik berjenis polyethylene terephthalate (pet).,False,False,True,False,False,True,False,True,False,False,False,True
336,rebricks indonesia mengubah sampah plastik jadi bahan bangunan mendukung sdgs &amp; . tonton video solusi berkelanjutan! apindo rebricksindonesia sdgs,False,False,True,False,True,False,False,False,True,False,False,True
1242,tpsr sagala terpadu tahap mengubah sampah menjadi barang yg bernilai tinggi siapkan dukungan saudara-saudaraku kolomkomentarfolded hands inovasi berkembang. left arrow curving right .lake daur ulang sampah samaph plastik vod bbm serdang bedagai dolok sagala dolok masihul inovasi jangkauan sorotan,False,True,False,False,True,False,False,False,True,False,True,False
1645,"sahabat lestari, memperpanjang usia plastik daur ulang! daur ulang menjadi salah satu langkah bijak lakukan rumah melindungi bumi lingkungan sekitar. namun, kesadaran pentingnya rendah, nih. kira-kira kenapa, ya? geser slide informasi selengkapnya, winking face",True,False,False,False,True,False,False,False,True,False,True,False
1608,"dress bunga. dress berbahan plastik sampah polybag, bungkus softener so klin kresek pink. dress daur ulang yg buat jocelin ikut lomba kmren minggu, /' giant singosari. membuatnya sangat penuh perjuangan, waktunya mepet anak penuh jadwal ulangan. lelah otak jadi berlipat rasanya. jangan ditanya habis param*x berapa selama proses pembuatan dress tsb grinning face with sweatgrinning face with sweatgrinning face with sweat hari sabtu tgl , dress selesai, selesaikan hingga besoknya, jd selamanan tidur. jam total tidur hari face screaming in fearface screaming in fearface screaming in fear can u imagine ? betapa lelah ngantuknya hari itu, sampe nyelundupkan benang lubang jarum tangan udah oleng shg benang gak masuk lubang jarum grinning face with sweatgrinning face with sweatgrinning face with sweat meski dress gak masuk juara (cerita anehnya pengusungan juara sdh postingan sebelumnya), penting jocelin sdh berani tampil hadapan ratusan orang. jocelin selalu menjadi juara hati mama. dress mau direnovasi hingga mencapai bunga.",False,True,False,False,True,False,False,False,True,False,False,True
1122,"hallosobatliterasi pembuatan pajangan boneka plastik. berkreatifitas daur ulang limbah plastik mana plastik sendiri sampah membutuhkan waktu sangat lama terurai, sampah plastik, meskipun disebut sampah seni kreatif digunakan pemanfaatannya. salah satu bentuk memanfaatkan sampah tersebut mengenal daur ulang (recycle). kegiatan mendaur ulang sampah merupakan tindakan positif atas bentuk kepedulian lingkungan salamliterasi literasiuntukkesejateraan berkreatifitas daurulanglimbahplastik perpusnas perpustakaandesa perpustakaankiematubu afaafa",False,False,True,False,True,False,False,False,True,False,False,True
1451,"assalamualaikum wr. wb. salam sejahtera mohon ijin admin moderator. ( ) yg beralamat sidoarjo berniat menawarkan berbagai macam mesin produksi daur ulang plastik. melayani pembuatan perbaikan mesin daur ulang plastik, : - crusher / mesin giling plastik - extruder / mesin pelet plastik - mesin tali rafia - straw / mesin sedotan - conveyor - centrifugal / pengering - mesin gulung rafia kiloan utk informasi lebih lanjut, telephone : wassap : terimakasih atas waktunya. wassalamualaikum wr. wb bengkelbubut bengkelbubutsurabaya recycling plasticrecycling daurulangplastik crusher plasticcrusher mesingilingplastik extruder plasticextruder mesinpeletplastik mesintalirafia mesinsedotan",False,False,True,False,True,False,False,False,True,False,True,False
1446,busana getsemani. terbuat plastik daur ulang setrika kasut/sepatu terbuat kain levis bekas proses menjadi kasut trendi. jangkauanluas plastikdaurulang daurulangplastik reel kreasidaurulang busanadaurulang,False,True,False,False,True,False,False,False,True,False,False,True
806,ternyata sampah plastik daur ulang uk ngga diproses negeri malah dikirim asia. parah banget sekarang malaysia jadi salah satu tujuan rrt nolak ekspor sampah plastik. sepertinya indonesia terima sampah investigasi.,True,False,False,True,False,False,True,False,False,True,False,False
914,daur ulang? sayangnya daur ulang bukanlah solusi utama pengurangan sampah plastik. kebanyakan plastik dibiarkan mencemari lingkungan bahkan termakan satwa laut. pantangplastik breakfreefromplastic,True,False,False,False,True,False,True,False,False,False,True,False
780,kalau plastik kemasan.. bahan nya daur ulang kembali.. kalau plastik kresek daur ulang.. haduhh gitu aja masa gak tau sih.. sok goblok goblok nya kebangetan..,False,True,False,False,False,True,False,True,False,True,False,False
92,bank syariah indonesia (bsi) sediakan unit reverse vending machine (rvm) mesin daur ulang botol plastik area g. penempatan rvm tsb utk dukung transisi energi berkelanjutan. penempatan rvm jg utk kurangi sampah plastik balisustainablemovement,False,False,True,False,True,False,False,True,False,False,True,False
331,twit bkn nyalahin pandawara tp ditujukan pemerintah yg gamau cari solusi ttg permasalahan sampah plastik. kok umkm yg bergerak bidang pengolahan sampah (aku lupa nama umkm nya) tp sepertinya disupport negara,True,False,False,False,True,False,True,False,False,False,True,False
991,daur ulang memperbaiki masalah plastik laut menyalahkan negara wilayah bumi bagian selatan praktik pengelolaan limbah buruk mereproduksi kebiasaan kolonial memindahkan masalah orang menyalahkan korban.,True,False,False,True,False,False,True,False,False,True,False,False
1346,"kudus, isknews.com – pengolahan sampah plastik kudus semakin berkembang membuka peluang ekonomi masyarakat. sunarto, anggota dprd kudus fraksi pdip mengelola salah satu pusat pengolahan sampah plastik daerah tersebut, menjelaskan permintaan plastik daur ulang terus meningkat, terutama industri jepara solo. sunarto, proses pengolahan sampah plastik dimulai pengumpulan pemulung warga mandiri mengumpulkan plastik bekas..",False,False,True,False,True,False,False,False,True,False,False,True
323,ternyata limbah plastik rumah dilelang ya? aqua perkenalkan program lelang sampah solusi inovatif buat masalah sampah. keren banget!,False,False,True,False,True,False,False,True,False,False,True,False
1623,"nama produk : beauty kit daur ulang kode produk : beautykit informasi produk . bahan : - terbuat daur ulang plastik - tebal awet - jahitan rapi - muat banyak . fungsi : - menyimpan make up / makeup tools - karya sanitasi - koleksi . ukuran : p x l x t (cm x cm x cm) . cocok kegiatan sehari - hari, souvernir, kegiatan kemasyarakatan, .harga normal rp. .,- harga spesial hari diskon %, harga menjadi rp. .,- ( ongkir ) order pesanan gunakan wa, tulis : [ nama + no. hp + kode barang + nama barang + alamat lengkap ] admin online : fast respon : chat whatsapp : - - - online order : senin - minggu ( . - . ) store fisik & pengiriman : galeri daur ulang sampah solo jl. larasati no. kec. serengan kota solo follow di=> •facebook : galeri daur ulang •instagram : mengalami kendala order komplain silahkan hubungi tim support : - - ( wida ) ==> senin - minggu ( . - . ) beautykit beautykitdaurulang dompetmakeup dompetdaurulang perlengkapanmakeup dompetunik makeupwanita aksesorisdaurulang makeuptools daurulangplastik tasdaurulangplastikkemasan tasmakeupdaurulangmurah taswanitadaurulang distrodaurulang tokodaurulang ramahlingkungan kerajinandaurulang sampahbawaberkahdaurulanglimbahplastikmanfaatsampahdaurulangsampah ramahlingkungan pedulilingkungan selamatkanlingkungan mengelolasampah karyadaurulangsampah daurulangsampah memilahsampah inovasidaurulang",False,True,False,False,True,False,False,False,True,False,False,True
1670,"penemuan awal membuka prospek revolusi daur ulang plastik, menciptakan solusi energi rendah potensial mengatasi limbah plastik.",False,False,True,False,True,False,False,False,True,False,False,True
316,limbah plastik daur ulang mengatasi banjir limbah plastik daurulang banjir news beritaterkini,False,True,False,False,True,False,False,False,True,False,True,False
12,komitmen olah sampah plastik bangun pabrik daur ulang,False,False,True,False,True,False,False,False,True,False,False,True
901,daur ulang sampah cukup melindungi laut pencemaran plastik :,True,False,False,True,False,False,True,False,False,True,False,False
173,padahal banyak potensi cuan dihasilkan dri daur ulang sampah jadi pengembangan ekonomi sirkular. tingkat daur ulang sampah plastik indonesia rendah,True,False,False,False,False,True,False,False,True,False,False,True
1678,"butuhkan sampah plastik multilayer/campuran (pp/pe/alumunium) (pe/kertas/alumunium) contohnya bungkus snack chiki , cheetoz, taro, saset sekali pakai pantene, lifeboy,dll kotak teh botol, kotak susu indomilk, tempat makan kfc info sehari supply berapa kg/ton terima multilayer/campuran.",False,True,False,False,True,False,False,False,True,False,False,True
262,video cara pembuatan beras plastik? periksafakta factcheck bukan proses pembuatan beras plastik fakta: video dibagikan proses daur ulang sampah plastik dijadikan pelet plastik. ..,False,False,True,False,True,False,False,False,True,False,False,True
1015,temuan kunci laporan antaranya adalah: ) tak komitmen mulai menghentikan penggunaan kemasan plastik sekali pakai perusahaan disurvei. solusi ditawarkan daur ulang breakfreefromplastic ourocean ourocean pantangplastik,True,False,False,False,True,False,True,False,False,False,True,False
693,tau daur ulang sampah plastik gimanaa? yuk mending ikut acara nih tegal semuadukungganjar,False,False,True,False,True,False,False,False,True,False,True,False
905,sesekali masuk tv bicara daur ulang plastik tegaskan semua jenis sampah plastik didaur ulang bicara daur ulang keseluruhan masalahnya sangat kompleks pengelolaan sampah plastik berjalan mandiri diserahkan kepara pengepul.,True,False,False,False,False,True,True,False,False,False,False,True
904,lego setop produksi balok botol plastik daur ulang diklaim kurangi emisi karbon,True,False,False,True,False,False,True,False,False,True,False,False
260,ngomongin sampah danone aqua kalian sering dengar lihat kampanye danone aqua soal peduli lingkungan jelang hari bumi ? nah momen hari bumi pas banget buat lihat janji &amp; komitmen soal sampah plastik,False,False,True,False,True,False,False,True,False,False,True,False
848,daur ulang sampah plastik indonesia rendah via,False,True,False,True,False,False,True,False,False,True,False,False
328,polusi plastik indonesia: tantangan solusi laporan kementerian lingkungan hidup kehutanan (klhk) tahun indonesia merupakan penyumbang sampah plastik terbesar kedua dunia tiongkok juta ton sampah per tahun masuk laut.,True,False,False,True,False,False,True,False,False,True,False,False
140,keren.. kantor cabang bank syariah indonesia id disediakan mesin daur ulang sampah plastik diintegrasikan aplikasi plasticpay. balisustainablemovement,False,False,True,False,True,False,False,True,False,False,False,True
1577,"meski juara, fashion show daur ulang, buat gelas plastik bekas, kerumitan tingkat tinggi. butuh waktu hari diselesaikan, detail nya bikin mumet..butuh banyak exprimen menyulap gelas bekas jadi gaun yg elegan. model by: aya thanks to wan yuli fitriati selalu beri suport",False,True,False,False,False,True,False,False,True,False,False,True
322,unilever indonesia mengajak masyarakat terlibat aktif mengelola sampah plastik melalui edukasi ekonomi sirkuler sampah plastik rumah tangga,False,False,True,False,True,False,False,False,True,False,False,True
657,tiza mafira direktur eksekutif gidkp mengatakan tingkat daur ulang sampah plastik indonesia sangat rendah angka -%. sebagian besar sampah plastik berakhir tempat pembuangan akhir (tpa) sampah sisanya berakhir ekosistem lautan.,True,False,False,True,False,False,True,False,False,True,False,False
914,daur ulang? sayangnya daur ulang bukanlah solusi utama pengurangan sampah plastik. kebanyakan plastik dibiarkan mencemari lingkungan bahkan termakan satwa laut. pantangplastik breakfreefromplastic,True,False,False,False,True,False,True,False,False,False,True,False
0,memiliki bank sampah mata pencaharian ortu anak kreativitas dewasa olah sampah sejak pandemi busa pustaka bandar lampung memiliki kegiatan olah sampah plastik anak. kadang jual kadang buat sendiri. penting jadi kreatif,False,False,True,False,True,False,False,False,True,False,False,True
562,nambahin sampah plastik lah dah tau daur ulang indo jelek,True,False,False,False,True,False,True,False,False,False,True,False
141,bank mandiri terbitkan kartu debit e-money plastik daur ulang pertama indonesia,False,False,True,False,True,False,False,True,False,False,False,True
114,penelitian ungkap pelet plastik daur ulang indonesia mengandung bahan kimia beracun konsentrasi tinggi tempotekno,False,True,False,True,False,False,True,False,False,True,False,False
534,sadar plastik gunakan berakhir muara kawasan laut. sampah plastik tersebut berubah bentuk menjadi mikroplastik.,True,False,False,True,False,False,True,False,False,True,False,False
226,klhk ajak masyarakat olah sampah plastik jadi sumber daya ekonomi,False,True,False,False,True,False,False,False,True,False,False,True
727,produk beautykit v cocok banget loh buat kalian suka pergi travelling membawa alat mandi. terbuat daur ulang kemasan plastik tahan air ramah lingkungan..masih banyak varian nya loh yukk buruan,False,True,False,False,False,True,False,True,False,False,False,True
1607,"pelaku daur ulang terseok-seok digulung jatuhnya harga sampah domestik nyaris semua harga pungutan sampah domestik terjun bebas kisaran - persen sejak januari . berdampak langsung pengepul, usaha pencacahan sampah hingga biji plastik kawasan tpst bantargebang, tpa sumurbatu burangkeng, dll. apa penyebab turunnya harga tersebut?! meminta intervensi pemerintah pusat konteks perbaikan stabilisasi harga sampah domestik. namun, hingga kini jawaban jelas resmi presiden ri. kebijakan memihak pemulung, pengepul, pencacah plastik sektor daur ulang negeri? sekarang hidup terseok-seok, bangkrut, mati. menunggu keputusan presiden ri tak kunjung datang!* // koalisi persampahan nasional (kpnas) asosiasi pelapak pemulung indonesia (appi) yayasan pendidikan lingkungan hidup persampahan indonesia (yplhpi)",True,False,False,True,False,False,True,False,False,True,False,False
489,sampah plastik dihasilkan sulit terdegradasi daur ulang alami butuh kepedulian banyak pihak mendapatkan solusinya. simak selengkapnya insight with hari pukul . wib,False,True,False,True,False,False,False,True,False,True,False,False
1437,"dulu, plastik bekas dianggap sampah. tangan mas ikbal ( ), sampah plastik berubah jadi plakat unik kamu pajang… bahkan jual! berawal keresahan melihat tumpukan limbah tempat tinggalnya, ikbal gak mau diam aja. mulai bereksperimen: mengumpulkan plastik, mencairkannya, mencetak, mengecat… hingga lahirlah plakat daur ulang punya nilai lebih. buat kamu mau ikutan bisnis sama, tips kamu coba mulai riset jenis plastik apa aman dipakai ulang? gunakan cetakan plakat sederhana awal produksi. jangan ragu belajar komunitas daur ulang sekitarmu. tambahkan sentuhan desain bikin orang tertarik beli tampilannya! plakatdaurulang bisnisdaurulang ekonomisirkular genzbergerak bisniskreatifindonesia recycleart idebisnis inspirasibisnisanakmuda pengusahamuda daurulangplastik karyadarisampah",False,True,False,False,False,True,False,False,True,False,False,True
328,polusi plastik indonesia: tantangan solusi laporan kementerian lingkungan hidup kehutanan (klhk) tahun indonesia merupakan penyumbang sampah plastik terbesar kedua dunia tiongkok juta ton sampah per tahun masuk laut.,True,False,False,True,False,False,True,False,False,True,False,False
1588,mesin plotot plastik daunan plastik gilingan kondisi mesin sangat layak pakai..lokasi gresik minat wa,False,True,False,False,True,False,False,False,True,False,True,False
1327,pengolahan sampah plastik smk muhammadiyah pekalongan,False,True,False,False,True,False,False,True,False,False,True,False
312,bri terus berkomitmen lingkungan mendukung daur ulang plastik melalui rvm bri peduli! bripeduli worldcleanupday briliandancemerlang qrislink,False,False,True,False,True,False,False,True,False,False,True,False
1462,daur ulang sampah kantong plastik jadi tikar. fire komunitasmasagitjibogo stopbuangsampahsembarangan stopbuangsampahkesungai olahsampahjadiberkah daurulangplastik,False,True,False,False,True,False,False,True,False,False,False,True
560,indonesia nambah sampah plastik jangan salahkan pihak pabrik salahkan diri semua. sampah plastik bukan dibuang sembarangan ataupun dibakar tp didaur ulang menjadi plastik yg baru. sistem daur ulang jelek disini.,True,False,False,False,True,False,True,False,False,False,True,False
631,ri daur ulang sampah plastik jd pekerjaan besar studi yg dilakukan pascasarjana ui bilang pulau jawa aja hasilkan ton sampah plastik/bulan .% diantaranya dikumpulkan pelaku daur ulang upstream (pengumpul) yg .% langsung menuju tpa ato menjadi sampah.,True,False,False,True,False,False,True,False,False,True,False,False
718,trubusmania peneliti lipi: limbah plastik daur ulang meninggalkan polutan trubusid,True,False,False,True,False,False,True,False,False,True,False,False
850,baik bubbledeck mengurangi berat slab hingga % potensi hemat biaya ~% memungkinkan bentang lebih panjang lebih ramah lingkungan plastik daur ulang. konstruksi lebih cepat kekuatan geser lebih rendah perlu penyesuaian desain. indonesia pakai,False,False,True,False,False,True,False,True,False,False,False,True
195,pabrik kertas mojokerto bakal olah sampah plastik jadi energi listrik jawatimur,False,False,True,False,True,False,False,True,False,False,False,True
1468,"bergerak d bidang daur ulang plastik yg berdomisili kota lubuk linggau prov sumatera selatan. butuh investor utk pengembangan pembelian mesin press botol plastik kardus, krn d tempat daur ulang sangat menjanjikan. mungkin ad relasi disini yg mau bekerja sama jangka panjang. cp. --",True,False,False,False,False,True,True,False,False,False,False,True
577,jelek ameet dah lo pake plastik daur ulang berarti hahart : lu pake kantong kresek haha rt : ha ..,False,True,False,True,False,False,False,True,False,True,False,False
950,padahal ingat sampah plastik % total sampah anorganik sampah plastik sangat dibutuhkan industri daur ulang jadi aneh bila dipermasalahkan sebuah kalimat terurai terurai . featuredkompasiana,False,True,False,False,False,True,False,False,True,False,False,True
506,gak minum air kemasan botol ? sampah plastik aqua suka menimbulkan masalah oia galon aqua cuma jadi masalah :v tau kan kalau galon pc sulit daur ulang please jangan gadaikan otak mu kepentingan danone aqua,False,True,False,True,False,False,False,True,False,True,False,False
1633,"daur ulang bungkus apel bungkus buah pir maff ya,,masih pemula ,,dan rapihfolded hands",False,True,False,False,True,False,False,False,True,False,False,True
709,anak muda belanda berhasil buat mobil plastik daur ulang ribut shalat ied dekat gereja,True,False,False,False,True,False,False,True,False,False,False,True
119,investor takut investasi indonesia pdn gampang bocor produknya terbuat plastik daur ulang,False,True,False,True,False,False,False,True,False,True,False,False
649,polusi sampah plastik menjadi ancaman mengintai. daur ulang sampah plastik menjadi salah satu upaya mengurangi sampah plastik.,False,False,True,False,True,False,False,False,True,False,True,False
3,hebat! udinus semarang berhasil olah sampah plastik jadi campuran aspal!,False,True,False,False,True,False,False,False,True,False,False,True
826,mendaur ulang filter terracycle mensterilkan mencabik-cabik kemudian mencampur filter dng material daur ulang lainnya. memungkinkan filter utk dilebur dlm plastik industri yg semacam kayu plastik berkualitas rendah. terimakasihkretek,False,False,True,False,True,False,False,False,True,False,True,False
1763,radiarta berdiskusi dg founder &amp; ceo renew it james lancaster membahas adaptasi teknologi daur ulang plastik yg mungkin bs dimanfaatkan pd program smart fisheries village (sfv) dlm skema kegiatan pelatihan bidang pengelolaan sampah ramah lingkungan. nice!,False,False,True,False,True,False,False,False,True,False,True,False
470,coca-cola siap luncurkan kemasan botol terbuat % plastik pet daur ulang (rpet). udahconnxbelum,False,True,False,False,False,True,False,True,False,False,False,True
1349,"yayasan get plastic berhasil ubah sampah plastik jadi bbm bali, kg sampah hasilkan solar sampah plastik menjadi perhatian serius pemerintah ternyata diolah dijadikan bahan bakar minyak (bbm). bahkan kg sampah plastik menghasilkan liter solar. menutup kemungkinan dijadikan premium. jumlahnya sebanding pengolahan berupa solar. asisten manajer get plastic, raissa kanaya ditemui rabu juli mengatakan, pengolahan sampah plastik menjadi solar dilakukan tahun . menurutnya, proses pengolahan sampah plastik menjadi bbm menggunakan metode pirolisis. raissa mengaku meski diolah menjadi bbm dirinya pengolahan fokus dijadikan solar. hasilnya lebih banyak dibandingkan menjadi premium pertamax. sampah plastic solar premium pertamax editor video : i nyoman suryatmika arisaputra (nsa)",False,False,True,False,True,False,False,False,True,False,False,True
5,video: peduli lingkungan seniman olah sampah plastik jadi lukisan estetik,False,True,False,False,True,False,False,False,True,False,False,True
1250,daur ulang sampah plastik jadi kantong plastik baru reels make craft plastic bag reusable plasticbag old new handmade creative handcraft asmr satisfying,False,True,False,False,True,False,False,False,True,False,False,True
923,sejak lama produsen plastik mengetahui praktik daur ulang plastik ampuh recovery material menjadi bahan baku. npr frontline melakukan investigasi dokumenter plastic war zerowastecities breakfreefromplastic zerowaste,True,False,False,True,False,False,True,False,False,True,False,False
551,katanya area jakarta doang sisanya disuruh daur ulang jadi pot pemakaian -galon perminggu tetep bakal numpuk lagian siapa yg butuh pot sebanyak mana potnya keliatan jelek kumuh,False,True,False,True,False,False,True,False,False,True,False,False
230,mahasiswa universitas muhammadiyah malang olah sampah plastik jadi bahan baku furniture simak! - tribun jatim,False,False,True,False,True,False,False,False,True,False,False,True
1067,alumunium? mesti diurut awal pilihan kemasannya plastik sekarang beredar. mesti mulai awal banget. bukan soal daur ulang tp soal kesadaran kita.,True,False,False,True,False,False,False,True,False,True,False,False
545,disuruh sortir sampah pas diangkut sama truk sampah digabung disuruh kurangin kantong plastik tp pake tas plastik yg lebih energy cost yg ujungnya numpuk kalau landfill yah gak tiap mau buat plant ditentang mulu sama aktivis,True,False,False,True,False,False,True,False,False,True,False,False
244,kreatif warga lima puluh kota olah sampah plastik jadi paving block,False,True,False,False,True,False,False,False,True,False,False,True
902,hi sobatbinamarga! penggunaan teknologi campuran beraspal menggunakan limbah plastik merupakan sebuah upaya mengurangi sampah plastik lautan (marine debris) indonesia terutama limbah kantong kresek cenderung berharga pasaran industri daur ulang.,False,False,True,False,True,False,True,False,False,False,False,True
742,rencana merintis usaha biji plastik daur ulang lokasi mesin bikin sendiri modalnya punya.. barangkali mau bergabung..,False,False,True,False,True,False,False,False,True,False,True,False
1164,daur ulang sampah plastik jadi kursi daur daurulang sampah kreatif kerajinan inspirasi tutorial kata bijak & nasihat hidup,False,True,False,False,True,False,False,True,False,False,False,True
826,mendaur ulang filter terracycle mensterilkan mencabik-cabik kemudian mencampur filter dng material daur ulang lainnya. memungkinkan filter utk dilebur dlm plastik industri yg semacam kayu plastik berkualitas rendah. terimakasihkretek,False,False,True,False,True,False,False,False,True,False,True,False
972,halo sobat bc pontianak ketahui sampah plastik menimbulkan banyak efek negatif lingkungan. kantong plastik merupakan bahan diminati daur ulang plastik banyak,True,False,False,False,True,False,True,False,False,False,True,False
259,juta ton sampah plastik setahun yg diproduksi manusia! gila!! image from,False,True,False,True,False,False,False,True,False,True,False,False
949,penanganan sampah plastik bergantung daur ulang semata. diperlukan alternatif mengurangi sampah plastik. harilingkunganhidupsedunia adadikompas,True,False,False,False,True,False,True,False,False,False,True,False
450,pt alba tridi plastics recycling indonesia mendapatkan pinjaman hq pembangunan fasilitas daur ulang plastik pet indonesia Indonesia. alba group perusahaan daur ulang jerman berkiprah beberapa negara asia termasuk indonesia. IndonesiaGermany,False,False,True,False,True,False,False,True,False,False,True,False
846,waketum adupi wiganda sampah jenis sachet plastik multilayer nilai ekonomisnya sangat rendah. minat pemulung memulung sampah sachet sangat kecil &amp; kebutuhan industri daur ulang sampah kemasan sachet jg sgt rendah sampahsachetsiapapunya,False,True,False,False,True,False,True,False,False,True,False,False
1377,"laut bersih merupakan aset berharga lingkungan kehidupan kita. sayangnya, pencemaran laut akibat sampah plastik menjadi tantangan besar membutuhkan aksi nyata. nathabumi bersama yayasan gotbag berkolaborasi pengelolaan sampah laut khususnya sampah plastik komitmen bersama menjaga kelestarian ekosistem laut bersih bebas sampah. melalui inisiatif ini, sampah plastik terkumpul kegiatan bersih laut diolah menjadi rdf (refuse-derived fuel) dimanfaatkan bahan bakar alternatif pabrik sbi tuban sejak januari , upaya membantu mengurangi pencemaran laut, memberdayakan masyarakat pesisir pengelolaan lingkungan lebih baik. pengiriman sampah laut pabrik pengolahan terus meningkat, menandakan langkah nyata menuju perubahan lebih besar. nathabumi berkomitmen terus menghadirkan solusi inovatif pengelolaan sampah mendukung terciptanya lingkungan lebih bersih sehat generasi mendatang. :globe showing Europe-Africa: gotbag nathabumi sig untukbumiyanglebihbaik refusederivedfuel kelolasampah",False,False,True,False,True,False,False,False,True,False,False,True
1063,sangat mendukung faktanya yg begini grenwashing a.k.a pencitraan cek tkp lapangan jumlah botol sampah plastik berkurang banyak? % daur ulang berapa% produksi sampah nya aqua ngak jgn gedabrus greenwashing nya kebangetan,True,False,False,True,False,False,True,False,False,True,False,False
1203,daur ulang sampah.. jarang update soalnya ngumpulin sampah dulusmiling face with open handssmiling face with open hands.. yuk daur ulang sampah menjadi lebih berguna smiling face with smiling eyessmiling face with smiling eyes duarulang sampah plastik fyp jangkauanluas,False,True,False,False,True,False,False,False,True,False,True,False
1530,"mungkin banyak tahu tas anyam berbahan plastik (mungkin daur ulang,karena tahu pasti) katanya karya penduduk desa desa mengisi waktu disaat waktu senggang, sebagian orang tas dianggap kurang ""berkelas"" ternyata sangat laku dijual negara simbol binatang kanguru. kebutuhan pasar disana melebihi barang tersedia,nah ternyata masalahnya bahan tas tersebut sering telat khususnya variasai warnanya,terkesan aneh memang pemesanan warna tertentu seringkali bahanya kosong, habis habisan memasarkan barang jual benua seberang,dan mungkin sekalian mulai menyukai produk melihat bagaimana rakyat negara tetangga menghargai karya kita,apresiasinya bagusnya.. katakan cinta indonesia.",True,False,False,False,True,False,True,False,False,True,False,False
1609,sdh tau lemari plastik terbuat rb lebih plastik daur ulang.. plastiknya kuat kokoh,False,True,False,False,False,True,False,False,True,False,False,True
980,daur ulang sampah cukup melindungi laut pencemaran plastik lewat,True,False,False,False,True,False,True,False,False,False,True,False
279,hari bumi pengingat tindakan kecil berarti. ayo lindungi alam kurangi sampah plastik cintai planet rumah sendiri. selamat hari bumi! dukcapil dukcapiljateng dukcapilpurbalingga pemkabpurbalingga purbalingga,False,False,True,False,True,False,False,False,True,False,True,False
665,kurangi sampah plastik lakukan aksi n ngelongi nganggo ngolah kurangi penggunaan kantong plastik sekali pakai gunakan ulang plastik digunakan &amp; kelola/daur ulang plastik menjadi barang bermanfaat. hlhsedunia,False,True,False,False,True,False,False,False,True,False,True,False
1545,latepost karnaval agustusan tema daur ulang menggunakan plastik :smiling face with heart-eyes: bulan agustus datang temanya yaa ?? smiling face with smiling eyes fypjangkauanluas fbpropemula sorotan pengikut anakrahebat,False,False,True,False,True,False,False,False,True,False,True,False
798,iyah sih mb disini tempat daur ulang plastik lagian sekarang satu-satunya cara efisien,False,True,False,True,False,False,True,False,False,True,False,False
67,loh kan galon sekali pakai didaur ulang? faktanya gak daur ulang sampah plastik indonesia baru menyentuh %. sedikit recycle rate. nih simak penjelasannya,True,False,False,True,False,False,True,False,False,True,False,False
1773,ibu-ibu madiun menunjukkan tas hasil daur ulang gelas plastik bekas buatannya. karyanya tembus pameran produk kreatif.,False,True,False,False,False,True,False,False,True,False,False,True
908,misalnya pilihan jawaban berikut: a. produksi sampah b. sampah plastik c. daur ulang d. biji plastik e. nilai ekonomi mana termasuk kelompok kata berpasangan? daur ulang kenapa? keduanya selalu digunakan berpasangan tergantikan.,False,True,False,False,True,False,False,True,False,False,True,False
317,cek [grosir] set pcs plasma tatakan alas gelas coaster bulat kotak custom | daur ulang plastik souvenir harga rp.. dapatkan shopee sekarang!,False,True,False,False,True,False,False,True,False,False,False,True
1470,"minat daur ulang plastik!! yuk kerjasama pengepresan daerah subang!! - bangunan komplit +- m, usah renov lagi! - listrik phase va - mess, kantor - toilet - air bersih - ruangan stok bal pres ton!! - area parkir luas - cctv, internet ready - sewa panjang - supplier buyernya, tinggal gass!! - akses truk double, long chasis, tronton - kawasan ramah - potensi depan trading kardus, emberan, logam, gelasan, minat?? inbox langsung wa",False,False,True,False,True,False,False,False,True,False,True,False
1770,keren banget! mahasiswa its bikin cagar watch daur ulang sampah plastik lho inspiratif mahasiswa medcomid mudamemberiarti,False,False,True,False,True,False,False,True,False,False,False,True
1347,"mini vlog kali aku diajak lokasi pengolahan limbah sampah diubah menjadi furniture, bahan membangun rumah (tempat tinggal), media tanam pupuk. inovasi anak bangsa sendiri. luar biasa salut banget. bangga euy beaming face with smiling eyes aku cukup tertarik rumah bahannya olahan limbah plastik ini. usah parno masa sih rumah bahannya limbah plastik ? kenyataannya terbukti kuat gempa badai tahan api, jadi mudah terbakar. terus aku tanya panas efek radiasi sebagainya. orang menjelaskan kalau aman sekali teruji klinis bahannya adem, rumah gak panas. dicoba nih inovasi face with rolling eyesbeaming face with smiling eyes senang rasanya kalau indonesia memiliki inovasi sendiri mengatasi masalah sampah ini. permasalahan sampah selalu menjadi permasalahan belahan dunia manapun harinya. bila mengatasinya. support ? ayo semangat flexed biceps. sampahplastik klaten, apr’",False,False,True,False,True,False,False,False,True,False,False,True
1309,"menilik uniknya ajang balap perahu manfaatkan limbah plastik uganda uganda mengadakan balapan perahu plastik daur ulang sabtu (/) bagian upaya sedang dilakukan memerangi pencemaran air. acara tersebut digelar danau victoria dekat distrik wakiso uganda tengah, menarik peserta berbagai sekolah dasar menengah berlokasi perairan itu. romina wilke koehler, anggota dewan hills international school, merupakan salah satu penyelenggara acara tersebut, mengatakan edisi keempat ajang balapan itu. ""kami bertanya sekolah bagaimana membuang plastik (yang digunakan). mengumpulkan plastik kemudian membuangnya lagi,"" jelas koehler. menyebutkan sejumlah sekolah mengembangkan cara-cara inovatif mendaur ulang sampah plastik, mengubahnya menjadi kerajinan tangan, kursi, meja. ""kita perlu menemukan cara mengurangi pencemaran perairan kita. bergantung air penghidupan, jadi sangat penting berbicara generasi penerus cara melindunginya (perairan),"" ujarnya. koehler menyatakan optimismenya lebih banyak orang berkontribusi mengurangi polusi melalui inisiatif ini. peter julius ogenrwot, seorang guru sekolah menengah chrysalis distrik omoro, uganda utara, mengatakan mendengar acara tersebut media sosial memutuskan berpartisipasi. ""kami memulai klub daur ulang, kini membuat kursi tempat sampah botol plastik dikumpulkan sekolah,"" ujarnya. menekankan ajang balap perahu memberikan kesempatan siswa memahami pentingnya konservasi air daur ulang sampah plastik.",False,True,False,False,True,False,False,False,True,False,True,False
695,gw pernah ngalamin pas usaha bidang daur ulang plastik. udah bawa hasil gilingan plastik parkiran pabrik pemroses biji plastik daur ulang nunggu antrian makelar ngerubung langsung minta lewat aja. lah kan gw udah ngantri langsung,False,True,False,False,False,True,True,False,False,False,False,True
1545,latepost karnaval agustusan tema daur ulang menggunakan plastik :smiling face with heart-eyes: bulan agustus datang temanya yaa ?? smiling face with smiling eyes fypjangkauanluas fbpropemula sorotan pengikut anakrahebat,False,False,True,False,True,False,False,False,True,False,True,False
616,memang betul ibu plastik sangat mengganggu darat sungai laut. pabrik nya sampah tak hilang. solusinya bentuk pengolahan sampah plastik contoh nya daur ulang sampah plastik. kalau plastik kurang gemana dgn oplas ?,True,False,False,False,False,True,True,False,False,False,False,True
427,bpa (bisphenol a) zat kimia yg umum ditemukan kemasan galon isi ulang (kode no ) teruji klinis punya risiko besar jangka panjang spt penyakit jantung kanker dll. aku pilih jenis plastik kemasan pet (kode daur ulang '' dasar kemasan). balik buat aku sehat no .,False,True,False,False,False,True,False,True,False,False,False,True
1581,"bunga hasil daur ulang kantong plastik kreseksmiling face with smiling eyessmiling face with smiling eyes selesai teman²,daunnya pasangbeaming face with smiling eyesbeaming face with smiling eyes",False,True,False,False,True,False,False,False,True,False,False,True
598,gsp penemuan plastik tuh sebenernya buat menjaga lingkungan ditemukan plastik orang² bungkus pake kertas yg bhan dasarnya kayu penggunaan plastik g salah asal buang sampahnya aja bner daur ulang si utk skrg yg penting nah indo kurang soal,False,True,False,False,True,False,True,False,False,False,False,True
793,world sejauh bagus cuma pengiriman sejak bulan terakhir. kapasitas kirim - ton. pabrik plastiknya stop krn pandemi daur ulang plastik hd (kantong plastik). kalau jelantah naik terus harganya.,True,False,False,False,False,True,True,False,False,False,False,True
1396,daur ulang botol plastik menjadi holder hp daurulang recycle reuse botol phoneholder botolplastik idekreatif,False,True,False,False,False,True,False,True,False,False,False,True
1056,tinggal pelarangan export bahan mentah plastik pet daur ulang ln pertumbuhan investasi industri daur ulang seluruh wilayah nusantara tumbuh jawa timur banten.. bagaimana mau bersih indonesia nilai ekonomisnya habis transportasi?,True,False,False,True,False,False,True,False,False,True,False,False
626,yantie ekaputri produsen yg ngeyel soal kemasan plastik ukuran kecil kan kurang minati industri daur ulang,False,True,False,True,False,False,True,False,False,True,False,False
33,investor australia olah sampah plastik kebon kongok jadi solar,False,False,True,False,True,False,False,False,True,False,False,True
1497,daur ulang kardus plastik kresek diy kerajinantangan hiasanbunga,False,True,False,False,True,False,False,False,True,False,False,True
1909,akhirnya..sampah daur ulang gak,True,False,False,True,False,False,True,False,False,True,False,False
229,perusahaan inggris olah sampah plastik kabupaten bogor jadi biodiesel,False,True,False,False,True,False,False,False,True,False,False,True
657,tiza mafira direktur eksekutif gidkp mengatakan tingkat daur ulang sampah plastik indonesia sangat rendah angka -%. sebagian besar sampah plastik berakhir tempat pembuangan akhir (tpa) sampah sisanya berakhir ekosistem lautan.,True,False,False,True,False,False,True,False,False,True,False,False
1173,karya ibu alamsyah:smiling face with heart-eyes: hasil daur ulang sampah plastik jadi keranjang sayur sekaligus hiasan dapurbeaming face with smiling eyes . . . daurulangsampahplastik pedulilingkungan lingkunganbersihtanpasampahplastik,False,True,False,False,True,False,False,False,True,False,False,True
110,baik bubbledeck mengurangi berat slab hingga % potensi hemat biaya ~% memungkinkan bentang lebih panjang lebih ramah lingkungan plastik daur ulang. konstruksi lebih cepat kekuatan geser lebih rendah perlu penyesuaian desain. indonesia pakai,True,False,False,False,True,False,False,False,True,False,False,True
405,pt amandina bumi nusantara pionir implementasi sni : resin pet daur ulang,False,False,True,False,True,False,False,True,False,False,True,False
67,loh kan galon sekali pakai didaur ulang? faktanya gak daur ulang sampah plastik indonesia baru menyentuh %. sedikit recycle rate. nih simak penjelasannya,True,False,False,True,False,False,True,False,False,True,False,False
1421,ide daur ulang tutup botol plastik red heart diy craft tutorial daurulang idekreatif barangbekas tutupbotol hiasandinding,False,True,False,False,False,True,False,False,True,False,False,True
612,tercatat data sustainable waste indonesia (swi) kurang % sampah plastik terdaur ulang lebih % tetap berakhir tempat pembuangan akhir (tpa). baru % persen tuh gatau % nya . lifeatunpar kelasmihi,True,False,False,True,False,False,False,True,False,True,False,False
24,mahasiswa ugm olah sampah plastik jadi bahan bakar minyak,False,False,True,False,True,False,False,True,False,False,False,True
1239,daur ulang sampah plastik materidaurulang mi-kelas,False,False,True,False,True,False,False,False,True,False,True,False
1051,industri daur ulang plastik merupakan salahsatu industri yg terdampak besar selama masa pandemi covid- utilisasi produksi mencapai - persen.,True,False,False,False,True,False,False,True,False,False,True,False
146,cleo merupakan merek air minum kemasan indonesia memanfaatkan biji plastik murni bukan biji plastik hasil daur ulang,False,True,False,True,False,False,True,False,False,True,False,False
539,jangan dilakukan: dicampur getah pinus dicampur oli bekas dicampur biji plastik dicampur alumunium foil diremek remek jangan ges jangan bahaya,False,True,False,True,False,False,True,False,False,True,False,False
815,kondisi menjadi semakin berat kebutuhan sampah kemasan sachet besar. berbeda kebutuhan industri daur ulang sampah botol plastik pet.( sampahsachetsiapapunya adaapasampahsachet? kemanaperginyasampahsachet,False,True,False,False,True,False,True,False,False,True,False,False
567,lah plastik kali daur ulang kali malahan kadang lebih berguna noh botol contohnya kalo kertas buram daur ulang mulu lama lama makin jelek kualitasnya gitu kali,False,True,False,False,True,False,True,False,False,False,True,False
1501,dijual pabrik pengolahan biji plastik daur ulang mojosongo-solo jawa tengah luas tanah : + m luas bangunan : + m listrik : kva rumah tinggal kamar dijual beserta mesin produksinya kondisi pabrik beroprasi harga : . m - nego wa : langsung pemilik,True,False,False,False,False,True,False,False,True,False,False,True
86,sejak danone-aqua melalui pendekatan ekonomi sirkular turut andil menyukseskan komitmen pemerintah mengurangi % sampah plastik laut indonesia tahun . ekonomi sirkular ala aqua berfokus pemanfaatan limbah plastik bahan daur ulang,False,False,True,False,False,True,False,False,True,False,False,True
1258,menir plastik pet biji plastik pet pet powder (menir) plastik polyethylene terephthalate info lengkap silahkan inbox wa wa plasticrecycling plastikdaurulang,False,True,False,False,False,True,False,True,False,False,False,True
1989,rinjani justru negara itikad kurangi konsumsi plastik kembangkan teknologi daur ulang plastik makannya sampah plastik indonesia terdampar perairan brazil.,True,False,False,False,True,False,True,False,False,False,True,False
593,tips &amp; trik menjaga linkungan data sustainable waste indonesia (swi) tingkat daur ulang sampah plastik indonesia kurang % -%. padahal indonesia merupakan salah satu negara penghasil sampah plastik terbesar dunia. per hari nya,True,False,False,True,False,False,False,True,False,True,False,False
1061,mengurangi kalah penting mengolah nya.. . repost from balroom (repost media app) . tahukah % plastik benar-benar didaur ulang? daur ulang dasarnya,False,False,True,False,True,False,True,False,False,False,True,False
762,prospek industri daur ulang plastik indonesia tahun depan diperkirakan bakal makin suram lantaran dampak perang dagang mereda.,True,False,False,False,True,False,True,False,False,False,True,False
487,dagang yg mayoritas jualannya plastik baru sadar memang sulit bgt utk gak ketergantungan plastik. butuh utk packing apapun paling simple &amp; murah adl plastik. yg perlu diregulasi mgkn jenis plastik yg baiknya utamakan daur ulang gak sih. sm pengelolaannya,False,True,False,False,True,False,True,False,False,False,True,False
1659,"polusi plastik menjadi salah satu tantangan lingkungan terbesar abad ini. tahunnya, dunia menghasilkan juta ton plastik baru, % berhasil didaur ulang efektif. sebagian besar sisanya berakhir tempat pembuangan akhir, dibakar, mencemari lingkungan bentuk mikroplastik membahayakan ekosistem kesehatan manusia. indonesia, permasalahan semakin kompleks. tahun , sampah nasional mencapai juta ton, , juta ton ,% merupakan sampah plastik. namun, tingkat daur ulang sampah plastik indonesia rendah, %.hal menunjukkan adanya tantangan besar pengelolaan limbah plastik berkelanjutan. sejalan tema hari lingkungan sedunia jatuh tanggal juni , ‘hentikan polusi plastik’ (ending plastic pollution) forum diskusi denpasar membahas tema membedah masalah polusi plastik indonesia. bergabung. lestarimoerdijat partainasdem forumdiskusidenpasar lingkunganhidup sampahplastik sahabatlestari mbakrerie",False,False,True,True,False,False,True,False,False,True,False,False
918,alangkah baiknya menghindari kemasan plastik kalo inovasi daur ulang plastik siap potensi gundukan sampah plastik tiba rsud sultan fatah karangawen demak jateng,True,False,False,True,False,False,True,False,False,True,False,False
776,c plastik jadi masalah dunia! produsen semua produk mau perusahaan besar kecil ga tuh mau tanggung jawab bikin tempat daur ulang sampah plastik. ritel cuma kasih tarif tetap biaya dibebankan konsumen. masyarakat ga tertib.,True,False,False,True,False,False,True,False,False,True,False,False
742,rencana merintis usaha biji plastik daur ulang lokasi mesin bikin sendiri modalnya punya.. barangkali mau bergabung..,False,False,True,False,True,False,False,False,True,False,True,False
258,gubernur bali wayan koster menunjukkan komitmen serius menuntaskan persoalan sampah pulau dewata. berbagai instrumen kebijakan langkah nyata disiapkan bagian strategi langkah besar membebaskan bali sampah khususnya sampah plastik. wayan koster,False,False,True,False,True,False,False,True,False,False,True,False
997,daur ulang jadi plastik plastik lagi. gitu aja terus sampa - thn kedepan. thn yg sama produsen keluarkan terus plastik plastik plastik baru. lama lbh banyak plastik segenap makhluk hidup bumi ini.,True,False,False,True,False,False,True,False,False,True,False,False
706,emang packaging apa? mungkin dg gak pake plastik asal lg ngurangin beban bumi? krn daur ulang plastik sangat terbatas.,True,False,False,True,False,False,True,False,False,True,False,False
1044,apalah eq yg plastik daur ulang inih,False,True,False,False,True,False,False,False,True,False,True,False
1785,kegiatan lanjutan diikuti kabid usaha mikro sri lestari mewakili kepala dinas acara sosialisasi pendirian pabrik daur ulang plastik. kegiatan dihadiri langsung asisten perekonomian pembangunan dwi yanto dipusatkan balai desa sumberbulu songgon.,False,False,True,False,False,True,False,False,True,False,False,True
365,rangkaian produk retrieve hadir mulai sling bag waist bag totebag laptop sleeve hingga topi. seluruh produk dibuat menggunakan botol plastik pet daur ulang dikumpulkan melalui reverse vending machine beberapa toko eiger lho. eigergreen,False,True,False,False,False,True,False,False,True,False,False,True
753,udahlah plastik daur ulang pula. pelestarian lingkungan darimana itu? ayo dong kalau kalian bikin galon sekali pakai jangan cuma andalkan pemulung bikin sistem daur ulangnya juga. sistem recycle indonesia jelas. gimana sih??,True,False,False,True,False,False,True,False,False,True,False,False
1115,id sampah plastik indonesia melebihi batas seharusnya. ekosistem mulai rusak sedikit sedikit manusia bumi menanggung akibatnya. pentingnya daur ulang menjaga lingkungan. recyclemexwastechange,False,False,True,False,True,False,False,False,True,False,True,False
1651,"plastik recycle ayo mulai reuse reduce .. selama menganggap recycle (daur ulang) sampah plastik solusi mengatasi sampah plastik, faktanya dilakukan downcycle artinya sampah diolah menjadi produk kualitasnya lebih rendah produk sebelumnya akhirnya tetap menjadi sampah mencemari lingkungan. adapun yg namanya upcycle apa upcycle jelaskan postingan berikutnya.. . . . gogreen saveearth kelimutu endehits endelio kotapancasila plasticpollution perseende world trashhero trashheroworld jagabumi jagakebersihan lindungihutan sampah oceanplastic visitntt explorekelimutu endesare plasticpollution nttbisa ntthits trashheroende bhayplastik zerowaste weeducate weclean wechange",True,False,False,True,False,False,True,False,False,True,False,False
1030,mengindikasikan daur ulang cukup mengatasi krisis polusi plastik. banyak ahli prof. budi handoko universitas majapahit berpendapat penggunaan plastik sekali pakai dilarang total bukan dikenai pajak.,True,False,False,True,False,False,True,False,False,True,False,False
1034,proses membuat plastik terurai komponennya berbeda proses daur ulang biasanya mengurai plastik menjadi partikel lebih kecil. komponen plastik tersebut berubah menjadi gas hidrokarbon kemudian diembunka menghasilkan minyak mentah,False,True,False,False,False,True,False,False,True,False,False,True
886,gunungan sampah plastik datang industri daur ulang negara-negara maju. desa sumengko utara menjadi salah satu destinasi terakhir produk-produk plastik berhasil didaur ulang. recyclingisnotenough breakfreefromplastic pantangplastik,True,False,False,True,False,False,True,False,False,True,False,False
1339,"p, pengolahan sampah plastik menjadi hasil karya",False,True,False,False,True,False,False,False,True,False,False,True
777,ipi (ikatan pemulung indonesia)saja punya juta anggota. industri daur ulang plastik tiap kota. industri petrokimia kawasan cilegon industri kemasan makanan dll. semua menyerap belasan juta tenaga kerja &amp; investasi trilyunan rupiah.,False,False,True,False,True,False,False,False,True,False,True,False
1736,hari peduli sampah nasional yuk mulai biasakan langkah kecil membawa tumbler sendiri mengurangi plastik sekali pakai memilah sampah organik anorganik mendukung daur ulang. kebiasaan sederhana memberikan dampak besar,False,False,True,False,True,False,False,False,True,False,True,False
669,pengelolaan sampah melalui daur ulang indonesia sedikit. berbagai negara daur ulang sampah plastik mengarah circular economy memungkinkan hasil daur ulang menjadi produk baru. (info),True,False,False,True,False,False,False,True,False,True,False,False
367,program recycle me hadir upaya meningkatkan kepedulian kesadaran masyarakat daur ulang sampah. program hadir memudahkan masyarakat mendaur botol plastik pet bekas pakai. infotempo,False,True,False,False,False,True,False,True,False,False,False,True
506,gak minum air kemasan botol ? sampah plastik aqua suka menimbulkan masalah oia galon aqua cuma jadi masalah :v tau kan kalau galon pc sulit daur ulang please jangan gadaikan otak mu kepentingan danone aqua,False,True,False,True,False,False,False,True,False,True,False,False
1243,daur ulang sampah plastik menjadi papaping block plastik monetisasi facebookpro reels fyp jnagkauanluas,False,True,False,False,True,False,False,True,False,False,False,True
78,wujud komitmen mendukung program pemerintah terkait pengelolaan sampah plastik ekonomi sirkular coca-cola mendirikan fasilitas daur ulang botol plastik pet dikelola pt amandina bumi nusantara. simak insight with hari cnn indonesia.,False,False,True,False,False,True,False,True,False,False,False,True
27,perusaan prajogo pangestu &amp; hartono olah sampah plastik jadi bahan aspal,False,True,False,False,True,False,False,True,False,False,False,True
476,langkah besar coca-cola europacific partners indonesia dynapack asia bangun fasilitas daur ulang pet,False,False,True,False,False,True,False,True,False,False,False,True
528,jujur aku selalu kagum tiap lihat berita begini sebenernya nih banyak banget produk diciptakan alam. apa permasalahannya? bener biaya produksi harga jual cukup tinggi dibandingkan produk ga ramah lingkungan.,True,False,False,True,False,False,False,False,True,True,False,False
729,pak menhan makan kendondong aku bahan doong kain perca botol bekas yaa sampah plastik daur ulang banget,False,True,False,False,False,True,False,True,False,False,False,True
56,tukang sablon olah sampah plastik jadi bbm,False,True,False,False,True,False,False,True,False,False,False,True
642,limbah plastik rumah tangga medis botol infus mainan anak didaur ulang kawasan depok jawa barat. sayangnya pendapatan usaha daur ulang limbah plastik tak menentu. cnnindonesia,True,False,False,False,False,True,False,False,True,False,False,True
305,yg bikin caption goblok apa tolol seh? mah biji plastik hasil daur ulang setolol i i biar dapet engagement,False,True,False,False,True,False,False,True,False,False,False,True
722,nah perlu diketahui nih loh daur ulang pilah kemasan plastik pakai ulang indonesia semangatsalingbantu,False,True,False,False,True,False,False,False,True,False,False,True
798,iyah sih mb disini tempat daur ulang plastik lagian sekarang satu-satunya cara efisien,False,True,False,True,False,False,True,False,False,True,False,False
1280,"kantong plastik banyak digunakan membungkus daging qurban. plastik berpotensi menghasilkan banyak limbah sulit terurai alamiah. muncul plastik oxodegradable disebut terurai lebih cepat. meski demikian, plastik jenis plastik konvensional diberi tambahan material katalis, mengakselerasi fragmentasi plastik menjadi serpihan kecil. plastik oxo terbiodegradasi penuh waktu cukup, timbul resiko masuknya mikroplastik lingkungan rantai makanan. plastik oxo didaur ulang. kontaminasi plastik oxo proses daur ulang plastik menyebabkan turunnya kualitas plastik daur ulang. perlakukan plastik oxo plastik biasa. jangan dibuang sembarangan, sungai/ lautan. gunakan wadah alternatif pengganti kantong plastik besek bambu, daun (pisang, jati, pandan), wadah makanan. jadikan qurban qurban ramah lingkungan. biro kerja sama, hukum, humas lipi",False,True,False,True,False,False,False,True,False,True,False,False
647,sampah: harta bencana? tahu sampah jadi emas daur ulang jadi barang baru hingga energi terbarukan! seenaknya buang sampah sembarangan? jalanan penuh plastik sungai tersumbat laut menjerit! apa cuma pandai omong nol,True,False,False,True,False,False,True,False,False,True,False,False
628,jang dongmin ternyata pebisnis kaya raya. punya warnet (pc bang) perusahan jasa bersih bersih rumah perusahaan daur ulang botol plastik pas kecil jarang banget liat kedua ortunya. yg kerja keras senin sampe senin lagi. pergi gelap pulang dah gelap.,False,False,True,False,False,True,False,True,False,False,False,True
7,ternyata mayoritas sampah bantargebang sampah plastic sisa makanan lhoo. makanya kurangi penggunaan barang plastik &amp; olah sampah organic menjadi lebih berguna. misalnya kompos eco enzyme. gunungan sampah bantargebang berkurang.,False,True,False,True,False,False,False,True,False,True,False,False
1284,bahan daur ulang plastik bagian,False,True,False,False,True,False,False,True,False,False,False,True
807,wastechange bantu daur ulang plastik kode resin -. styrofoam bantu daur ulang. cek program pengiriman daur ulang sampah!,False,True,False,False,False,True,True,False,False,True,False,False
1053,perusahaan tersebut sekedar menghimbau melakukan daur ulang % plastik pernah diproduksi pernah didaur ulang menumpuk saja. daur ulang cukup dikurangi sumbernya.,True,False,False,False,True,False,True,False,False,False,True,False
339,solusi memberantas polusi sampah plastik lebih dekat dibanding kira,False,False,True,False,True,False,False,True,False,False,True,False
1600,"kostum daur ulang sampah plastik enaknya jadi guru paud berekspresi gaya apa aja penting sopan keluar jalur. meskipun gajinya kecil, segudang masalah dibelakang, segambreng persoalan, seabrek cucian menumpuk, masalah anak-anak dirumah, cicilan lain-lainnya hadapi senyuman sapaan penuh ceria dihadapan murid-murid. masyaalloh tabarakalloh salam takzim semua guru paud disuruh indonesia tahun mengambil tema daur ulang sampah plastik gunakan kostum smiling face kostum pakai sesi fhoto album kenangan sekolah anak-anak tk pondok ceria tentunya buat sendiri lho bantu ayah bunda kreatif tentunya smiling face with heartsred heart termasuk pakai acara liga pensi tang city mall kota tangerang banten. sekolah acara keluar kota jalan-jalan acara pentas seni syukuran akhir tahun acara terima raport nanti. tahun depan kira-kira temanya apa yaah ..??smiling face with heartsred heartsmiling face with hearts sesipemotretan fhotobts temadaurulangsampah bukutahunansekolah kindergardenteacher gurupaud tkpondokceria porisjaya batucepercakep kotatangerang",False,False,True,False,True,False,False,False,True,False,False,True
48,pemerintah ajak masyarakat olah sampah plastik menjadi sumner daya ekonomi. ekonomirimeningkat,False,True,False,False,True,False,False,False,True,False,False,True
489,sampah plastik dihasilkan sulit terdegradasi daur ulang alami butuh kepedulian banyak pihak mendapatkan solusinya. simak selengkapnya insight with hari pukul . wib,False,True,False,True,False,False,False,True,False,True,False,False
108,market leader penyumbang sampah plastik terbesar indonesia mustinya perbanyak mbikin pabrik daur ulang sampah plastik kyk gini daerah.. bukan malah mlakukan greenwashing menutupi masalah,False,False,True,False,True,False,False,False,True,False,True,False
352,poinnya sampah plastik mau diapakan solusi yg jelas globalis klo solusinya dibuang negara negara sampah dibakar salah dibuang salah ditimbun salah akademisi apa proposal yg diajukan? klo aktivis memang yg oenting koar,True,False,False,True,False,False,True,False,False,True,False,False
1083,lbh baik pemprov dki bangun tpst terintegrasi dgn pabrik daur ulang sampah anorganik-organik &amp; pltsampah wilayah kota shg residu sampah sedikit hemat angkutan sampah tambahan pad dr daur ulang plastik-logam-kaca &amp; pupuk organik kurangi pencemaran air &amp; udara (bau).,False,True,False,False,False,True,False,False,True,False,False,True
240,abdimas tim dosen itn malang olah sampah plastik jadi paving,False,True,False,False,True,False,False,True,False,False,False,True
215,inovasi brigadir agus hartono olah sampah plastik jadi bbm solar kolaka,False,True,False,False,True,False,False,True,False,False,False,True
1148,"warga rawamangun daur ulang sampah plastik⁣ ⁣ orang warga rawamangun mengikuti workshop (loka karya) daur ulang limbah plastik bersama suku dinas lingkungan hidup kota administrasi jakarta timur dewan paroki gereja keluarga kudus aula betlehem, gereja keluarga kudus, jl. balai pustaka baru, kelurahan rawamangun, kecamatan pulogadung, jakarta timur, sabtu (//).⁣ ⁣ ""tujuan workshop masyarakat mengetahui mana sampah didaur ulang, memiliki nilai,"" pungkas kepala suku dinas lingkungan hidup kota administrasi jakarta timur, herwansyah. ⁣ ⁣ adapun workshop diajarkan berupa daur ulang sampah berbahan plastik tutup botol, galon plastik. ⁣ ⁣ bahan tersebut dilelehkan dioven kemudian dibentuk sesuai selera diberikan warna-warna menarik, menjadi wadah buah, talenan, nampan, papan nomor rumah bangku.⁣ ⁣ kegiatan daur ulang sampah dilakukan berdasarkan instruksi gubernur dki jakarta nomor tahun , pemilahan sampah organik, anorganik, sampah bahan berbahaya beracun.⁣ ⁣ ⁣ .anwar⁣ jt⁣ ⁣ ⁣ ⁣ jaktim jakarta sampah daurulang",False,False,True,False,False,True,False,False,True,False,False,True
977,sama sama jaga bumi sampah plastik. plastik sangat sulit diurai alami daur ulang plastik cukup mengurangi sampah plastik. sama sama menjadi pelopor perubahan,True,False,False,True,False,False,True,False,False,True,False,False
309,pabrik daur ulang plastik tamansari tetap berjalan meski izin pbg slf - googlealerts,False,True,False,False,True,False,True,False,False,False,True,False
797,menyoal investasi industri daur ulang sampah plastik tantangannya luar biasa seabrek. salah satunya pemilahan sampah optimal. industri daur ulang mau repot memilah membersihkan.,True,False,False,False,True,False,True,False,False,False,True,False
1100,s iya mas kalo baca artikelnya nangkepnya ntar buang plastik sembarangan bagus. terlepas memang butuh proses daur ulang &amp; modifikasi aku cuma mikir apa indonesia nerapkan pt chandra asri tadi? 'proyek' aspal dananya sedikit maksudku.,True,False,False,False,False,True,True,False,False,False,False,True
1865,miskiinn ohaallaaooww miskiinn hati jiwa &amp; raga cakeup deh ah gaperlu tired tired ngotorin tangan gue. lo udeh sadar kalo lo sampah aka trash galayak daur ulang hh tengil kelewat tengil eug lokit lokit cakep kali ah lo utang bayar woi malu kalo kata guemah,False,True,False,False,True,False,False,True,False,False,True,False
1761,peneliti brin mengembangkan inovasi komposit kayu plastik bahan daur ulang plastik teknologi radiasi. humaniora adadikompas,False,False,True,False,True,False,False,False,True,False,False,True
1105,tren pariwisata ekonomi kreatif bergerak arah gaya hidup berkelanjutan (sustainable lifestyle). mulai konsumsi bertanggung jawab penggunaan energi baru terbarukan hingga daur ulang menggunakan lebih sedikit plastik.,False,False,True,False,False,True,False,False,True,False,False,True
308,dituding jadi sumber pencemaran pabrik daur ulang plastik gunakan ipal sirkulasi - googlealerts,False,True,False,False,True,False,True,False,False,False,True,False
825,nilai cukai plastik daur ulang bakal lebih rendah,True,False,False,True,False,False,False,True,False,True,False,False
348,ecobrick: solusi kreatif mengatasi limbah plastik global,False,True,False,False,True,False,False,False,True,False,False,True
526,gunung plastik impor. negara maju kanada sanggup mendaur ulang -% sampahnya. indonesia lebih tragis. dibiarkan tempat terbuka terpapar cuaca hingga jadi remahan mikroplastik terbawa hujan masuk sungai irigasi dll.,True,False,False,True,False,False,True,False,False,True,False,False
234,dlh tanjungpinang olah sampah plastik jadi paving blok,False,True,False,False,True,False,False,True,False,False,False,True
648,kebutuhan bahan baku plastik daur ulang andalkan impor,False,True,False,False,True,False,True,False,False,False,True,False
1540,"apa daur ulang? nihh.. daur ulang, barang² rumah.. contoh nya, baju terbuat plastik dapur.. bunga² putih dr daur ulang.. plastik pink lah dibeli.. uda tau kan daur ulang itu? siapa mau adopsi kubakar.. efek rumah sempit kurang ruang.. tp khusus luar patumbak, bukan org patumbak yaarolling on the floor laughing biar gaya dikit kirim pake expedisi isi plastik daur ulangrolling on the floor laughingrolling on the floor laughing",False,True,False,False,False,True,False,False,True,False,False,True
867,kebanyak sampah plastik aqua mini yg jarang industri mau daur ulang nih,False,True,False,True,False,False,True,False,False,True,False,False
1432,":globe showing Europe-Africa: tahukah kamu? plastik sekali pakai digunakan beberapa menit, butuh ratusan tahun terurai. face screaming in fear kantong plastik, sedotan, botol buang, berpotensi berakhir laut, mengancam ekosistem, terkubur tempat pembuangan pernah benar-benar hilang.thinking face jadi, layak dipakai ucapkan selamat tinggal?yuk, mulai langkah kecil beralih alternatif lebih ramah lingkungan:sparkles gunakan tas belanja kain anyaman.sparkles pilih botol minum sedotan dipakai ulang.sparkles kumpulkan plastik bekasmu daur ulang bersama pemol!recycling symbol pemol, plastik kamu buang jadi limbah sia-sia. bantu mengolahnya jadi berarti. sparklesbackhand index pointing right saatnya jadi pahlawan lingkungan! mulai sekarang, pilih bijak, gunakan ulang, daur ulang plastikmu pemol.mobile phone with arrow pesan layanan sekarang lewat aplikasi pemol wujudkan perubahan nyata bumi kita!plastiksekalipakai byebyeplastic reducereuserecycle daurulangplastik pemolpeduli plasticfreelife zerowastemovement savetheearth gogreenwithpemol",False,False,True,False,False,True,False,False,True,False,False,True
536,rekaman pabrik kertas jawa timur. bongkahan kertas bekas impor didaur ulang mengandung sampah plastik (selundupan). kadang %.,True,False,False,True,False,False,True,False,False,True,False,False
592,salah satu faktor penyebabnya sistem daur ulang sampah plastik berjalan baik kesadaran masyarakat kurang membuang sampah sembarangan,True,False,False,True,False,False,True,False,False,True,False,False
1548,kaya begini kasihan sampah plastik daur ulang.. bukan djadikan beras rolling on the floor laughingrolling on the floor laughing,True,False,False,True,False,False,True,False,False,True,False,False
607,devina produsen air mineral kemasan indonesia menghadapi kendala mendaur ulang sampah plastik beberapa alasan. pertama biaya daur ulang tinggi plastik baru lebih murah. kedua infrastruktur pengelolaan sampah kurang memadai terutama daerah terpencil.,True,False,False,True,False,False,True,False,False,True,False,False
1493,assalamualaikum warnanya cantik bun sayang kalo dibuang beaming face with smiling eyes plastik daur ulang bekas bungkus pakan kucing,False,True,False,False,True,False,False,False,True,False,False,True
1112,anggap . ah cuma selembar plastik aja ga ngaruh pikiran salah. sedikit sedikit jadi bukit sampah. bahkan bertahun-tahun sampah plastik hasilkan,True,False,False,False,True,False,True,False,False,False,True,False
1827,dlh palopo gelar lomba fashion show daur ulang sampah plastik emil nugraha sebut jadi ajang kreativitas bernilai ekonomi,False,False,True,False,True,False,False,False,True,False,False,True
1430,"p project daur ulang plastik kelas a sdn cipinang muara pagi kamis desember daurulang daurulangplastik p masya allah berbulan ngerjainnya ngumpulin plastik bekas kopi,detergen,ciki,dll dicuci dijemur berhari biar kering diguntingin plastiknya ditempel disatuin pake double tape sampe jd bahan yg dijait, dilakban yg penting nyatu kenceng gak robek bikin model sekreasi sampe begadang alhamdulillah juara gak taunya dilombain lelah terbayar .. alhamdulillah",False,False,True,False,False,True,False,False,True,False,False,True
1078,tahu gak sobat laut kalau hari jutaan ton plastik merusak alam. sampah plastik buang sedikit sedikit merusak ekosistem mulai kecil: . kurangi penggunaan plastik . daur ulang pilih alternatif ramah lingkungan,False,True,False,False,True,False,False,False,True,False,False,True
963,keempat belajar cara daur ulang sampah plastik mau banyak sampah plastik semakin menumpuk rumah disekitar lingkungan tempat kamu tinggal. sekalian dimanfaatkan digunakan alias daur ulang. enasea,False,False,True,False,True,False,False,False,True,False,True,False
61,rinso bikin gebrakan dunia deterjen dg membuat kemasan plastik dr hsl daur ulang dn jadi yg pertama indonesia. teknologi creasolv bikin kemasan tetap kuat &amp; tahan lama meskipun dr daur ulang jadi inspirasi masyarakat lbh aktif upaya pelestarian lingkungan,False,False,True,False,True,False,False,False,True,False,False,True
675,mau pakai plastik serampangan? beli makanan plastik berlapis-lapis? buang-buang plastik daur ulang? manusia emang satu-satunya spesies senang hati membunuh diri sendiri teman-temannya perlahan.,False,True,False,False,True,False,True,False,False,False,False,True
93,perusahaan daur ulang sampah plastik indonesia. lndustri daur ulang plastik nasional diproyeksikan terus tumbuh. kendala klasik mengadang bisnis bermanfaat buat lingkungan ini.,True,False,False,False,False,True,False,False,True,False,False,True
670,kamu daur ulang pilah kemasan plastik pakai ulang bertuliskan (pet) makan kemasan plastik tersebut diterima perusahaan daur ulang indonesia semangatsalingbantu,False,True,False,False,False,True,False,False,True,False,False,True
1050,. jerman semua toko jerman menyediakan kantong plastik membayar pajak daur ulang menargetkan pengurangan penggunaan tas plastik kantong plastik per orang pertahun menjadi kantong plastik .,False,False,True,False,True,False,False,False,True,False,True,False
1961,"sampah plastik tanggung jawab bersama! pilah rumah kualitas daur ulang lebih baik. teknologi nuklir oksidasi radiasi, sampah plastik jadi produk bernilai tinggi! recycling symbolsparkles nuklir brin plastik risetinovasi harisampahnasional",False,False,True,False,True,False,False,False,True,False,False,True
1063,sangat mendukung faktanya yg begini grenwashing a.k.a pencitraan cek tkp lapangan jumlah botol sampah plastik berkurang banyak? % daur ulang berapa% produksi sampah nya aqua ngak jgn gedabrus greenwashing nya kebangetan,True,False,False,True,False,False,True,False,False,True,False,False
283,indonesia sendiri ditemukan sebanyak kg sampah. antaranya % sampah plastik sekali pakai % sampah plastik daur ulang.,False,True,False,True,False,False,False,True,False,True,False,False
1726,merchandise hasil kolaborasi avoskin rappo indonesia cantik sahabat avo? warnanya segar buah reusable bag dibuat menggunakan daur ulang sampah plastik tangan-tangan penuh cinta perempuan hebat! psstt merchandise,False,True,False,False,True,False,False,False,True,False,False,True
937,desain baru memungkinkan lebih ramah lingkungan. rantai daur ulang plastik pet memiliki sifat ringan mudah dibentuk mudah didaur ulang mudah pecah.,False,False,True,False,False,True,False,True,False,False,True,False
362,mesin penukar botol plastik elnusa solusi modern sampah plastik tuai antusiasme masyarakat,False,False,True,False,False,True,False,True,False,False,False,True
77,penelitian baru menemukan fasilitas daur ulang plastik melepaskan miliaran partikel plastik kecil air limbah kemudian berkontribusi pencemaran saluran air membahayakan kesehatan manusia.,False,True,False,True,False,False,True,False,False,True,False,False
1547,"daur ulang plastik ya,, bukan daur ulang hati",False,True,False,False,True,False,False,False,True,False,False,True
460,lihatlah yg reply. pt mayora indah tbk bukannya fokus limbah galon plastik sekali pakai (minimal support semua program daur ulang galon pet) malah nyewa buzzer. galon pet bebas bpa .. semprul ah.,True,False,False,False,True,False,True,False,False,False,True,False
1401,hasil daur ulang wadah plastik thinwall idekreatif tipssederhana reelsfyp fbpro,False,True,False,False,True,False,False,True,False,False,False,True
95,penggunaan produk plastik hasil daur ulang berisiko kesehatan: sampahplastik menjadi persoalan pengelolaan sampah indonesia sulit terselesaikan. pasalnya komponen plastik menjadi jenis sampah sulit,False,True,False,True,False,False,False,True,False,True,False,False
851,produk dibuat daur ulang plastik cuma dibuat produk yg kualitasnya lebih rendah. wadah plastik jadi mainan tambang. lalu botol plastik serat pengisi bantal bemper mobil.,False,True,False,True,False,False,True,False,False,True,False,False
1210,pembelajaran luar kelas menonton video bahaya sampah plastik cara daur ulang sampah..,False,False,True,False,True,False,False,False,True,False,True,False
1086,didaur ulang nyatanya? sedikit banget didaur ulang mindsetnya gak diubah mengurangi penggunaan plastik awal sebisa mungkin kalo plastiknya gak pernah dibuat gak bakal jadi sampah gak perlu daur ulang kan?,True,False,False,True,False,False,True,False,False,True,False,False
764,daur ulang indonesia terlalu maju. anak muda pembuat jam tangan sampah plastik bersinar terang perusahaan startup menghentikan perusakan lingkungan. sedang proses mendukung kegiatan maksimal.,False,False,True,False,False,True,False,False,True,False,False,True
112,pabrik daur ulang sampah botol plastik kategori food grade dibangun kendal,False,False,True,False,False,True,False,True,False,False,False,True
1894,residu sampah daur ulang,True,False,False,True,False,False,True,False,False,True,False,False
1786,rangka meningkatkan kesadaran pentingnya menjaga lingkungan mahasiswa universitas udayana tergabung komunitas penerima beasiswa yayasan karya salemba empat (kse) menggelar acara edukasi pelatihan daur ulang plastik.,False,False,True,False,True,False,False,False,True,False,True,False
43,tim antasena its sukses olah sampah plastik jadi bahan baku d printing,False,True,False,False,True,False,False,False,True,False,False,True
1780,badan riset inovasi nasional brin mengembangkan teknologi radiasi nuklir mengolah daur ulang limbah plastik menjadi bahan komposit plastik kayu. humaniora adadikompas,False,False,True,False,True,False,False,False,True,False,False,True
127,bank mandiri menjadi bank pertama indonesia menerbitkan kartu debit kartu prabayar e-money bahan plastik pvc daur ulang kartu kredit virtual kartu plastik.,False,False,True,False,True,False,False,True,False,False,False,True
206,inovasi sampah anorganik warga yogyakarta olah limbah plastik jadi produk batako,False,False,True,False,True,False,False,False,True,False,False,True
1477,"sampah plastik didaur ulang, dibuang sembarangan. perlu daya imajinasi kreatifitas tinggi mengolah sampah plastik menjadi barang berguna. meja kursi hasil olahan daur ulang sampah plastik dikombinasikan rangka besi sangat elegan memiliki gaya hidup berkelanjutan sustainable living. apa sustainable living cara hidup bertujuan meminimalkan dampak negatif lingkungan meningkatkan kesejahteraan manusia maupun generasi mendatang. berminat meja elegan ini, silahkan tanya-tanya siap berikan informasi seputaran produk-produk mendukung gaya hidup sustainable.",False,True,False,False,False,True,True,False,False,False,False,True
53,klhk ajak masyarakat olah sampah plastik jadi sumber daya ekonomi.,False,True,False,False,True,False,False,False,True,False,False,True
1811,chart unik. sekilas w tinggal bkk penggunaan plastik sini banyak banget. beli gorengan aja plastik wadah gorengan lidi ama plastik nenteng. semua all new plastic. ga plastik item daur ulang. tp kok sampah th chart kecil. gimana th kelola sampah ya?,True,False,False,True,False,False,True,False,False,True,False,False
549,csr aft babullah berhasil memanfaatkan sampah plastik dijadikan barang bernilai ekonomis pembuatan batu bata paving block batu angin. sampahplasik csrpertamina,False,True,False,False,False,True,False,False,True,False,False,True
69,shu uemura weibo dukung masa depan bersama dgn shu uemura global brand spokesperson wang yibo bantu menjaga lingkungan dgn plastik daur ulang program daur ulang botol kosong cleansing oil shu uemura sedang berjalan wangyibo shuuemura,False,False,True,False,False,True,False,False,True,False,False,True
963,keempat belajar cara daur ulang sampah plastik mau banyak sampah plastik semakin menumpuk rumah disekitar lingkungan tempat kamu tinggal. sekalian dimanfaatkan digunakan alias daur ulang. enasea,False,False,True,False,True,False,False,False,True,False,True,False
1921,woy goblok tahun jokowi berkuasa slama byk sampah daur ulang produksi jokowi menempati posisi strategis.,False,False,True,False,True,False,False,False,True,False,False,True
1802,sebuah pabrik daur ulang plastik korsel tutup terbengkalai. akibatnya sampah plastik menggunung pabrik dibiarkan saja.,True,False,False,False,True,False,True,False,False,False,True,False
480,lestari coba sini kasib alur soal daur ulang galon pet. jangan cuma diagramnya doang. masing-masing wilayah pemasaran udah apa belom? bosen gue baca beginian. tiap ditanya jawabannya cuma suruh dijadiin pot mingkem.,True,False,False,True,False,False,True,False,False,True,False,False
769,darat uah banyak langkah orang buat mereduksi sampah plastik ini. daur ulang jadi produk punya nilai jual. semua. sampah banyak energimuda kolaboraksi,False,False,True,False,True,False,True,False,False,False,True,False
1428,daur ulang botol plastik menjadi kursi .. mesin jahit .. daurulang daurulangplastik daurulangsampah daurulangbotol kursidiy diykursi kursidaribotolplastik recycling kreasidaurulang,False,True,False,False,False,True,False,True,False,False,False,True
185,kemenperin temukan inovasi olah sampah plastik jadi bbm setara solar!,False,False,True,False,True,False,False,False,True,False,False,True
139,satu tiga botol diedarkan coca-cola indonesia terbuat % plastik pet daur ulang. newsupdate update news text,False,True,False,False,False,True,False,True,False,False,False,True
903,manfaatkan alias daur ulang. bantu-bantu mengurangi sampah plastik lingkungan tempat tinggal. kamu jadikan lahan bisnis baru. sekarang banyak produk barang pakai tas bahkan keranjang pakaian dibuat sampah plastik.,False,True,False,False,False,True,False,False,True,False,False,True
800,surkulasi daur ulang plastik maksimal,True,False,False,False,True,False,True,False,False,False,True,False
134,daur ulang indonesia terlalu maju. anak muda pembuat jam tangan sampah plastik bersinar terang perusahaan startup menghentikan perusakan lingkungan. sedang proses mendukung kegiatan maksimal.,False,False,True,False,True,False,False,False,True,False,False,True
81,memasuki masa tenang pemilu pengelolaan sampah alat peraga kampanye (apk) dibeberapa daerah daur ulang berakhir menjadi sampah. pengkampanye urban greenpeace indonesia atha rasyadi mengatakan baliho digunakan berbahan plastik pvc vinyl,False,True,False,False,True,False,False,True,False,True,False,False
1590,"pantesan barang logitech batch baru bahan nya kek beda gitu ternyata plastik daur ulang sama nya kek sandisk, padahal dulu mungkin upaya menyelamatkan lingkungan share",False,True,False,False,False,True,False,True,False,False,False,True
1665,"belajar memilah sampah session hallo hai mimin disini. you know guys?? world economics forum memprediksi produksi plastik dunia mencapai . juta ton tahun . plastik dilematis sob, disatu sisi sangat dibutuhkan kelebihannya tak tergantikan, sebut saja, murah, praktis, mudah didapatkan tahan lama. segala kelebihan ternyata dampak negatif bawa seiring penggunaannya kian tak terkendali. semua orang tahu, plastik terbuang butuh waktu sangat lama utk mengurainya kalaupun hancur sekedar jadi microplastic /butir plastik ..ngga jadi tanah. itu..tingkat daur ulang/recycle rate sampah plastik indonesia adupi tergolong rendah. berkisar ,%. lainnya jadi sampah.. hiks. disitu kadang mimin merasa sedih loudly crying face. ee trus yg bilang, kalau tahu sedih ngapain disitu min face with tears of joyface with tears of joyface with tears of joy. yuklah kelola sampah plastik . jenis ldpe ( low density polyethylene). jenis bersifat elastik. contohnya kantong kresek bungkus makanan. nah kalau bank sampah dinperkim lh, sampah kemasan sampah kantong kresek ditimbang terpisah harganya beda. to be continued salam r",True,False,False,True,False,False,True,False,False,True,False,False
762,prospek industri daur ulang plastik indonesia tahun depan diperkirakan bakal makin suram lantaran dampak perang dagang mereda.,True,False,False,False,True,False,True,False,False,False,True,False
544,bekas sedotan plastik. nyawanya jadi pencemar. dikasih nyawa jadi perusuh. mati-hidup ndak manfaatnya.,False,True,False,True,False,False,True,False,False,True,False,False
1023,deasy esterina memanfaatkan limbah plastik membuat tas penjualannya tak negeri mancanegara.,False,False,True,False,False,True,False,False,True,False,False,True
589,fasilitas daur ulang sangat sedikit kesadaran masyarakat kurang ini. satu-satunya jalan buat perusahaan pakai kemasan yg ramah lingkungan itupun kalo bener niat bikin kampanye anti sampah plastik.,True,False,False,False,True,False,True,False,False,False,True,False
987,tingkat daur ulang sampah plastik indonesia persen,True,False,False,True,False,False,True,False,False,True,False,False
149,press release : pelet plastik daur ulang indonesia mengandung bahan kimia beracun,True,False,False,True,False,False,False,True,False,True,False,False
167,gandeng dynapack asia ccep indonesia resmikan fasilitas daur ulang botol plastik | harian momentum,False,True,False,False,False,True,False,True,False,False,False,True
250,sampah plastik biasanya menjadi masalah susah terurai menumpuk tpa. warga gunung pati semarang memiliki inovasi pengolahan sampah plastik. menyulap sampah plastik menjadi bahan bakar minyak (bbm) alat rakitan sendiri bahan bekas. simak,False,False,True,False,True,False,False,False,True,False,False,True
1335,"hari, ratusan botol plastiksake disortir ‘dikupas' hub pengolahan sampah plastik terletak bekasi, jawa barat. botol-botol plastik ‘dikupas' cara membuang label tutup botolnya, akhirnya diolah jadi komoditas cacahan plastik mendulang untung hingga ratusan juta rupiah per bulan. sakinah menghabiskan lebih tahun hidupnyawoman white hair menjadi pemulung, akhirnya bergabung tempat pengolahan sampah kitaolah.id . bersama pengupas botol sebaya dengannya, tetap bekerja tengah keterbatasan usia tak muda. ""dulu kuat, mau mulung pagi malam enggak masalah, sekarang stamina enggak kayak dulu. ‘kan tetap butuh makan."" sembari bekerja pengupas botol, sakinah pekerja kerap mendapat edukasi pemilahan sampah, ""kadang diajarin gimana memilah sampah, kalau sampah dikumpul, jangan dicampur. kalau banyak ditukar."" meski penghasilan terbilang lebih sedikit, sakinah mengaku bersyukur sangat menikmati rutinitasnya kitaolah.id. ""kalau dulu memang duitnya lebih besar, risikonya besar. hari target mengumpulkan sampah berapa banyak, panggul sendiri dibawa pengepul."" menambahkan, ""belum risiko kaki ketusuk beling, kawat, benda-benda tajam lainnya. kalau sini kan lebih aman."" sakinah mengaku, sini pekerjaannya tak terlalu ngoyo. ""suka diingetin, kalau capek istirahat jangan dipaksain. tiap jam siang istirahat satu jam, kalau jadi pemulung boro-boro istirahat,"" tambahnya. baca kisahnya:",False,True,False,False,False,True,False,True,False,False,False,True
1170,"langkah langkah konkrit menekan penggunaan plastik berlebihan alam tetap tersenyum bersahabat kitasmiling face with halo; . membawah kantong plastik sendiri . membawah botol minuman tumbler sendiri haus.jadi mesti membeli air kemasan plastik. . menggunakan sedotan plastik rumah makan,restauran warung . hindari membeli makanan minuman kemasan plastik. . daur ulang sampah plastik.(pisahkan sampah non organik organik rumah masing masing)",False,True,False,False,True,False,False,False,True,False,True,False
449,&lt;p&gt;namasindo plas menggandeng sun energy membangun pembangkit menggunakan tenaga surya memproduksi botol pet daur ulang.&lt;/p&gt;,False,True,False,False,False,True,False,True,False,False,False,True
954,alan marty kepala peneliti carbios perusahaan daur ulang plastik perancis mengatakan masa depan plastik tergantung daur ulang semata. terobosan menguraikan plastik menggunakan enzim. adadikompas harilingkunganhidupsedunia,True,False,False,False,True,False,True,False,False,False,True,False
862,chan haha ktg plastik udah paling rendah dlm siklus daur ulang. kalau plastik daur ulang jd plastik lg tp turun tingkat,False,True,False,False,True,False,False,False,True,False,True,False
1362,"sangat menarik disimak,tempat pengolahan sampah kapal pesiar,untuk kapasitas lingkungan lebih orang,hanya diperlukan kurang lebih are lahan pengolahan,disini mesin pengepresan plastik,kaleng,pencacah plastik keras,pembakar kertas,tempat organik,serta pengolahan air ,semoga menispirasi folded hands sampah pengolahansampah environmental",False,False,True,False,True,False,False,True,False,False,False,True
1965,"bersama wujudkan lingkungan bersih sehat! :globe showing Europe-Africa:sparkles mulai langkah kecil: pilah sampah, kurangi plastik, daur ulang recycling symbol. jadilah bagian perubahan bumi lebih baik! seedlinggreen heart haripedulisampahnasional",False,False,True,False,True,False,False,False,True,False,True,False
1919,"akbar @ aji satrio gi kancil sih nekad aja masuk lapak sangar gini bro, blom kenal dia..paling ujung-ujungnya blokir akun sampah plastik tak daur ulang",False,False,True,False,True,False,False,False,True,False,False,True
98,mengingat mandat pengolahan sampah plastik dikelola pemerintah provinsi gerakan pendauran ulang membutuhkan peran masyarakat.,True,False,False,True,False,False,False,True,False,True,False,False
1333,"tahukah perusahaan jerman Germany turut pengolahan sampah plastik indonesia? mengunjungi fasilitas alba tridi tangerang melihat langsung proses pengubahan botol pet menjadi serpihan plastik, diolah menjadi produk baru. alba tridi sendiri merupakan joint venture alba jerman tridi oasis group, startup daur ulang asal indonesia. terima kasih atas tur diskusi menarik kedubes jerman, sukses kontribusi alba tridi kelangsungan bumi recycling symbol:globe showing Asia-Australia:",False,True,False,False,False,True,False,False,True,False,False,True
809,repost indo with get repost nabung sampah butik daur ulang indo belum? . . plastik kemasan oke minyak jelantah oke.. . . info lengkap komen,False,False,True,False,False,True,False,True,False,False,False,True
741,botol plastik ^ ^ dikumpulin dikirim tempat daur ulang seh niatnya sempet,False,True,False,False,False,True,True,False,False,False,False,True
1743,solusi daur ulang sampah plastik hanyalah ilusi,True,False,False,True,False,False,True,False,False,True,False,False
1735,santri mbs smp mutual bikin heboh! kaligrafi kaca bunga plastik daur ulang jadi hadiah istimewa,False,True,False,False,True,False,False,False,True,False,False,True
895,makin ngebuat bumi penuh sampah plastik daur ulang,True,False,False,False,True,False,False,True,False,False,True,False
103,pj. bupati bekasi mendampingi menteri koordinator bidang kemaritiman investasi republik indonesia luhut binsar pandjaitan rangka peresmian pabrik daur ulang botol plastik berjenis polyethylene terephthalate (pet).,False,False,True,False,False,True,False,True,False,False,False,True
437,bsn tetapkan sni resin pet daur ulang nasional news bsn,False,True,False,False,False,True,False,True,False,False,False,True
75,turut mendukung terciptanya infrastruktur berkelanjutan chandra asri berkolaborasi asosiasi daur ulang plastik indonesia (adupi) yayasan bakti barito dinas pupr kabupaten garut mengonversi sampah plastik low value menjadi high value -c-,False,False,True,False,True,False,False,False,True,False,False,True
581,sampah plastik daur ulang daur ulangnya jelek &amp; beres yg salahkan siapa? yg duit siapa ? yg peras siapa? otaknya penuh hepeng. bilang aja broker pengen duit lagi.,True,False,False,True,False,False,True,False,False,True,False,False
1212,"proses pemasangan pondasi mesin pencacah plastik,daur ulang sampah. pemula daurulangsampahplastik oppa mechyrongsok fyp fbpro",False,False,True,False,True,False,False,True,False,False,True,False
1927,jaga lingkungan mengurangi sampah plastik mendukung daur ulang. langkah kecil membuat perubahan besar! green heart smartfrenpedulisampah smartfren persenuntukindonesia,False,False,True,False,True,False,False,False,True,False,True,False
934,proses daur ulang plastik tahu,False,True,False,False,True,False,True,False,False,False,True,False
1234,"daur ulang sampah jadi tikarthumbs up light skin tone jadi siapa yg pakai plastik so klin, cappucino, kopi sachet, lainnya disimpan ya,, jangan buang karna menggunakannya daur ulang smiling face with smiling eyes kerajinantangan sangatkreatif",False,True,False,False,True,False,False,False,True,False,False,True
922,danone prancis mengumumkan melakui akun twitternya wilayah operasi amerika menyatakan pihaknya menggunakan plastik berbahan polikarbonat mengandung bpa (kode daur ulang no.) peringatangalonisiulang,True,False,False,False,True,False,False,True,False,True,False,False
1330,"alternatif pengolahan sampah jadi bbm nih guyss.. proses pyrolysis menggunakan sistem destilasi kering, pembakaran oksigen sangat ringan. alat ciptaan dimas menghasilkan liter minyak mentah kg sampah plastik. mesin sederhana tersebut memiliki kapasitas hingga liter sampah plastik membutuhkan waktu kurang lebih jam mengolahnya menjadi minyak mentah. sumber: rilis.id . bbm pyrolysis sampahplastik gasmentah manfaatsampah surabaya minyakmentah sampahjadibbm hematminyak",False,True,False,False,True,False,False,False,True,False,False,True
1108,repost . hai hooman.. jangan lupa minum . . juta lebih batang sedotan dipakai hari nya bukan jumlah sedikit ditambah dampak ditimbulkan. sedotan plastik merupakan,True,False,False,True,False,False,True,False,False,True,False,False
874,klo ad yg nanya knp jersey buatn nike yg pi cepet rusak? terbuat dr botol plastik yg d daur ulang makanya d nike store jarang ad,False,True,False,True,False,False,False,True,False,True,False,False
1626,walo sempat berkarya kreasi daur ulang lagi.. ngasih ngirim plastik karung..sementara ditampung dulu saja..lagi gak semangat mendaur ulangnya..,False,True,False,True,False,False,True,False,False,True,False,False
1879,salah satu orang terkaya dindonesia &amp; masuk nominasi orang terkaya dunia : idenya dr singapura==|| sampah daur ulang dijadikan jalanan aspal dibeberapa daerah dindonesia,False,False,True,False,True,False,False,False,True,False,False,True
766,nah poinnya. pengolahan daur ulang limbah/sampah plastik sini memadai.,True,False,False,True,False,False,True,False,False,True,False,False
391,ncku pasang mesin daur ulang pintar ecoco kumpulkan lebih . botol pet bulan! selengkapnya:,False,False,True,False,False,True,False,True,False,False,False,True
237,brin perkenalkan olah sampah kantong plastik teknologi ecobrick,False,True,False,False,True,False,False,True,False,False,False,True
1048,peluang ekonomi daur ulang plastik tuh sebenernya banyak bgt. muncul larangan solusi pengolahan limbahnya,True,False,False,True,False,False,True,False,False,True,False,False
325,akhirnya kesampaian main visualisasi pakai sankey diagram cara lebih praktis hehehe bikinnya sini postingan lengkapnya (bahas potensi solusi krisis limbah plastik) plasticrecycling postconsumerplastic,False,False,True,False,True,False,False,False,True,False,True,False
270,impor sampah plastik membawa risiko besar. meskipun diklaim dipilah sampah mengandung bahan berbahaya. headline,False,True,False,True,False,False,False,True,False,True,False,False
774,proses biji plastik jadi sebuah produk aja udah kebayang emisi yg dihasilkan. lg proses pembuatan biji plastik yg memanaskan campuran berbagai bahan kimia. ditambah proses daur ulang plastik metode peleburan. dikali jumlah pabrik yg beroperasi. coba lo pikir,True,False,False,True,False,False,True,False,False,True,False,False
440,suram suram bahan baku pet impor kata sampah botol aqua gak beguna dong mata industri daur ulang,False,True,False,True,False,False,False,True,False,True,False,False
677,kampos perusahaan startup asal italia memproduksi pakaian renang kemeja t-shirt &amp;lainnya mana seluruh produknya dibuat botol plastik daur ulang/bekas lainnya. meskipun bukti banyak masyarakat berpendapat plastik dihindari/dilarang.,True,False,False,False,False,True,True,False,False,False,False,True
251,project merit ungkap fakta menarik: % sampah bali organik. bukan cuma sampah plastik bahaya sampah organik ancaman menghasilkan gas metana membusuk. metana lebih berbahaya co₂ pemanasan global &amp; kesehatan.,False,True,False,True,False,False,False,True,False,True,False,False
1578,"halo sahabat daur ulang, masalah sampah kota selesai. terlibat upaya pemilahan sampah membantu kota mengatasi permasalahan limbah. baciraro(baciraro.com), partner daur ulang siap mengangkut sampah rumah tangga jenis limbah didaur ulang botol plastik kertas. tinggal wilayah manado, minahasa minahasa utara, menyediakan form pick up ( beserta pendaftaran penjemputan salam, baciraro",False,True,False,False,False,True,False,False,True,False,False,True
1548,kaya begini kasihan sampah plastik daur ulang.. bukan djadikan beras rolling on the floor laughingrolling on the floor laughing,True,False,False,True,False,False,True,False,False,True,False,False
1004,harap diingat saudara bahkan utk kegiatan daur ulang memperpanjang pemakaian plastik. proses daur-ulang butuh energi (lagi) hasilkan emisi. jadi jgn berpuas diri tetap berupaya lbh pemkot surabaya .,True,False,False,True,False,False,True,False,False,True,False,False
942,mitos daur ulang sampah plastik: gerakan membantu lingkungan,True,False,False,False,True,False,True,False,False,True,False,False
451,daur ulang plastik sampah &amp; bahayanya. plastik mengandung bpa senyawa yg pet yg sedang marak belakangan ini. **thread bukan perusahaan amdk tertentu. iqro!,False,True,False,True,False,False,False,True,False,True,False,False
1473,jalur daur ulang plastik.. monggo punya plastik bekas toko/pabrik/konveksi ditawarkan harga tergantung kondisi jenis plastik -/kg..,False,True,False,False,False,True,False,False,True,False,False,True
720,padahal banyak potensi cuan dihasilkan dri daur ulang sampah jadi pengembangan ekonomi sirkular. tingkat daur ulang sampah plastik indonesia rendah,True,False,False,False,True,False,True,False,False,False,True,False
1837,"lanjutan video mengenai lapangan usaha cakupan se kategori e: pengelolaan air, pengelolaan air limbah, pengelolaan daur ulang sampah, aktivitas remediasi. cintadata selangkah mencatatekonomiindonesia",False,False,True,False,True,False,False,False,True,False,True,False
533,aneh banget ya? bahan baku sampah plastik pet kurang indonesia padahal sungai mana-mana sampah plastik bertumpuk kok gagal daur ulang?,True,False,False,True,False,False,True,False,False,True,False,False
1061,mengurangi kalah penting mengolah nya.. . repost from balroom (repost media app) . tahukah % plastik benar-benar didaur ulang? daur ulang dasarnya,False,False,True,False,True,False,True,False,False,False,True,False
1985,thank you sharing! green heart indonesia mulai banyak inovasi daur ulang plastik lho.. :smiling face with heart-eyes: udah cleanup &gt; ton sampah plastik nge-recycle jadi papan daur ulang multifungsi. nantinya papan diubah jadi furniture! recycling symbolsparkles,False,False,True,False,True,False,False,False,True,False,False,True
1172,daur ulang sampah plastik sederhana. salam support buat kamu yg berusaha berguna. fbpro,False,True,False,False,True,False,False,False,True,False,False,True
83,thinkpad x yoga menggabungkan kinerja unggul keberkelanjutan. dibuat chassis aluminium daur ulang plastik daur ulang (pcc) bingkai speaker baterai bahkan adaptor daya. memperkuat komitmen lingkungan kemasan laptop bebas plastik.,False,True,False,False,True,False,False,True,False,False,False,True
745,adupi: industri daur ulang plastik pulih tahun depan,True,False,False,False,True,False,True,False,False,False,True,False
1464,daur ulang tutup botol plastik jadi barang baru lebih bermakna,False,True,False,False,False,True,False,False,True,False,False,True
1972,. melakukan pengolahan sampah plastik menjadi paping blok .perharinya pengolahan sampah plastik sebesar kg pusat daur ulang (pdu),False,False,True,False,True,False,False,False,True,False,False,True
1673,"beberapa simbol daur ulang perlu ketahui: . pete () jenis plastik digunakan sekali pakai. disarankan menggunakan berulang kali, terutama mengisinya air hangat lapisan polimer zat karsinogenik plastik larut (lepas) menyebabkan kanker organ tubuh manusia. . hdpe () simbol digunakan sebuah plastic terbuat high desity polyethylene biasanya digunakan gallon air minum, botol shampo, plastik kemasan tebal lainnya. jenis plastik termasuk golongan plastik cukup aman digunakan berulang kali paling sering didaur ulang nilai ekonomi proses daur ulang yand sederhana. . pvc () barang-barang plastik terbuat plastik polyvinyl chloride sering disebut “plastik beracun” mengandung berbagai macam bahan kimia beracun larut berbahaya kesehatan. perlu dihindari menggunakan jenis plastik kemasan makanan minuman. . ldpe () jenis plastik terbuat bahan low density polyethylene bersifat elastis, memiliki daya tahan lama digunakan berulang kali. biasanya terdapat kantong plastik (kresek), kantong plastik sampah, tas belanja, hingga bungkus makanan. . pp () simbol digunakan plastik terbuat polypropylene. barang plastik simbol baik digunakan tempat makanan maupun minuman terbuat polypropylene sangat kuat cukup aman digunakan meski suhu panas. . ps () plastik jenis terbuat polystyrene banyak digunakan tempat makan syrofoam, tempat telur, sendok/garpu plastik, foam packaging hingga bahan bangunan (bahan flooring). plastik mengeluarkan styrene merupakan zat karsinogen menyebabkan kanker. . other () penggunaan jenis plastik makanan minuman sangat berbahaya menghasilkan racun bisphenol-a (bpa)",False,False,True,False,False,True,False,False,True,True,False,False
1915,adanya program lelang sampah bikin lebih sadar pentingnya daur ulang,False,False,True,False,True,False,False,False,True,False,True,False
478,botol air video kemungkinan meleyot memang dirancang kosong fitur umum botol dispenser jepang memudahkan daur ulang hemat tempat. botol biasanya pet didesain mengkerut rapi tekanan luar produk cosmo water,False,True,False,False,False,True,False,True,False,False,False,True
520,gp ri food grade plastic memang penting pet jenis plastik yg pakai galon sekali pakai mudah daur ulang bebas bpa. berbeda pc plastik galon isi ulang danone aqua mengandung bpa sulit daur ulang.,False,True,False,False,False,True,False,True,False,True,False,False
407,wujudkan praktik bisnis ramah lingkungan pt namasindo plas gunakan energi surya pembuatan botol pet daur ulang,False,False,True,False,True,False,False,True,False,False,True,False
387,galon sekali pakai memiliki nilai recycling rate yg tinggi sangat diminati pengepul krn lebih berat mudah ditemukan. daur ulang biasanya galon pet dimanfaatkan konsumen utk berbagai keperluan rumah tangga kalau tak bikin pot bunga,False,True,False,False,False,True,False,False,True,False,False,True
165,deklarasi monumental ditandatangani ketua umum/sekjen sejumlah lembaga dimotori asosiasi daur ulang plastik indonesia( adupi) kemudian asosiasi bank sampah indonesia (asobsi) indonesia plastic recyclers (ipr) ikatan pemulung indonesia (ipi),False,False,True,False,True,False,False,True,False,False,True,False
1637,"grs-biji plastik daur ulang pp tahan benturan era mengejar keberlanjutan sumber daya, penggunaan biji plastik daur ulang pp tahan benturan memenuhi kebutuhan tahan benturan/tahan suhu rendah, signifikan mengurangi beban lingkungan. bersama-sama membangun masa depan hijau! produk khusus pp daur ulang tahan benturan mengajukan sertifikasi grs daur ulang. silakan hubungi informasi lebih lanjut. taichyu resin bahankompositpp butiranplastikdaurulangpp kustomisasi jualbeligf jualbelipa jualbeliabs jualbelips jualbelipe sertifikasigrs pptahanbenturantahandingin peralatanolahraga pedalsepeda furniturkantor alatberkebun",False,True,False,False,True,False,False,False,True,False,False,True
1894,residu sampah daur ulang,True,False,False,True,False,False,True,False,False,True,False,False
692,halo sobat laut sedang berlangsung fgd penyusunan pedoman pengelolaan sampah plastik alat penangkapan ikan ayo kembangkan industri daur ulang alat tangkap ikan indonesia minim aldfg marinedebris tknpsl,False,False,True,False,False,True,False,True,False,False,False,True
1244,daur ulang sampah plastik reelsfbpro jangkauanluas edukasisampahplastik semuaorang,False,False,True,False,True,False,False,False,True,False,False,True
63,adb mendukung indonesia mengurangi sampah plastik lautan pt alba tridi plastics recycling indonesia perusahaan alba group asia mendirikan fasilitas daur ulang polietilen tereftalat (pet) jawa tengah.,False,False,True,False,False,True,False,False,True,False,False,True
856,satu goblok maanfaat fungsinya apa makan beling lebih baik kasih ilmu makan plastik kresek biar daur ulang bumi jadi bersih..,True,False,False,True,False,False,True,False,False,True,False,False
869,gimana orang kebayakan sampah plastik aqua mini yg jarang industri mau daur ulang,False,True,False,True,False,False,True,False,False,True,False,False
1266,"""daur ulang sampah plastik"" sampah plastik banyak yg daur ulang menjadi yg bermanfaat, fyp fbpro kreator . . selamat siang kawan.",False,True,False,False,True,False,False,False,True,False,False,True
225,bumdesa bagus kabupaten malang olah sampah plastik jadi bbm timesindonesia ketahananinformasi beritabaik,False,True,False,False,True,False,False,False,True,False,False,True
376,inilah salah satu tempat daur ulang botol plastik lombok pet kawasan kuranji lombok barat. salah satu unit bisnis daur ulang recycling business unit dampingan indonesia dikelola ud lombok pet. circulareconomy bijakberplastik,False,True,False,False,False,True,False,True,False,False,False,True
1849,"betul, ide nya bagus mendaur ulang sampah plastik. negara maju lebih paham sampah daur ulang punya efek, efeknya bermacam, riset gk main. kalau dikita main aja dlu baru riset. ide bagus tinggal pemerintah mau riset gk? opini folded hands",False,False,True,False,True,False,False,False,True,False,False,True
263,amdk gelas plastik sampah kecil mencemari lingkungan,False,True,False,True,False,False,False,True,False,True,False,False
151,daur ulang sampah plastik indonesia minim menyentuh persen,True,False,False,True,False,False,False,True,False,True,False,False
1108,repost . hai hooman.. jangan lupa minum . . juta lebih batang sedotan dipakai hari nya bukan jumlah sedikit ditambah dampak ditimbulkan. sedotan plastik merupakan,True,False,False,True,False,False,True,False,False,True,False,False
787,botol plastik digunakan mengalami proses daur ulang baik benar. botol plastik mengalami daur ulang terurai lambat membutuhkan banyak waktu.,True,False,False,True,False,False,True,False,False,True,False,False
9,anak lpka lombok tengah olah sampah plastik jadi kerajinan,False,False,True,False,True,False,False,False,True,False,False,True
1962,"kurangi penggunaan plastik sekali pakai, pilah sampah organik non-organik, daur ulang barang bekas, edukasi orang pentingnya menjaga kebersihan lingkungan. ayo, mulai diri sendiri wujudkan indonesia bersih bebas sampah!",False,False,True,False,True,False,False,False,True,False,True,False
1868,yg asli nya gerilyawan lalu berubah memakai jas duduk kursi presiden seharus nya berprilaku presiden bukan gerilyawan tak berubah berarti sampah yg tak daur ulang,False,True,False,False,True,False,False,True,False,False,True,False
712,kayak gini bagus perlu didukung. sampah plastik makin lama makin mengerikan. terutama sampah botol kemasan air mineral. mirisnya pabrik daur ulang sampah plastik jg minim. ditambah banyak prusahaan yg cuek bahkan terlibat greenwashing.,True,False,False,False,False,True,True,False,False,False,False,True
257,perusahaan udah ngapain aja nih buat ngelola sampah plastik? (bertanya nada lembut),True,False,False,False,True,False,False,True,False,False,True,False
1621,"ceritanya beberapa waktu lalu email program daur ulang plastik, selama cuma lihat iklannya tv. pernah terlintas pengen ikutan sih, tp sempet"" cari tahu caranya, maklum emak"", pengennya banyak, ngerjainnya tar sok tar sok.. grinning face with sweat eeh ternyata info caranya, kebetulan grimacing face jadinya cuuss-lah mulai memilah sampah plastik, gak ngejar hadiah sih, tp pengennya membuat sampah plastik rumah sebisa mungin terolah, biar berkurang jumlahnya, gak tercampur tong sampah. sini pembuangan sampah campur aduk :see-no-evil monkey: yg ikutan program ? cerita donk pengalamannya klo udah ikutan.. generasipilahplastik",False,False,True,False,False,True,False,False,True,False,False,True
392,halo sobat laut tkn psl &amp; mengunjungi pt amandina bumi nusantara. perusahaan daur ulang pet terbesar utk makanan nomor satu indonesia perusahaan tersebut diinisiasikan coca-cola europacific partners salah satu bentuk tanggungjawabnya. epr,False,True,False,False,False,True,False,False,True,False,False,True
1585,/ton.plastik gabrug(belum sortir) tpa isian %hd %pe %pp siap rutin juraganhot beverage.lokasi pantura indramayu,True,False,False,True,False,False,True,False,False,True,False,False
928,sampah daur ulang adlh sampah yg bs didaur ulang sebagian besar daerah mengumpulkannya sesuai dgn jenisnya masing botol kaca kaleng botol plastik sebagainya sampah jepang dipisahkan? bagaimana mematuhinya?,False,False,True,False,False,True,False,False,True,False,False,True
1799,foto nestlé indonesia hadirkan . bangku daur ulang plastik pascakonsumsi mengurangi sampah plastik! cek info selengkapnya sini! foto: foto/indrianto eko suwarso &gt;&gt; detikedu nestleindonesia lingkungansehat,False,False,True,False,True,False,False,False,True,False,True,False
1959,"sampah kecil kalau dibiarkan jadi masalah besar! yuk, mulai simpel buang sampah tempatnya, kurangi plastik, manfaatin daur ulang! pastiin internetan lancar pakai smartfren! rocket persenuntukindonesia smartfrencommunity temanpintarindonesia",False,False,True,False,True,False,False,False,True,False,True,False
1228,daur ulang sampah plastik? reels video viral,False,True,False,False,True,False,False,True,False,False,True,False
720,padahal banyak potensi cuan dihasilkan dri daur ulang sampah jadi pengembangan ekonomi sirkular. tingkat daur ulang sampah plastik indonesia rendah,True,False,False,False,True,False,True,False,False,False,True,False
743,tau daur ulang sampah plastik gimanaa? yuk mending ikut acara nih tegal semuadukungganjar,False,False,True,False,True,False,False,False,True,False,True,False
41,ajik anggi olah sampah plastik jadi bbm begini ceritanya,False,True,False,False,True,False,False,True,False,False,False,True
872,me: pengen deh sehat terus also me: jarang minum air putih yuk aquadulu aqua life % plastik daur ulang % didaur ulang jaga lingkungan jaga kesehatan kamu bijakberplastik,False,False,True,False,False,True,False,True,False,False,False,True
542,ironis ! hingga hari indonesia memiliki standar baku daur ulang sampah plastik polikarbonat. sampah plastik polikarbonat sulit didaur ulang. sama effendi simbolon - politisi botol plastik air mineral limbah politik perjuangan.,True,False,False,False,True,False,True,False,False,True,False,False
582,sumpah apapun bukannya renov kelas + benerin ring basket lu tau sekolah gua masang tempat duduk bentuk love tau ga sih biasanya jd spot foto ibu ibu tempat wisata trus dekor pake botol plastik maksudnya apaan anj mau cerita daur ulang mah jelek majang sampah,False,True,False,True,False,False,True,False,False,True,False,False
1375,pengolahan sampah plastik bekas botol minuman menjadi paving,False,True,False,False,False,True,False,False,True,False,False,True
1149,"sahabatpembangunan, paviliun indonesia expo osaka hadir simbol kekuatan maritim komitmen masa depan berkelanjutan. dirancang prinsip ramah lingkungan, paviliun menggunakan material inovatif kayu plana terbuat % sekam padi, % limbah plastik daur ulang, % bahan tambahan. seedling sistem pencahayaan pendingin hemat energi diterapkan mengurangi emisi karbon. itu, penggunaan material daur ulang berkelanjutan menjadi wujud nyata indonesia menjaga bumi :globe showing Asia-Australia: indonesiapavilion bappenasri indonesiaexpo paviliunindonesia",False,False,True,False,True,False,False,False,True,False,False,True
1035,gsp ri id muba lasan udien krr lalu isu sampah plastik nya menghasilkan sampah plastik yg sangat banyak. beda du galon doang. isi ulang ga. infrastruktur daur ulang sampah plastik tersedia kota besar sept sby jkt dgn kapasitas terbatas juga.,True,False,False,True,False,False,True,False,False,True,False,False
375,tau gak kalian bagaimana botol pet menjadi botol pet baru? tonton habis guys ! indonesia memiliki beberapa pabrik canggih daur ulang pet. sepeti pt. bipj merupakan member asosisasi daur ulang plastik indonesia (adupi) repost: bule sampah (jg),False,True,False,False,False,True,False,False,True,False,False,True
671,guys tau gak sih? kalian loh daur ulang pilah kemasan plastik pakai. biasanya bertuliskan (pet) makan kemasan plastik tersebut diterima perusahaan daur ulang indonesia semangatsalingbantu,False,True,False,False,False,True,False,False,True,False,False,True
360,boemikita perkenalkan tali tafia solusi ramah lingkungan sampah plastik jumat (//) baca selengkapnya di:,False,True,False,False,True,False,False,False,True,False,False,True
971,ternyata botol plastik bekas aqua daur ulang bros yg pakai tas cantik. bermanfaat sekali bila daur ulang menjadi sampah plastik. padahal sampah plastik butuh beratus,False,True,False,False,False,True,False,False,True,False,False,True
1357,perlu dikembangkan pengolahan sampah plastik,False,False,True,False,True,False,False,True,False,False,True,False
1039,inisiatif mengembalikan akses pendidikan siswa menghadirkan inovasi ramah lingkungan melalui batu bata plastik daur ulang mampu mengurangi emisi karbon hingga ton.,False,True,False,False,False,True,False,True,False,False,False,True
473,coca-cola europacific partners indonesia dynapack asia resmikan fasilitas daur ulang botol plastik pet bekasi. sustainable sustainability berkelanjutan keberlanjutan csr majalahcsrid indonesia bisnisberkelanjutan botolpet botolplastik,False,False,True,False,False,True,False,True,False,False,False,True
1400,"cari limbah plastik gilingan bulatan prodak avalan pabrik pet, abs, hi, pc, ps, pom, nilon, akrilik, pp, pe, hdpe, ldpe, backhand index pointing rightwa",False,True,False,False,False,True,False,True,False,False,False,True
636,penelitian baru menemukan fasilitas daur ulang plastik melepaskan miliaran partikel plastik kecil air limbah kemudian berkontribusi pencemaran saluran air membahayakan kesehatan manusia.,True,False,False,True,False,False,True,False,False,True,False,False
1553,masyaallahh. baju daur ulang plastik lain-lain.. terima kasih order. terimakasih mempercayakan ronde ke- purple heartblack heartgrey heartbrown heartlight blue heartwhite heartblue heartyellow heartgreen heartred heartpink heartorange heart bajudaurulang,False,True,False,False,False,True,False,False,True,False,False,True
1260,"tersedia bahan daur ulang kelas a. harga sangat terjangkau. memiliki: hdpe seperti: film hdpe gulungan bersih penggilingan ulang botol pil hdpe penggilingan ulang drum biru hdpe penggilingan ulang warna susu hdpe penggilingan ulang hdpe hitam butiran hdpe pet: serpihan pet bal benang pet - pe penggilingan ulang gulungan pet gulungan kemasan pet pp seperti: penggilingan ulang baki pp alami pelet pp alami ldpe seperti: gulungan ldpe - nilon campuran film bal ldpe warna film bal ldpe alami (super a) film ldpe gulungan butiran ldpe hips seperti: gulungan hips bal abs seperti: abs gf purge abs bal pelet pc-abs penggilingan ulang lldpe, sisa jaring ikan, pvb, nilon, asal: spanyol kirim eropa, negara-negara asia, as kontak hubungi sekarang mengetahui harga semua detailnya.",False,True,False,False,False,True,False,True,False,False,False,True
316,limbah plastik daur ulang mengatasi banjir limbah plastik daurulang banjir news beritaterkini,False,True,False,False,True,False,False,False,True,False,True,False
1559,promo lemari anak motif hamster tingkat bahan plastik kokoh bukan plastik daur ulang,False,True,False,False,True,False,True,False,False,True,False,False
835,kenapa? laku dijual sisa penggilingan sisa produk berkualitas rendah dsb. perjalanan sampah plastik jalur sektor daur ulang cukup panjang bila dibandingkan perjalanan sampah plastik jalur menuju tpa.,False,True,False,True,False,False,True,False,False,True,False,False
1254,daur ulang sampah plastik menjadi kursi plastik kekinian recyclebin cuanbos tfyp tararara,False,True,False,False,True,False,False,False,True,False,False,True
1705,"mengubah plastik daur ulang menjadi karya seni bermanfaat lingkungan, menyediakan jalan baru ekspresi artistik. menunjukkan apa anggap ""sampah"" digunakan menciptakan komposisi unik, indah, berdampak. seniman manusia, terus memperhatikan bahan-bahan limbah bagaimana menggunakannya menambah nilai kehidupan sekaligus melindungi planet kita. temukan inspirasi potongan-potongan plastik daur ulang indah pertimbangkan bagaimana memberikan dampak pribadi juga! art recycleart recycleplastic recycle plastic daurulangsampah daurulangsampahplastik pilahsampahdarirumah lingkunganhidup",False,False,True,False,False,True,False,False,True,False,False,True
1256,kaya begini kasihan sampah plastik daur ulang.. bukan djadikan beras rolling on the floor laughingrolling on the floor laughing,False,True,False,True,False,False,True,False,False,True,False,False
788,. pasta gigi padat nah genkz pasta gigi dipasaran selali dikemas tabung plastik sayangnya kemasan jenis sulit daur ulang. kandungan bahan-bahan banyak berasal senyawa-senyawa sintetis loh :(,True,False,False,False,True,False,True,False,False,True,False,False
80,unilever indonesia mendorong penggunaan kemasan daur ulang produknya. satu komitmen yg kuat perusahaan tanggung jawab lingkungan dgn pengurangan penggunaan kemasan plastik.,False,False,True,False,True,False,False,True,False,False,False,True
1176,"main-main pabrik daur ulang sampah botol plastik indonesia!recycling symbol kemarin abis visit pabrik gede canggih banget punya & cikarang, sekalian belajar proses recycle sampah botol plastik jadi botol daur ulang. gokil sih, salah satu pengalaman paling seru!fire factoryvisit mahijaparahitanusantara amandinabuminusantara recyclinghero circulareconomy",False,True,False,False,False,True,False,False,True,False,False,True
818,pernah liat kursi plastik daur ulang belum? . kalo yuks dateng event grandcity mall tanggal - agustus. disana robries beberapa,False,False,True,False,False,True,False,True,False,False,False,True
1885,"infotempo - gerakan bijak berplastik aqua sukses menekan sampah tpa hingga persen meningkatkan daur ulang persen! studi lpem feb-ui membuktikan dampak positifnya lingkungan &amp; ekonomi. yuk, dukung! baca selengkapnya aqua",False,False,True,False,False,True,False,False,True,False,False,True
713,indonesia malah banyak yg tau apa sampah daur ulang. sampah basah sampah botol plastik berada ditempat yg sama. penting sekali sekolah orang tua mengajarkan penting ini.. indonesia yg lebih hijau,False,True,False,True,False,False,True,False,False,True,False,False
1883,mengurangi dampak negatif lingkungan meningkatkan efektivitas daur ulang. program merupakan bagian komitmen pln nusantara power up arun menjaga kelestarian lingkungan mendukung pengelolaan sampah lebih berkelanjutan. bersama,False,False,True,False,True,False,False,False,True,False,True,False
135,sebuah perpustakaan multimedia dibangun botol plastik daur ulang seorang arsitek afrika diresmikan selasa (/) kokrobite menyediakan akses berbagai sumber pembelajaran siswa-siswa sekolah keluarga miskin,False,False,True,False,False,True,False,True,False,False,True,False
1144,"korek gas menjadi bagian tak terpisahkan kehidupan sehari-hari, menyimpan sejumlah masalah lingkungan serius. komponen utama korek gas bahan plastik sulit didaur ulang. proses daur ulang plastik menjadi tantangan tersendiri aditif campuran bahan sulit dipisahkan. akibatnya, banyak korek gas terbuang menjadi sumber polusi lingkungan. unik dilakukan pak timan, petugas ups badan air kecamatan kemayoran, jakarta pusat. tangannya, sampah korek gas punya nilai lebih. tak sekadar menjaga kondisi kali terbebas sampah, pak timan mengambil langkah mengolah limbah menjadi kerajinan tangan unik kreatif. yuk, bersama pak timan lebih bijak memilah, mengolah, menjadikan sampah lebih bermanfaat. sampah limbah mainan miniatur kreatif kerajinan reduce reuse recycle r jakartasadarsampah jagajakarta dkijakarta suksesjakartauntukindonesia",False,False,True,False,True,False,False,False,True,True,False,False
937,desain baru memungkinkan lebih ramah lingkungan. rantai daur ulang plastik pet memiliki sifat ringan mudah dibentuk mudah didaur ulang mudah pecah.,False,False,True,False,False,True,False,True,False,False,True,False
932,) sistem daur ulang nyatanya dilakukan baik akhirnya menjadi sampah berbeda plastik sekali pakai biasa. ) tak semua plastik didaur ulang. ) plastik daur ulang punya masa laik kualitas berkurang (downcycle),True,False,False,True,False,False,True,False,False,True,False,False
827,sayang kesadaran indonesia rendah daerah luar jawa sampah plastik luar biasa banyak fasilitas daur ulang sangat minim bahkan ada.,True,False,False,False,True,False,True,False,False,False,True,False
1535,"darurat sampah apa kabar tpa sarimukti beberapa minggu petugas sampah selalu telat mengangkut sampah, kebakaran terjadi tpa. terbayang sampah telat diangkut, sampah basah/dapur.. bau pasti, muncul belatung.. grimacing facegrimacing face tahun ini, belajar memilah sampah optimal. terasa sekali dampaknya. sampah didaur ulang (botol sejenisnya), kertas, dus pisahkan. kasihkan pengepul suka keliling, lumayankan.. jadi pahala kebaikan buat kita. sampah dapur pisahkan sayuran, cangkang buahn jenis daging, ikan. sayuran, buah-buahan masuk wadah bekas cat bawahnya beri lubang keluar cairan plus saringan. sampah dapur masuk, ditutupi sampah coklat alias daun-daunan halaman. lupa diberi cairan khusus. sekali dikasih bubuk kopi biar baunya enak, lanjut kocek. ngga rajin ngitung bulan, panennya kalau dirasa sampahnya mengerut cairan bawahnya habisbeaming face with smiling eyes cairan jadi pupuk buat tanaman kita, kompos sampahnya. coba mulai rumah sendiri. sepertinya sampah masuk tpa sebanyak sekarang. sampah terkumpul tpa sampah memang sulit daur ulang, plastik sejenisnya. memang pr buat kami, meminimalisir plastik masuk rumah betul-betul perlu saling mengingatkan antar anggota keluarga.",True,False,False,True,False,False,True,False,False,True,False,False
1218,"daur ulang sampah plastik menjadi papan. semoga bermanfaat. video sidalang sidalang singkatan “kreasi daur ulang” salah satu proyek tunas nusa foundation dicetuskan tahun jakarta. proyek dirancang mampu mendukung tiga aspek pembangunan berkelanjutan (sustainable development), lingkungan, ekonomi sosial. mengingatkan tanggungjawab korporasi individual produksi sampahnya melalui mekanisme kreasi sampah menjadi kerajinan berkualitas siap jual komunitas ibu, remaja anak lokasi terpilih.",False,True,False,False,True,False,False,False,True,False,False,True
507,selalu kontroversi marketing aqua suka nyeleneh udah jelas sampah plastik galonya sulit daur ulang bilang peduli lingkungan,False,True,False,True,False,False,False,True,False,True,False,False
682,indonesia nambah sampah plastik jangan salahkan pihak pabrik salahkan diri semua. sampah plastik bukan dibuang sembarangan ataupun dibakar tp didaur ulang menjadi plastik yg baru. sistem daur ulang jelek disini.,True,False,False,False,False,True,True,False,False,False,False,True
308,dituding jadi sumber pencemaran pabrik daur ulang plastik gunakan ipal sirkulasi - googlealerts,False,True,False,False,True,False,True,False,False,False,True,False
333,pt yakult indonesia persada berupaya melakukan pengelolaan sampah plastik pengurangan penggunaan kantong plastic pengadaan kemasan double pack &amp; penarikan sampah botol pelanggan. inilah komitmen yakult mewujudkan solusi sampah plastic melalui aksi integrase. ad,False,False,True,False,True,False,False,True,False,False,True,False
1388,"pengolahan sampah plastik ""aqua gelas"" menjadi lampionheart suitheart suit semangat guru² siswa/siswi esempe iv maggelewa sampela :smiling face with heart-eyes::smiling face with heart-eyes::smiling face with heart-eyes: hartati treef jannatul ma'wa ny mulya maulana maryk geminy indry melancholys udhe cry pengikut sorotan jangkauanluas guruhebat indonesia merdeka semua orang semua orang",False,False,True,False,False,True,False,False,True,False,False,True
898,harusnya lsm tuh lebih mendalami daur ulang plastik terburu mengambil kesimpulan janganmenggiringopini,True,False,False,False,True,False,False,True,False,False,True,False
832,sampah plastik neutral valued didaur ulang labor wagenya rendah makanya u.s. ekspor sampah plastik neutral valued china. sekarang china mengurangi impor sampah plastik sistem daur ulang dunia hancur.,True,False,False,True,False,False,True,False,False,True,False,False
1709,"daur ulang merupakan sebuah langkah kecil berdampak besar lingkungan. sayangnya, pengenalan konsep daur ulang indonesia terbilang rencah. data sustainable waste indonesia (swi) , sampah plastik didaur ulang indonesia baru persen sisanya berakhir tempat pembuangan akhir (tpa). . mitos daur ulang bawa dampak baik banyak orang memiliki pola pikir melakukan daur ulang akhirnya.menurut data recycle now, daur ulang dilakukan inggris mampu menurunkan emisi karbon — juta ton per tahunnya. angka tersebut setara menghilangkan , juta mobil jalan. . mitos benda didaur ulang satu kali rumah sebenarnya menghasilkan sampah didaur ulang. sebut plastik, kardus, cangkang telur, hingga kantong teh. semua benda tersebut digunakan kembali. . mitos daur ulang mahal benda-benda berasal daur ulang diklaim barang mahal. terkait pengumpulan proses pembuatannya. namun, tersebut sepenuhnya benar. mendaur ulang sampah malah menghemat pengeluaran membeli barang baru sekaligus tagihan sampah bulanan. sekarang coba mulai perhatikan benda-benda terpakai rumah. jadi barang manfaatkan kebutuhan lain.",True,False,False,True,False,False,True,False,False,True,False,False
1688,"hasil kreasi siswa sampah plastik bukti nyata kreativitas mengubah tantangan menjadi peluang. karya memperindah lingkungan, menyampaikan pesan penting daur ulang keberlanjutan. teruslah berkarya, inovasi kalian hari pondasi masa depan lebih hijau cerah. program p sman palibelo",False,False,True,False,False,True,False,False,True,False,False,True
1003,atha rasyadi jurukampanye urban greenpeace indonesia bila kebijakan perusahaan &amp; pemerintah sebatas daur ulang menggunakan plastik ramah lingkungan target indoensia mengurangi % sampah plastik lautan tahun impian. breakfreefromplastic isthisyours,True,False,False,True,False,False,True,False,False,True,False,False
647,sampah: harta bencana? tahu sampah jadi emas daur ulang jadi barang baru hingga energi terbarukan! seenaknya buang sampah sembarangan? jalanan penuh plastik sungai tersumbat laut menjerit! apa cuma pandai omong nol,True,False,False,True,False,False,True,False,False,True,False,False
799,udah banyak pengembangan inovasi teknologi inovasi daur ulang sampah plastik kok banyak banget apa memang sampahnya terlalu banyak,True,False,False,True,False,False,True,False,False,True,False,False
656,tak terurai sepenuhnya plastik 'biodegradable' ternyata menyimpan bahaya lautan: % kemasan plastik inggris plastik daur ulang kompos biodegradable didukung sistem daur ulang,True,False,False,True,False,False,True,False,False,True,False,False
174,coca-cola europacific partners indonesia dynapack asia memungkinkan sirkulasi lokal botol plastik pendirian fasilitas daur ulang pet amandina bumi nusantara yayasan mahija parahita nusantara copy,False,False,True,False,False,True,False,True,False,False,False,True
38,menteri lhk ajak masyarakat olah sampah plastik jadi sumber daya ekonomi,False,True,False,False,True,False,False,False,True,False,False,True
895,makin ngebuat bumi penuh sampah plastik daur ulang,True,False,False,False,True,False,False,True,False,False,True,False
717,pengolahan daur ulang sampah plastik perlu ditingkatkan. plastic finance salah satu platform yg menawarkan investasi yg ramah lingkungan berfokus sistem daur ulang sampah. plasfuture zerowaste plasticfinance,False,False,True,False,True,False,True,False,False,False,True,False
91,kotak penyimpanan rykta lengkap penutup terbuat plastik daur ulang. material semi-transparan membuatmu menyimpan menemukan barang lebih mudah. temukan toko ikea terdekat app ikea storage kotakpenyimpanan,False,True,False,False,True,False,False,True,False,False,False,True
1209,daur ulang sampah plastik fyp vod monetisasi fouryou kerja daurulangsampahplastik,False,True,False,False,True,False,False,False,True,False,True,False
805,sebenernya tdk sosialisasi kantong plastik aza. yg perlu ngimana cara nya kantong plastik diganti dgn kantong bahan daur ulang banyak kantong plastik. dengarnya mengantikan kantong plastik produksi banyak.,False,True,False,True,False,False,True,False,False,True,False,False
1856,tp jg jenis sampah yg ga daur ulang pak spt sampah / jenis sampah peradaban yg layak bumi hanguskan pak person running dark skin tonedashing awaydashing away,True,False,False,True,False,False,True,False,False,True,False,False
1159,"taiwan berhasil menciptakan sebuah mesin pendaur ulang dinamakan ""trashpresso"". alat mengubah sampah plastik material lainnya menjadi bahan bangunan tegel/ubin, batu bata lain-lain. mesin daur ulang uniknya dipindah mana menggunakan tenaga matahari digunakan otomatis. beberapa tahap proses daur ulang trashpresso pencucian, pemotongan, penghilangan endapan zat berguna lainnya, pembentukan ulang. cara ini, limbah plastik membutuhkan waktu ribuan tahun terurai diubah menjadi tegel berbentuk segi enam cantik berkualitas. botol plastik didaur ulang menjadi buah tegel, tutup botol gelang plastik didaur ulang menjadi buah tegel. waktu jam, kg sampah diubah menjadi materi digunakan kembali!",False,False,True,False,False,True,False,False,True,False,False,True
1328,sore juragan.. pesenan mesin plastic melter ( pengolahan sampah plastik menjadi paving block plastik) mesin press hidrolik botol plastik juragan halmahera bp. samsul. monggo desa / lembaga bundesliga maupun posyantek yg berminat teknologi pengolahan sampah merapat kubajatani. terimakasih.. kubajatanidemak kubajataniteknik kubajatanimachinery kubajataniindonesia kubajataniengineering kubajatani mesinpresshidrolik pressbotolplastik presshidrolik plasticdensifier plasticmelterkubajatani plasticmelter melter pengolahansampahplastik mesinpengolahansampah bumdes dlh dpkplh teknologitepatguna mesinpertanian mesinindustri pavingblockplastik pencetakpavingplastik,False,False,True,False,False,True,False,True,False,False,False,True
218,kelompok ekowisata desa kulati olah sampah plastik jadi bbm solar,False,True,False,False,True,False,False,True,False,False,False,True
513,tahukah sobat konservasyiari kalau sampah plastik awal-awal pengunaannya bertahan hingga menjadi polusi? sampah plastik sampah sulit daur ulang. butuh waktu paling cepat tahun mengurai plastik.,False,True,False,True,False,False,False,True,False,True,False,False
1685,alhamdulillah kurleb jam dpt ilmu membuat hasil daur ulang plastik assoy / kresek.terima kasih ilmu nya bu voni & pak alfi fahmi.,False,True,False,False,True,False,False,False,True,False,False,True
502,polyvinyl chloride (pvc) kode: ciri-ciri: plastik keras sering digunakan pipa kabel listrik kemasan barang. daur ulang: cenderung sulit didaur ulang adanya bahan tambahan berbahaya. kekurangan: mengandung klorin menimbulkan masala,False,True,False,False,True,False,True,False,False,True,False,False
762,prospek industri daur ulang plastik indonesia tahun depan diperkirakan bakal makin suram lantaran dampak perang dagang mereda.,True,False,False,False,True,False,True,False,False,False,True,False
1890,"bulan ketiga blm dpt kerjaan, gk ngapain tuh gaenak in syaa allah besok hari kamis jadwal pengambilan sampah daur ulang &amp; barang bekaspushpin monggo kalau konfirmasi via dm nggehfolded hands biar atur rute nyasmiling face with halo darisampahjadiberkah darikardusjadiperpus",False,False,True,False,True,False,False,False,True,False,False,True
1392,pengolahan sampah karung koyakthumbs upfolded handsfiremenjadi biji plastik firemari liat hamunagrinning face with big eyeskarena canggih sekarang pengolahan nyathumbs up semuaorang vod word fyp fbpro jangkauanluas pengikut,False,True,False,False,True,False,False,False,True,False,False,True
1523,telat post lomba daur ulang botol plastik antargroup,False,True,False,False,False,True,False,False,True,False,False,True
1046,sayangnya target tersebut tak diiringi dukungan kebijakan pemerintah. asosiasi daur ulang plastik indonesia (adupi) mengeluhkan sikap pemerintah mendorong insentif maupun kemudahan pelaku usaha.,True,False,False,True,False,False,True,False,False,True,False,False
1351,"sosialisasi pengolahan sampah plastik negeri mahu, saparua timur, bersama-sama masyarakat pemerintah. gogreen",False,False,True,False,True,False,False,False,True,False,True,False
1544,"container bali liter bahan plastik ori bukan daur ulang, lebih kokoh tahan lama tutup klip lebih rapat panjang . lebar . tinggi . no entryharga promofirefire rp../pcs",False,True,False,True,False,False,True,False,False,True,False,False
1221,aku berani tampil lomba fashion show. bahan daur ulang sampah plastik juara . walaupun tremor panas dingin..face with tears of joy foto lama. waktu hari ibu. yok manfaatkan sampah yg kita. fashionshow daurulangsampahplastik cintaibumikita semuaorang jangkauanluas,False,True,False,False,True,False,False,False,True,False,False,True
1420,celemek topi daur ulang plastik daurulangplastik lingkunganhidup sampahplastik kecamatannarmada,False,True,False,False,True,False,False,True,False,False,False,True
1565,"open po shopping cart rak yoyo molistar susun berat barangwhite small square kg produksi biji plastik bukan plastik daur ulang, hingga lebih kokoh mudah pecah, anti rayap, anti lembab, berbau. awas tertipu barang murah mudah pecah gampang kendur. * dimensi (pxlxt): cm x cm x cm",False,True,False,True,False,False,True,False,False,True,False,False
1681,"*halo sahabat bpmp banten* plastik kamu buang hari ini.. mencemari bumi hingga ratusan tahun depan."" hari ini, juni, peringati hari lingkungan hidup sedunia. tahun ini, diajak bersama-sama hentikanpolusiplastik. bukan kampanye sesaat, langkah nyata—mulai diri sendiri. no littering ganti kantong plastik tas kain. dropletbawa botol minummu sendiri. recycling symbol daur ulang, kurangi konsumsi sekali pakai. punya pilihan. punya kekuatan. bumi lebih bersih, sehat, lestari",False,True,False,False,True,False,False,False,True,False,False,True
1201,bunga hias gantung daur ulang sampah plastik bekas bungkus deterjen plastik kresek kerajinan bungahiasplastik viral fbpro fyp,False,True,False,False,True,False,False,False,True,False,False,True
1546,yuk butuh tutup galon nya bahan biji plastik asli bukan campuran daur ulang jd lebih kinclong bersih higienis.,False,True,False,True,False,False,True,False,False,True,False,False
957,plastik (sampah) terbuang resicle (daur ulang) klo memang resicle plastik diamankan jangan terbuang laut,False,True,False,False,True,False,False,False,True,False,True,False
754,indonesia didaur ulang jadi plastik sayangnya pengolahan limbah daur ulang sistemnya berjalan baik negara ini. mulai masyarakat yg terbiasa memisah sampah yg didaur ulang tempat pengolahan sampahnya,False,True,False,True,False,False,True,False,False,True,False,False
236,peduli lingkungan olah sampah plastik jadi bunga cantik,False,True,False,False,True,False,False,False,True,False,False,True
736,membuat prototipe daur ulang limbah plastik. kendala ad mampu menyediakan peralatan proses yg layak sehat aman. nitip pak sampaikan pak prof tuk dibantu alat.,False,False,True,False,False,True,True,False,False,False,False,True
674,nope daur ulang sampah plastik indonesia rendah banget. kebanyakan sampah plastik terkelola baik tpa berakhir mencemari lingkungan baik darat maupun perairan. cmiiw kehigenisan kualitas so called daur ulang terjamin.,True,False,False,True,False,False,True,False,False,True,False,False
1160,lomba fhesyen show smp n bitung baju sampah plastik daur ulang,False,True,False,False,True,False,False,False,True,False,False,True
1856,tp jg jenis sampah yg ga daur ulang pak spt sampah / jenis sampah peradaban yg layak bumi hanguskan pak person running dark skin tonedashing awaydashing away,True,False,False,True,False,False,True,False,False,True,False,False
1213,daur ulang sampah plastik fbpro kontenkreator monetisasi semua orang,False,True,False,False,True,False,False,False,True,False,False,True
1069,bukan pakar sumber² yg membahas plastik pet mengatakan kalau jenis pet paling unggul mudah daur ulang,False,False,True,False,False,True,False,True,False,False,False,True
1760,sampah plastik hutan laut mengancam ekosistem. kurangi penggunaan plastik daur ulang pilih produk ramah lingkungan. gogreen,False,False,True,False,True,False,False,True,False,False,True,False
1066,ternyata plastik daur ulang buat emoney,False,False,True,False,True,False,False,False,True,False,True,False
1171,punya banyak sampah plastik dirumah ? yukk bikin kreasi bareng-bareng smiling face ternyata barang-barang bekas dirumah anggap sampah daur ulang loh jadi barang memiliki nilai memiliki nilai jual beaming face with smiling eyes to tucraft luwuutara daurulangsampahplastik pemanfaatanlimbahplastik,False,True,False,False,True,False,False,False,True,False,False,True
1496,"sisi lain, tingkat daur ulang sampah plastik jumlah timbulan sampah plastik sangat rendah sampah plastik menjadi persoalan besar perlindungan pelestarian lingkungan hidup. masalah sampah lebih sekedar masalah teknis merupakan menjadi cerminan perilaku masyarakat lingkungan. perubahan pengelolaan sampah dimulai kebiasaan sehari-hari dilakukan konsisten memberikan dampak besar lingkungan. cara efektif lainnya pengelolaan sampah plastik. menjalankan bisnis daur ulang plastik. informasi lebih lanjut, kalian mengunjungi website menghubungi / ya! bisnis daurulang sampahplastik pojokplastik indonesia",True,False,False,True,False,False,True,False,False,True,False,False
436,tengah isu lingkungan semakin mendesak industri daur ulang menghadapi tantangan besar.,False,True,False,False,True,False,True,False,False,False,True,False
888,botol plastik kemasan sabun mandi merupakan contoh jenis plastik daur ulang. sebaliknya sendok plastik sekali pakai didaur ulang. yuk baca penjabarannya laporaninteraktif cnnindonesia tautan berikut:,False,True,False,False,False,True,False,True,False,True,False,False
145,makanya gk heran sampah plastik pet menjadi primadona dunia. ketua umum asosiasi daur ulang plastik indonesia (adupi) christine halim mengatakan sampah plastik pet (polyethylene terephthalate) sangat diminati industri daur ulang seluruh dunia.,False,False,True,False,False,True,False,True,False,False,False,True
555,yg jdi masalah kan produksinya. mau disulap jadi pot bak ranjang sekalipun ttp aja jumlahnya bejibun. cuma ngubah bentuk + nambah nilai aja. klo niatnya mau ngurangi plastik pake galon isi ulang rebus/filter air sendiri. less waste sekalian zero waste,True,False,False,True,False,False,True,False,False,True,False,False
854,pslb botol plastik plastik daunan maupun perabotan plastik. daur ulang. bahkan menjadi komoditas ekonomi sayangnya perhatian pemerintah sangat rendah pengusaha daur ulang plastik sering terkena dampak naik turunya harga plastik.,True,False,False,False,False,True,True,False,False,False,False,True
721,daur ulang sampah plastik kini %,True,False,False,True,False,False,True,False,False,True,False,False
942,mitos daur ulang sampah plastik: gerakan membantu lingkungan,True,False,False,False,True,False,True,False,False,True,False,False
266,awal yg bagus diikuti dg perda mengurangi pemakaian plastik sekali pakai improvement penanganan sampah edukasi masyarakat yg teris menerus,False,False,True,True,False,False,False,True,False,True,False,False
76,zenbook menggunakan material produk ramah lingkungan memasukkan plastik daur ulang pasca-konsumen (pcr) &amp; plastik dibuang laut laptop bersertifikasi lingkungan. melindungi bumi &amp; memberikan terbaik untukmu!,False,True,False,False,True,False,False,False,True,False,False,True
398,jadi pakaian tshirt &amp; sepatu hasil daur ulang jg berpotensi berbahaya. blm diatur regulasi. negeri regulator keamanan pangannya malah justru cawe-cawe urusan persaingan bisnis. konsisten melawan bahaya kandungan bpa &amp; senyawa yg pet.,False,True,False,True,False,False,False,True,False,True,False,False
1017,persen sampah plastik indonesia didaur ulang. humaniora adadikompas,True,False,False,True,False,False,True,False,False,True,False,False
709,anak muda belanda berhasil buat mobil plastik daur ulang ribut shalat ied dekat gereja,True,False,False,False,True,False,False,True,False,False,False,True
399,kunjungan services indonesia salah satu mitra bisnis daur ulang -aqua memastikan sampah kemasan plastik dikumpulkan diolah standar menjadi material rpet (recycle pet) untukbahan baku botol plastik baru. bijakberplastik,False,False,True,False,False,True,False,False,True,False,False,True
1369,bismillahirrahmanirrahim pengolahan sampah plastik semoga jadi berkah amin rabb residu plastik daurulang umkm sorotan semuaorang pengikut sumedang,False,True,False,False,True,False,False,False,True,False,False,True
553,kakak ipar gua bikin tempat usaha daur ulang plastik modalnya dr gadein sk bank ambil m.. lancar..?? cuma bulan doank sisanya bangkrut.. mau ga mau gajinya auto d cut buat bayar utang..,True,False,False,False,True,False,True,False,False,False,True,False
1987,"tv sedotan kertas dr pohon tebang dl, brp % dr daur ulang. pk plastik pohon gk tebang, kl buang sampah pd tempatnya gk mslh. intinya manusia yg merusak bumi se diri dgn buang sampah sembarangan.",True,False,False,False,True,False,False,False,True,False,False,True
599,padahal daur ulang selama layak pakai okay aja. padahal kalau daur ulang mengurangi sampak plastik kan barang selamat yg utama. protes barang dg selamat makai packing daur ulang kayaknya kurang edukasi cinta lingkungan,True,False,False,True,False,False,False,True,False,True,False,False
115,hari lingkungan hidup bank syaria indonesia berkolabolasi plasticplay menempatkan mesin daur ulang sampah plastik kota bogor upaya mengurangi sampah plastik. id balisustainablemovement,False,False,True,False,True,False,False,True,False,False,True,False
1300,karya seni daur ulang limbah botol plastik,False,True,False,False,False,True,False,False,True,False,False,True
1836,"sampah ga daur ulang pak,sampah peradaban jenis buzzer koruptor.kalau segera diuraikan berdampak puluhan bakan ratusan tahun kedepan.",True,False,False,False,True,False,True,False,False,False,True,False
876,jarang bgt lht pemimpin daerah yg pegang tumbler kbnyakan pegang air mineral d botol plastik. tahukah daur ulang plastik tu mnyiksa tanah.,True,False,False,False,True,False,True,False,False,False,True,False
1552,"ginilah aku jijiknya sama penggunaa fb pro!! nyolong video buat caption hoaks!! daur ulang plastik, bikin biji plastiik, bukan beras lol thololl ..",False,False,True,False,True,False,False,False,True,False,True,False
36,olah sampah plastik jadi bbm rencana depan nelayan daerah beritabaru beritabarujatim beritajatim beritabaruco,False,False,True,False,True,False,False,False,True,False,False,True
686,% sampah plastik digunakan bahan baku industri daur ulang negeri % jadi lebih setengahnya. lebih setengahnya impor,True,False,False,True,False,False,True,False,False,True,False,False
1823,daur ulang plastik mengurangi limbah. bripeduli worldcleanupday briliandancemerlang qrislink,False,True,False,False,True,False,False,False,True,False,True,False
639,daur ulang sampah plastik bawah persen,True,False,False,True,False,False,True,False,False,True,False,False
981,rujak sedang menggali ulang sejarah bantar gebang eh malah ketemu ini. tahun menyimpulkan daur ulang menyelesaikan sampah plastik. yg menyelesaikan perubahan pola konsumsi.,True,False,False,True,False,False,True,False,False,True,False,False
1575,"membuat stand base bahan papan daur ulang runner sampah plastik. potongan rapi, blm bongkar pasang kayak aslinya langsung dilem korea sambungannya.",False,True,False,False,True,False,True,False,False,True,False,False
1126,"usaha daur ulang plastik botol plastik rongsokan menjadi sapu plastik, masya allah. termasuk cara memanfaatkan limbah plastik. jenis plastik digunakan botol plastik air mineral, kalau kelasnya masuk jenis pet (polyethylene terephthalate). jadi juragan usaha sapu plastik mas danang, kamis lalu baru masuk islam, pengikraran pesantren darush sholihin. nantikan video usaha mas danang channel rumaysho tv. moga segera tayang insya-allah. —- karangtengah, wonosari, gunungkidul muharram h",False,False,True,False,False,True,False,False,True,False,False,True
1967,"*orga – si apel hijau mewakili sampah organik sisa makanan dedaunan terurai. *ano – si botol plastik mewakili sampah daur ulang &amp; b, plastik, kaleng, limbah berbahaya butuh penanganan khusus.",False,True,False,False,False,True,False,False,True,False,False,True
679,tp gue cukup penasaran botol daur ulang aqua ngambil source pet le minerale? masyarakat paham aja kalo sebenarnya industri manufaktur plastik source utamanya bukan virgin plastik bekas. yes they're recyclable.,False,True,False,False,False,True,False,True,False,False,False,True
732,ironis ! hingga hari indonesia memiliki standar baku daur ulang sampah plastik polikarbonat. sampah plastik polikarbonat sulit didaur ulang. - anak kolong -,True,False,False,False,True,False,True,False,False,True,False,False
415,ri galon bpa harga kemasan lebih mahal daya saing pelaku industri nya rendah nah galon pet harga kemasan lebih murah justru daya siang pelaku usaha lebih tinggi. hasil daur ulang limbah galon pet dijadikan produk turunan baru beragam.,False,True,False,False,False,True,False,True,False,False,False,True
1520,proses perangkaian kostum daur ulang selesai jam malemface with spiral eyesface with spiral eyessleeping face maaf guys telat post reelschallengereelschallenge monetasifbpro fbpropemula semuaorang fypreel muajemberrecommended kontenpemula jangkuanluas muawuluhan,False,True,False,False,True,False,True,False,False,False,False,True
1654,"sahabatpembangunan buat kamu senang pernak-pernik cantik, ayo ikut membuat pouch plastik daur ulang bersama recycling village rangkaian acara green economy expo. daftarkan dirimu, gratis terbatas melalui bit.ly/workshopgeexpo tuangkan kreasimu pouch kesayanganmu. jumpa cendrawasih room, jcc! greeneconomyexpo gee sustainablefuture circulareconomy bappenas membangunindonesia greeneconomyexpo greeneconomy",False,True,False,False,False,True,False,False,True,False,False,True
829,video proses pembuatan jersey nike rendah enviromental botol plastik dicampur sama % poliester daur ulang..,False,True,False,False,False,True,False,True,False,False,False,True
620,uni eropa alat makan minum sekali pakai dar plastik dilarang indonesia malah daur ulang..pemerintah kurang peduli,True,False,False,True,False,False,False,True,False,True,False,False
116,jakarta fair kemayoran menjadi ajang memperkenalkan inisiatif daur ulang botol plastik inovatif melalui acara bertajuk jaga indonesia,False,False,True,False,False,True,False,False,True,False,False,True
420,masuk pasar resin pet daur ulang inov yakin cetak laba akhir,False,True,False,False,False,True,False,True,False,False,False,True
1629,"plastik tetap plastik mau daur ulang berapakali tetap plastik. kalo hari memproduksi macam plastik, trus tiap tahunnya berapa ton sampah plastik yg berserakan..? baru macam plastiknya.. hitung tiap macamnya produksi berapa banyak harinya..? mikir..",True,False,False,True,False,False,True,False,False,True,False,False
1065,membuktikan sampah plastik memang sulit terurai. data % sampah plastik dunia pernah didaur ulang juta ton sampah plastik masuk laut tahunnya. perlu mengurangi penggunaan plastik sekali pakai meningkatkan daur ulang,True,False,False,False,True,False,True,False,False,True,False,False
90,coca-cola luncurkan botol terbaru plastik daur ulang,False,True,False,False,False,True,False,True,False,False,False,True
965,mulailah kecil membaca. sebenernya knapa sih pakai plastik? plastik daur ulang gak sih? sampah plastik apa yg daur ulang sampah plastik mana knapa daur ulang? cara daur ulang plastik gimana?,False,False,True,False,True,False,False,True,False,False,True,False
757,ingatkan semua mengurangi plastik daur ulang &amp; buang sampah sembarangan. sayang sistem daur ulang indonesia bagus. tadi marah waktu belanja disuruh bayar tas plastik. bilang bayar kalau butuh jgn kasih tas plastik!,False,True,False,True,False,False,True,False,False,True,False,False
1634,"daur ulang plastik indonesia sebenarnya mulai sejak -an. daur ulang plastik didominasi sektor informal berkembang mandiri. “dorongan utama manfaat ekonomi,” kata wilson pandhika sekjen indonesian plastics recyclers (ipr). bilang, daur ulang plastik punya imej buruk kualitas rendah, kotor, bau dinilai murah. itu, katanya, penting edukasi masyarakat mengubah pandangan pendaur ulang plastik indonesia peran circular economy. permasalahan lingkungan mendorong merancang model ekonomi kita,” katanya. berikut contoh hasil sampah plastik kopi sekali pakai. cantik khan ngga kalah sama tas bermereksmiling face with hearts. aku punya, yg minat preorder gaess:smiling face with heart-eyes:. af artisfacebook",True,False,False,False,False,True,True,False,False,False,False,True
11,sbi pemkab bantul kerja sama olah sampah plastik beritajogja jogja jogjaistimewa,False,False,True,False,True,False,False,False,True,False,False,True
287,rangka peringatan hari bumi perusahaan elektronik rumah tangga modena melakukan kunjungan ecollabo pelaku inovasi daur ulang plastik berbasis bali,False,True,False,False,False,True,False,False,True,False,False,True
1070,sampah plastik bukan masalah lingkungan masalah pengelolaan sampah. pengembangan teknologi daur ulang mengubah sampah menjadi sumber daya digunakan mendorong ekonomi sirkular.,False,False,True,False,False,True,False,False,True,False,False,True
1195,"ecobrick : ecobrick barang bekas daur ulang berupa botol bekas isi plastik sampah kemasan urai lingkungan puluhan tahun. manfaatkan pembuatan produk kursi, meja, pernik pernikahan, aksesoris gapura gerbang, dll. sangat bermanfaat mengurangi limbah plastik sampah terurai hingga puluhan tahun. memerlukan daur ulang aksesoris lainnya menghubungi kami. menyediakan ecobrick bentuk botol ml, botol ml, sampah plastik bersih isi ulangnya. berat gr - gr harga variasi mulai rp.. - rp. ecobrick riverside :",False,True,False,False,False,True,False,False,True,False,False,True
1444,"recycling symbol mesin gilling limbah plastik: solusi daur ulang efektif recycling symbol mesin gilling limbah plastik alat dirancang menghancurkan mencacah limbah plastik menjadi serpihan kecil. teknologi canggih, mesin membantu proses daur ulang menjadi lebih efisien ramah lingkungan. sparkles keunggulan mesin gilling limbah plastik: check mark button efisiensi tinggi – mampu mencacah berbagai jenis plastik cepat. check mark button ramah lingkungan – mengurangi limbah plastik mendukung daur ulang. check mark button konstruksi kuat – dibuat material tahan lama penggunaan jangka panjang. check mark button hemat energi – konsumsi daya rendah hasil maksimal. envelope with arrow dm info lebih lanjut langsung order via whatsapp: mobile phone with arrow :one o’clock: jam operasional: spiral calendar senin-jumat: . - . spiral calendar sabtu: . - . round pushpin head office: jl. candipuro no.a, rt./rw., pacar keling, kec. tambaksari, surabaya, jawa timur globe with meridians kunjungi website kami: cek link bio! daurulangplastik recycle gogreen mesinindustri pengolahanlimbah plasticshredder ecofriendly cahayaagroteknik sustainability limbahplastik",False,False,True,False,False,True,False,True,False,False,False,True
719,trubusmania peneliti lipi: limbah plastik daur ulang meninggalkan polutan trubusid,True,False,False,True,False,False,True,False,False,True,False,False
1485,sampah plastik daur ulang bestie asalkan mau ngumpulinya,True,False,False,True,False,False,True,False,False,True,False,False
991,daur ulang memperbaiki masalah plastik laut menyalahkan negara wilayah bumi bagian selatan praktik pengelolaan limbah buruk mereproduksi kebiasaan kolonial memindahkan masalah orang menyalahkan korban.,True,False,False,True,False,False,True,False,False,True,False,False
1572,"assalamu'alaikum warahmatullahi wabarakatuh update *lemari plastik pintu modern* merk *olymplast* garansi * tahun* spesifikasi tinggi cm x lebar cm x cm kode : otc p modern merk : olymplast bahan : berbahan plastik tebal berkwalitas, (bukan plastik daur ulang). terdapat laci bagian bawah. handle pintu lebar, menambah kesan kemewahan lemari plastik ini. kwalitas produk high quality *middle quality √* standart quality",False,True,False,False,True,False,True,False,False,True,False,False
539,jangan dilakukan: dicampur getah pinus dicampur oli bekas dicampur biji plastik dicampur alumunium foil diremek remek jangan ges jangan bahaya,False,True,False,True,False,False,True,False,False,True,False,False
1692,proyek daur ulang cerdas: menggunakan wadah plastik bekas ini!,False,True,False,False,True,False,False,False,True,False,False,True
855,emisi plastik pet lebih rendah plastik pet mudah daur ulang gak salah le minerale pakai galon sekali pakai jenis plastik pet,False,True,False,False,False,True,False,True,False,False,False,True
1166,sebuah perusahaan pengolahan daur ulang sampah plastik .. membuka peluang kerja utk bekerja belajar memahami pola pengolahan daur ulang sampah .. berminat .. silahkan hubungi no kontak tertera datang langsung alamat .. yuk kapan bekerja belajar memahami pola pengolahan daur ulang sampah plastik.,False,False,True,False,True,False,False,False,True,False,True,False
899,souvenir rups tahunan astra yaitu: tas bahan daur ulang botol plastik. laporan tahunan fisik tas. snack mungkin kebetulan bulan ramadan ya.,False,False,True,False,False,True,False,True,False,False,False,True
499,cm sayangnya konsumen membedakan plastik daur ulang bukan.. sulit sekali membedakannya kalau cat.. . sama sama mas..,False,True,False,True,False,False,True,False,False,True,False,False
1795,arif rahman abidin () mengonkretkan hilirisasi limbah diterapkan daur ulang botol plastik. sampah berkurang manfaat dituai lewat rupiah nilai tambah. simak kisahnya sini sosok untukindonesia adadikompas,False,False,True,False,False,True,False,False,True,False,False,True
338,ganjar mahfud memberikan solusi mencapai indonesia emas. lain.. gagasan ganjar-mahfud sat set mengatasi pencemaran sampah plastik,False,True,False,False,True,False,False,False,True,False,False,True
518,beli yg tukar galon jujur sulit akses tenaga buat daur ulang sampah plastik. beli galon air minum seminggu sekali,False,True,False,True,False,False,True,False,False,True,False,False
1352,save sini dulu beberapa kerajinan botol plastik bekas sekaligus jadi referensi buat p terutama berkaitan pengolahan sampah (botol plastik bekas),False,False,True,False,False,True,False,False,True,False,False,True
1019,dr. hartuti purnaweni mpa (ketua program studi doktor ilmu lingkungan undip) mengungkapkan mengelola sampah tak r reuse (penggunaan kembali) reduce (mengurangi) recycle (daur ulang) refuse (menolak) menolak pemakaian plastik berlebihan.,True,False,False,False,True,False,False,True,False,False,True,False
255,indonesia buang juta ton sampah per tahun. % antaranya plastik. kalau setengahnya aja diolah kayak gini bisa: black small squarekurangi tumpukan sampah black small squarekurangi impor bbm black small squarebuka lapangan kerja lokal ya.. semua balik satu hal: kemauan politik.,True,False,False,False,False,True,False,False,True,False,False,True
1794,desainnya keliatan sederhana klien suka banget. bikin semua furniturenya pakai plastik daur ulang,False,True,False,False,True,False,False,False,True,False,False,True
1798,rangka meningkatkan kesadaran pentingnya menjaga lingkungan mahasiswa universitas udayana tergabung komunitas penerima beasiswa yayasan karya salemba empat (kse) menggelar acara edukasi pelatihan daur ulang plastik.,False,False,True,False,True,False,False,False,True,False,True,False
1203,daur ulang sampah.. jarang update soalnya ngumpulin sampah dulusmiling face with open handssmiling face with open hands.. yuk daur ulang sampah menjadi lebih berguna smiling face with smiling eyessmiling face with smiling eyes duarulang sampah plastik fyp jangkauanluas,False,True,False,False,True,False,False,False,True,False,True,False
359,grup mind id ubah sampah plastik jadi solusi hijau fasilitas nursery lewat,False,True,False,False,True,False,False,False,True,False,False,True
1811,chart unik. sekilas w tinggal bkk penggunaan plastik sini banyak banget. beli gorengan aja plastik wadah gorengan lidi ama plastik nenteng. semua all new plastic. ga plastik item daur ulang. tp kok sampah th chart kecil. gimana th kelola sampah ya?,True,False,False,True,False,False,True,False,False,True,False,False
1316,"mengalirkan kemurnian hidrasi sehat, aqua memiliki komitmen mendukung tumbuhnya ekonomi sirkular kemasan plastik indonesia, menghadirkan inovasi botol terbuat % plastik daur ulang % daur ulang transparan pertama indonesia. berawal bali, kini kebaikan alam kebaikan hidup terus dialirkan mencapai ibu kota. aqualife temukan aksi nyata komitmen bijakberplastik aqua supermarket terdekat!",False,False,True,False,False,True,False,False,True,False,False,True
1640,"daur ulang botol plastik ramah lingkungan: co lebih rendah, bumi lebih hijau",False,True,False,False,False,True,False,False,True,False,False,True
554,aqua beralih menggunakan botol daur ulang disebut r-pet (recycle-polietilena tereftalat).,False,True,False,False,False,True,False,True,False,False,False,True
1480,"ketua umum asosiasi daur ulang plastik indonesia (adupi) christine halim tampil salah seorang pembicara webinar “tantangan peluang bisnis daur ulang plastik indonesia masa pandemi, jumat sore, juni digelar krista, adupi ipf (indonesia packaging federasi). christine menyatakan, melihat volume timbulan sampah indonesia mencapai juta ton , persen diantaranya sampah plastik, saatnya berkolaborasi menyelesaikan persoalan sampah plastik mengembalikan plastik circular economy sekaligus meningkatkan recycling rate dibawah persen. kebijakan menghambat iklim pertumbuhan daur ulang diminta dikaji ulang. wastemanagement circulareconomy indonesiagogreen",True,False,False,True,False,False,True,False,False,True,False,False
1231,"wastgood berfokus daur ulang sampah plastik, berkolaborasi desainer bas junianto cundra setiabudhi menghadirkan meja kursi belajar ramah lingkungan sma pangudi luhur jakarta. founder wastgood, arif, mengatakan inisiasi proyek direncanakan selama lima bulan. mulai proses pengumpulan limbah, desain, hingga pembuatan prototipe. proses produksi meja kursi belajar daur ulang memakan waktu selama bulan. arif menjelaskan, limbah tutup botol kemasan digunakan, sebagian dikumpulkan sampah dihasilkan sma pangudi luhur. itu, sisanya dikumpulkan warga sekitar, hingga bekerja sama bank sampah pengepul. hasilnya, wastgood berhasil mengumpulkan total hampir ton sampah akhirnya dipilah diproses menjadi furnitur. “kita pilah (sampah plastik) warna abu biru karna paling banyak,” kata arif. melalui kolaborasi tersebut, wastgood berhasil mendaur ulang lebih kg sampah plastik, lalu mengubahnya menjadi set meja kursi. arif menjelaskan, keunggulan meja kursi belajar daur ulang dibandingkan meja kursi umumnya, tahan air lapuk. “khusus produk sma pangudi luhur papan plastiknya di-coating lebih kuat tahan lama. semoga aksi kecil memberikan dampak besar keberlanjutan,” tutup arif. gimana menurutmu, sahabat daai?:smiling face with heart-eyes: saksikan konten-konten inspiratif menenangkan hati platform daai+ discover inspiring content. wastgood smapangudiluhur daurulang daaitv sebarkankebaikan discoverinspiringcontent",False,False,True,False,True,False,False,False,True,False,False,True
490,banyak tpa yg volumenya melebihi kapasitas penampungan. pengelolaan sampah indonesia menjadi pr pemerintah. dpr sendiri punya gerakan dpr hijau yg menjadi sistem praktik mendukung pengurangan limbah plastik maupun bahan yg sulit daur ulang.,False,True,False,True,False,False,True,False,False,True,False,False
961,menteri kelautan perikanan susi pudjiastuti mempromosikan sepatu daur ulang plastik. susi mengatakan membuang sampah sembarangan. kalau mempergunakan sampah tersebut,False,False,True,False,True,False,False,False,True,False,False,True
1784,blistener! coldplay merilis album ke- moon music bentuk vinyl terbuat plastik daur ulang. inisiatif membantu mengurangi polusi plastik menurunkan jejak karbon hingga % dibandingkan vinyl standar roadshow,False,False,True,False,True,False,False,True,False,False,False,True
1051,industri daur ulang plastik merupakan salahsatu industri yg terdampak besar selama masa pandemi covid- utilisasi produksi mencapai - persen.,True,False,False,False,True,False,False,True,False,False,True,False
1012,thankyou hero -- reposted from daur ulang bukan solusi mengunjungi amsterdam plastic reycling centre. %sampah plastik olah menjadi scrap plastik. %sampah berakhir incenerator.,True,False,False,True,False,False,True,False,False,True,False,False
1096,semoga belajar daur ulang sampah plastik sedikit membantu perbaikan iklim pertamina bagus banget bikin event yg peduli sama lingkungan energizingyouraction,False,False,True,False,False,True,False,False,True,False,False,True
877,dzoel moelia sampah plastik nda sih daur ulang..pantas udah jarang yg pake kantong plastik..yooweisslah.. daruratgantipresiden daruratgantipresiden,True,False,False,True,False,False,True,False,False,True,False,False
1000,pemanfaatan sampah nonorganik plastik &amp; botol plastik bekas bukan dilakukan industri daur ulang berskala besar semata. nyatanya sampah tersebut menghasilkan nilai ekonomi tangan pelaku umkm gas pol lingkungan,False,False,True,False,False,True,False,False,True,False,False,True
1684,"daur ulang bukan mengurangi sampah, menciptakan keindahan tak terduga. bonsai sakura botol plastik.",False,True,False,False,False,True,False,False,True,False,False,True
155,daur ulang plastik menjadi bbm made in indonesia..,False,True,False,False,True,False,False,True,False,False,False,True
584,tuh bajer galon sekali pake kek nya kurang literasi deh padahal aqua yg pertama loh yg kemasan plastiknya % terbuat plastik daur ulang % didaur ulang lagi. . bajer galon sekali pakai warrior biasanya cuma playing victim padahal yg nyampah siapa dasar..,False,False,True,False,True,False,False,True,False,False,False,True
1474,"butuh orang kerja rosok/ daur ulang plastik, kerjaan bongkar muat, pilah jenis warna, lokasi sekitaran wedomartani sleman,, info lebih lanjut wa",True,False,False,False,True,False,True,False,False,False,True,False
707,tangan orang kreatif indonesia sampah plastik diubah menjadi produk daur ulang multifungsi. sayangnya masifnya sampah plastik terlalu banyak diatasi beberapa orang saja. sampahplastikindonesia pencemaranlingkungan,True,False,False,False,False,True,True,False,False,False,False,True
1216,bunga hasil daur ulang sampah plastik smiling face with smiling eyessmiling face with hearts mungkin teman² yg suka khsmiling face with smiling eyessmiling face with heartsgrinning face,False,True,False,False,True,False,False,False,True,False,False,True
900,sepenuhnya anti plastik lini kehidupan erat plastik. salah satu lalukan mungkin efisiensi daur ulang semacamnya kata mas yusuf. aku sepakat poin ini. kopdartemankumparan beranimengubah mulaidarigue,False,True,False,False,True,False,False,False,True,False,False,True
490,banyak tpa yg volumenya melebihi kapasitas penampungan. pengelolaan sampah indonesia menjadi pr pemerintah. dpr sendiri punya gerakan dpr hijau yg menjadi sistem praktik mendukung pengurangan limbah plastik maupun bahan yg sulit daur ulang.,False,True,False,True,False,False,True,False,False,True,False,False
563,plastik dilebur jadi plastik dengann kualitas jelek daur ulang bukan namanya xp |,False,True,False,True,False,False,True,False,False,True,False,False
1145,sampah plastik daur menjadi beras plastik. hati hati..,True,False,False,False,True,False,False,True,False,True,False,False
1123,limbah menjadi mekar! ide daur ulang plastik cerdas taman anda!,False,True,False,False,True,False,False,False,True,False,False,True
515,tahukah kamu benda-benda plastik berwarna gelap botol saus tomat sebenarnya lebih sulit didaur ulang? jadi jangan lupa membuangnya benar si plastik ikut pesta daur ulang! koalisisampah,False,True,False,True,False,False,False,True,False,True,False,False
637,pengusaha daur ulang plastik kemasan plastik sekali pakai bernilai tinggi material daur ulang bahan baku produksi dipabrik semakin banyak material daur ulang semakin baik industri plastik dinegara sangat kekurangan bahan baku.,False,False,True,False,False,True,True,False,False,False,False,True
1364,"sampah menjadi permasalahan pelik terutama masyarakat perkotaan. bahkan sampah plastik kini menjadi isu global, terutama sampah mencemari lautan. selama manusia hidup beraktifitas, sampah selalu muncul. manusia mampu memikirkan bagaimana pengolahan pengendaliannya. informasinya: artikel selengkapnya:",False,True,False,True,False,False,False,True,False,True,False,False
1669,"menyiasati anjloknya harga limbah cara menyiasati anjloknya harga limbah anjloknya harga limbah menjadi tantangan besar pelaku usaha daur ulang pemulung. menghindari kerugian, berikut beberapa strategi diterapkan: . meningkatkan kualitas limbah dijual pilah bersihkan limbah lebih bernilai tinggi. limbah bersih lebih mudah diolah dihargai lebih mahal dibanding kotor tercampur. cacah press limbah plastik kardus lebih rapi efisien pengiriman, harganya lebih kompetitif. keringkan limbah kertas plastik mengurangi berat air menurunkan harga. . diversifikasi jenis limbah jangan fokus satu jenis limbah. harga plastik turun, mengumpulkan logam, kertas, kaca, limbah elektronik mungkin lebih stabil harganya. limbah tertentu, logam mulia elektronik bekas, memiliki nilai lebih tinggi tetap diminati. . menjual langsung pabrik daur ulang hindari terlalu banyak perantara menekan harga jual. cari pabrik daur ulang eksportir mau membeli jumlah besar harga lebih baik. manfaatkan platform digital marketplace limbah menjangkau pembeli langsung. . menyimpan limbah harga anjlok memungkinkan, tunda penjualan waktu simpan limbah baik hingga harga naik. pastikan limbah rusak membusuk selama penyimpanan, terutama limbah kertas plastik. . mengolah limbah menjadi produk bernilai jual harga limbah mentah turun, pertimbangkan mengolahnya menjadi produk daur ulang. contoh: limbah plastik dijadikan granul plastik bahan baku industri. kardus bekas diubah menjadi bubur kertas kemasan. kain bekas dijadikan keset tas ramah lingkungan. . mencari pasar alternatif ekspor harga pasar lokal rendah, cari peluang ekspor negara-negara membutuhkan bahan baku daur ulang. periksa regulasi ekspor limbah negara tujuan menghindari pembatasan impor. . efisiensi operasional mengurangi biaya kurangi biaya operasional mengoptimalkan rute pengangkutan limbah lebih hemat bahan bakar. gunakan teknologi sederhana mesin pencacah limbah meningkatkan efisiensi pengolahan. strategi ini, pelaku usaha limbah bertahan tetap mendapatkan keuntungan meskipun harga sedang anjlok.",False,True,False,False,False,True,False,False,True,False,False,True
1016,aku bantu infoin yaa kak grab recycle penanggulangan daur ulang sampah plastik karton/kardus yaa kak info lebih detailnya cek halaman berikut terima kasih -mamat,False,False,True,False,True,False,False,False,True,False,False,True
1370,"larangan penggunaan plastik sama halnya larangan kemasan rokok. bila plastik tetap terus perdebatkan sampah berbahaya bagaimana sampah kain (pakaian), menggunakan baju /pakaian kulit kayu? butuhkan kini solusi penanganan pengolahan sampah organik maupun anorganik profesional. bukan bakar yg menimbulkan dampak polusi baru.",False,False,True,False,True,False,False,False,True,False,True,False
1154,siap kirim seluruh indonesia yuk mau usaha daur ulang limbah plastik ikuti workshop cv berkah plastik winking face bimbingan penjelasan mentor profesional owner langsung dr cv berkah plastik usaha daur ulang limbah plastik siap membantu membimbing pemula mau menggeluti bisnis limbah plastik menyediakan mesin pencacah plastik berbagai kapasitas ukuran sesuai kebutuhan owner. siap menerima menampung hasil cacahan plastik harga pabrikan. lokasi /office : • jl. wilalung ds. menawan merak / kec.dempet kab.demak jateng • jl. jeruk vii no semarang monggo yg mau berkunjung silakan tanya gratis siap melayani jam insya allah amanah terpercaya silakan minat mau tanya konsultasi tlp telephone wa mobile phone with arrow / terimakasih.. .matursuwun folded handsgrinning face with smiling eyes limbahplastik cacahanplastik usahaplastik bisniscacahanplastik peluangusaha bisnissemarang bisnisdemak purwodadi demak semarang daurulanglimbahplastik daurulang mesinpencacahplastik jualmesincacahanplastik jualmesinpencacahplastik jualmesingilinganplastik mesincacahplastik gilinganplastik bijiplastik sampahplastik mesincacahplastikkalimantan bisniskalimantan,False,False,True,False,True,False,False,False,True,False,False,True
1049,fakta bikin miris sampah plastik kan sangat sulit daur ulang jumlah sampah -% daur ulang tasinibagalfamart,True,False,False,True,False,False,True,False,False,True,False,False
118,makin keren aja nih bankmandiri ini. terbaru pt bank mandiri tbk meluncurkan digital carbon tracking kartu debit &amp; kartu prabayar e-money berbahan plastik daur ulang &amp; kartu kredit nonfisik untk misi mendukung pencapaian emisi karbon nol bangsa indonesia .,False,False,True,False,True,False,False,True,False,False,False,True
744,negara maju punya solusi berkelanjutan daur ulang limbah plastik terkontaminasi,True,False,False,False,True,False,True,False,False,False,True,False
690,bukan soal daur ulang. global rata-rata persen sampah didaur ulang. bikin kemasan baru lebih murah recycle. kemasan plastik diproduksi tahun -an sampahnya berkeliaran alam hingga kini.,True,False,False,True,False,False,True,False,False,True,False,False
588,kok kekurangan pemain daur ulang..? kurang pemulung..? gw pernah dengar impor sampah utk bahan bakar blm pernah dengar ekspor sampah plastik yg d daur ulang..?,True,False,False,False,True,False,True,False,False,False,True,False
1085,baiknya wilayah dki punya tpst terintegrasi dgn pltsampah &amp; industri berbahan baku sampah anorganik shg sisa daur ulang sampah sedikit &amp; tdk perlu dibawa tpst bantar gebang. rw punya bank sampah yg menukar sampah plastik-logam-kaca dgn tiket transj &amp; krl.,True,False,False,True,False,False,True,False,False,True,False,False
1825,alaidid jadi krn informasi palsu ttg daur ulang plastik selama puluhan thn disebarkan tsb bikin krisis sampah plastik meningkat. krn pernyataan exxonmobil &amp; produsen plastik lainnya konsumen jadi lebih pilih beli kemasan plastik sekali pakai piring makanya sampah,True,False,False,False,True,False,True,False,False,False,True,False
834,ilustrasi lamunan plastik kualitas rendah -&gt; siklus daur ulang -&gt; dijual/beli -&gt; bahan bakar -&gt; bakar terbuka -&gt; cemaran lingkungan kesehatan ‍-&gt; temuan dioksin mikroplastik -&gt; ..,True,False,False,True,False,False,True,False,False,True,False,False
121,bank mandiri menjadi bank pertama indonesia menerbitkan kartu debit kartu prabayar e-money bahan plastik pvc daur ulang. bisnisupdate update bisnis text,False,False,True,False,True,False,False,True,False,False,False,True
660,indonesia berjuang melepaskan diri ketergantungan sampah impor menjadi sangat penting industri daur ulang terutama produksi kertas plastik.,True,False,False,False,False,True,True,False,False,False,False,True
1107,memiliki ton sampah dibuat hari favela brasil infrastruktur mendaur ulangnya butuhkan hanyalah sedikit kreativitas kesenangan membuat orang bersemangat daur ulang!,True,False,False,True,False,False,True,False,False,True,False,False
506,gak minum air kemasan botol ? sampah plastik aqua suka menimbulkan masalah oia galon aqua cuma jadi masalah :v tau kan kalau galon pc sulit daur ulang please jangan gadaikan otak mu kepentingan danone aqua,False,True,False,True,False,False,False,True,False,True,False,False
537,lebih satu tahun setengah tim pitibaraka bolak-balik mendokumentasikan upaya nelayan membersihkan sampah plastik pesisir utara jakarta. mayoritas polutan plastik botol plastik sedotan tali sterofoam oli kapal.,True,False,False,True,False,False,True,False,False,True,False,False
639,daur ulang sampah plastik bawah persen,True,False,False,True,False,False,True,False,False,True,False,False
372,seri shigen dirancang kebaikan planet orang-orang tinggal dalamnya ditulis kalau materialnya daur ulang; kertas botol pet &amp; perca.,False,False,True,False,False,True,False,True,False,False,False,True
271,sobat intress sadar sih kalau bumi semakin panas? jangan salahin buminya ya! bumi makin lelah melihat sampah plastik kian menggunung. sampah plastik sachet biasanya cuma berakhir tempat sampah saja. haribumi ecooffice kantorramahlingkungan,False,True,False,False,True,False,False,True,False,True,False,False
47,dusun dekat candi prambanan yogyakarta olah sampah plastik cara tak biasa tempotravel,False,True,False,False,True,False,False,True,False,False,False,True
995,tambahan: daur ulang memperpanjang umur penggunaan plastik menghilangkan masalah sampah plastik sendiri.,True,False,False,True,False,False,True,False,False,True,False,False
880,galon sekali pakai berbahan pet d daur ulang jarang temukan d tumpukan sampah yg banyak tetep botol plastik,False,True,False,True,False,False,True,False,False,True,False,False
777,ipi (ikatan pemulung indonesia)saja punya juta anggota. industri daur ulang plastik tiap kota. industri petrokimia kawasan cilegon industri kemasan makanan dll. semua menyerap belasan juta tenaga kerja &amp; investasi trilyunan rupiah.,False,False,True,False,True,False,False,False,True,False,True,False
1223,cinta tanah airku indonesia daur ulang sampah plastik kurangi sampah plastik dinegeri tercintaku indonesia.. lop yu indonesiaku daurulangsampah vod jangkauanluas fbpro godblessyou,False,True,False,False,True,False,False,False,True,False,False,True
1130,cara mendaur ulang plastik bekas semuaorang pengikut jangkauanluas fbpro viral sorotan,False,True,False,False,True,False,False,False,True,False,True,False
4,perjalanan edy ginting hingga olah sampah plastik jadi lukisan,False,True,False,False,True,False,False,False,True,False,False,True
1599,"lanjutan membuat hiasan kelas kemasan plastik bekas (daur ulang sampah). hasilnya, walaupun sempurna.. guru kelas sd negeri kinatang desa kinatang kec bonehau kab mamuju",False,False,True,False,True,False,False,False,True,False,False,True
869,gimana orang kebayakan sampah plastik aqua mini yg jarang industri mau daur ulang,False,True,False,True,False,False,True,False,False,True,False,False
1081,fess w si worth it. seenggaknya w sedikit membantu biar ga makin mencemari alam. btw yg beda bahannya plastik hasil daur ulang hingga %. harga emg lebih mahal krn utk buat produk daur ulang butuh alat yg lebi canggih &amp; pastinya butuh cost lebihh ig,False,True,False,True,False,False,True,False,False,True,False,False
841,nomor &amp; dibilang didaur ulang botol plastik jug. resin punya cukup permintaan pasarnya kapasitas daur ulang domestik mumpuni. sisanya masuk kategori plastik campur mana nilai jualnya lebih rendah,False,True,False,False,False,True,True,False,False,False,False,True
685,berkomitmen tida beli sedotan besi sampe gue sendiri menggunakan gelas plastik maupun kertas. sampe saatnya indonesia punya cara daur ulang baik plastik. sedotan plastik gue sangat mengurangi ngga pake samsek cuma gelas susah,True,False,False,False,True,False,True,False,False,True,False,False
1722,usa penggunaan pbde dilarang senyawa banyak ditemukan pasaran. alasannya? banyak plastik bekas yg beredar proses daur ulang plastik umumnya ga diregulasi ketat. cukup yakin indonesia banyak!!,False,True,False,False,True,False,True,False,False,True,False,False
1736,hari peduli sampah nasional yuk mulai biasakan langkah kecil membawa tumbler sendiri mengurangi plastik sekali pakai memilah sampah organik anorganik mendukung daur ulang. kebiasaan sederhana memberikan dampak besar,False,False,True,False,True,False,False,False,True,False,True,False
1152,"mahasiswa teknik lingkungan itera juara lomba daur ulang sampah itera news. tim mahasiswa program studi teknik lingkungan institut teknologi sumatera (itera) meraih juara ii lomba daur ulang sampah festival lingkungan maharipal diadakan uin raden intan lampung, beberapa waktu lalu. mahasiswa terlibat tim tersebut azura purnama, septiana kusuma dewi, rahmah, saptina lilyana, anggraini, amida, gita wulan, karissa rana, nasrul putra ainan azka. kegiatan tersebut, tim mahasiswa teknik lingkungan itera menciptakan paving block berbahan sampah plastik dinilai lebih kuat disbanding paving blok berbagan semen. tyan nufutomo selaku dosen pendamping mahasiswa menyebut, ide pembuatan paving block berbahan limbah plastik dapatkan melihat referensi dilakukan salah satu daerah jawa tengah. mencoba menerapkannya lampung, bagian upaya pengurangan sampah plastik sulit terurai. “tujuan daur ulang sampah melihat adanya permasalahan sampah plastik terus menumpuk berbagai tempat masyarakat. mengolah sampah tersebut menjadi sebuah benda lebih bermanfaat, menjadi paving block,” ujar tyan, rabu (//) baca selengkapnya",False,False,True,False,True,False,False,False,True,False,False,True
578,hooh jelek banget kayak plastik daur ulang. daan kadaluarsanya cuma sebentar kalau ga rapet nyimpene jamuran. waah baru tau kalau simbahmu orang kebumen,False,True,False,False,True,False,True,False,False,True,False,False
51,sbi pemkab bantul kerja sama olah sampah plastik -,False,False,True,False,True,False,False,True,False,False,False,True
857,bagja bener banget tingkat daur ulang tuh botol gelas plastik sangat rendah buktinya sampah aqua jenis banyak temukan mana,False,True,False,True,False,False,True,False,False,True,False,False
1939,"daur ulang sampah besaran, selokan tersumbat, sampe sampah laut",True,False,False,False,True,False,True,False,False,False,True,False
1838,usulin daur ulang sampah kali,False,True,False,False,True,False,False,False,True,False,True,False
837,fakta lapangan kedua jenis sampah plastik termasuk kertas bernilai tinggi hasil pengamatan diangka % nah % lainnya sampah bernilai rendah laku dijual dipabrik daur ulang tentunya dikumpulkan temen pengepul.,False,True,False,True,False,False,True,False,False,True,False,False
1119,"dosen stti bontang sukses daur ulang limbah plastik menjadi bahan bakar minyak orang melihat sampah memiliki nilai ekonomi. sekolah tinggi teknologi industri (stti) bontang justru melihat sebaliknya. sampah dikelola baik benar, memberikan nilai ekonomi masyarakat. kampus berada bawah atap yayasan pendidikan islam (yabis) bontang itu, sukses mengubah limbah sampah plastik menjadi bahan bakar minyak (bbm). hasil inovasi bahkan diusulkan lomba diadakan pemerintah kota (pemkot) bontang oktober mendatang. ahmad yani, irhamni nuhardin, fitria, ratnawati, irianto, empat nama balik inovasi tersebut. bermodalkan kompor gas, tabung freon, selang, tabung biskuit, keempat dosen stti bontang sukses menghasilkan bbm limbah sampah plastik. irhamni nuhardin mengatakan, hasil penelitian pengolahan limbah sampah plastik menjadi bbm diikutkan lomba inovasi, penelitian teknologi tepat (si peena) kota bontang. lomba tahun ini, pemkot bontang mengusung inovasi tema pengembangan teknologi berwawasan lingkungan. tiga hasil penelitian diajukan stti bontang desalinasi air laut menggunakan energi matahari sumber air tawar masyarakat kepulauan kota bontang, pemanfaatan limbah organik produksi bahan bakar gas penambahan effective microorgabism-, rancang bangun sistem distilasi air laut menggunakan energi surya metode desalinasi single stage flash. “semua usulan hasil penelitian masuk si peena. semuanya berwawasan lingkungan,” ungkap perempuan berkerundung tersebut. pengembangan teknologi berwawasan lingkungan merujuk peraturan wali kota (perwali) bontang nomor tahun pengurangan penggunaan produk plastik sekali pakai. melalui pengembangan teknologi itu, diharapkan volume sampah bontang ditekan tahunnya. “kami mengelola sampah memiliki nilai ekonomi masyarakat,” ucapnya. diketahui, volume sampah kota bontang tahunnya terbilang cukup tinggi. sehari saja, jumlah sampah dihasilkan masyarakat mencapai ton. “sekitar ton antaranya sampah plastik,” terangnya. selama ini, sampah plastik bontang dicacah dikirim pulau jawa. padahal dikelola baik benar, sampah-sampah dimanfaatkan memberikan nilai ekonomi cukup tinggi. “dari situ lah mencoba mengolah sendiri limbah sampah plastik kota bontang,” katanya. dosen tim penelitian stti bontang ahmad yani menuturkan, sejauh ini, pengolahan limbah gas metan bontang,kata dia, limbah sampah plastik kota taman –sebutan bontang- dikelola sendiri pengembangan teknologi, sampah memberikan nilai ekonomi. “saat ini, harga bahan bakar minyak jenis premium dijual rp ribu per liternya. kalau limbah sampah plastik kelola sendiri, harganya tekan,” katanya. sisi lain, masyarakat perlu khawatir menggunakan plastik. sebab, limbah sampah dikelola menjadi bbm. bbm dihasilkan bukan premium, berupa solar pertalite. “selama keterbatasan alat saja,” ujarnya. mengolah sampah menjadi bbm, baik irhamni, ahmad yani, ketiga rekannya, memanfaatkan barang bekas dibeli tempat loakan tabung freon, kaleng biskuit, selang besi. “semua bahan beli rp ribu. hasil uji coba lakukan, bahan bakar minyak dihasilkan ternyata dipakai buat motor,” katanya. ahmad yani berkeyakinan, alat pengolahan sampah dimodifikasi sedemikian mungkin, masyarakat bontang memanfaatnya baik aman. sekarang tinggal bagaimana dukungan pendanaan stakeholder terkait. “apabila alat sederhana kelurahan rt, banyak sampah dikurangi,” ucapnya. satu kilogram sampah menghasilkan mililiter bbm pemanfaatan teknologi dibuat irhamni kawan-kawannya terbilang cukup sederhana. limbah sampah plastik dicacah dimasukkan tabung freon dipanaskan atas kompor gas. hasil pembakaran kemudian dialirkan melalui sebuah selang besi didinginkan kaleng biskuit. itu, minyak olahan ditampung menggunakan toples. ahmad yani menerangkan, idealnya pengolahan sampah plastik satu kilogram menghasilkan bbm satu liter. terbatasnya alat, satu kilogram sampah baru mampu menghasilkan mililiter bbm. “saat pengujiannya, perlu dilakukan penyempurnaan. nantinya, sisa hasil pembakaran dimanfaatkan paping blok,” katanya. irhamni menceritakan, pengolahan limbah sampah pernah pelajari mendalami ilmu teknik kimia, khususnya konversi energi. kata dia, prinsipnya, energi berubah satu bentuk bentuk lainnya, energi dimusnahkan (dihancurkan). “sampah plastik dibuat bahan minyak. sekarang bagaimana mengembalikannya pengolahan minyak lagi,” katanya",False,True,False,False,True,False,False,False,True,False,False,True
1170,"langkah langkah konkrit menekan penggunaan plastik berlebihan alam tetap tersenyum bersahabat kitasmiling face with halo; . membawah kantong plastik sendiri . membawah botol minuman tumbler sendiri haus.jadi mesti membeli air kemasan plastik. . menggunakan sedotan plastik rumah makan,restauran warung . hindari membeli makanan minuman kemasan plastik. . daur ulang sampah plastik.(pisahkan sampah non organik organik rumah masing masing)",False,True,False,False,True,False,False,False,True,False,True,False
1991,"• kak, menjemput sampah plastik keras sampah daur ulang lainnya.. izin area kakak dimanakah?",False,True,False,True,False,False,False,False,True,True,False,False
975,ketua umum asosiasi daur ulang plastik indonesia (adupi) christine halim mengungkapkan industri daur ulang mampu menjadi penghubung lingkaran ekonomisirkular selama tersambung. stage,False,False,True,False,False,True,False,False,True,False,False,True
402,kalau udh ga jadi pot galon pet masuk pabrik daur ulang plastik. serapan industri daur ulang thd galon pet paling tinggi galon bekas ukurannya besar mudah dikelola menarik buat pemulung nilai ekonominya tinggi.,False,True,False,False,False,True,False,False,True,False,False,True
19,dlh klu olah sampah plastik jadi solar,False,True,False,False,True,False,False,True,False,False,False,True
688,banyaknya sampah plastik terbuang hasil pengelolaan sampah buruk. salah satu penyebabnya rendahnya daur ulang sampah indonesia. litbangkompas adadikompas lingkungan,True,False,False,True,False,False,True,False,False,True,False,False
35,cara olah sampah plastik jadi bahan komposit beton [news] taucepattanpabatas beritaterkini kampus kampusupdate .,False,True,False,False,True,False,False,True,False,False,False,True
876,jarang bgt lht pemimpin daerah yg pegang tumbler kbnyakan pegang air mineral d botol plastik. tahukah daur ulang plastik tu mnyiksa tanah.,True,False,False,False,True,False,True,False,False,False,True,False
527,harganya lebih mahal beras. banyak wow tajir ya; padahal kerjanya pengepul rongsokan. buka dikit. rosokkan macem- bahas jenis plastik saja. biasanya sering lihat tumpukan karung- jumbo. alur pengadaanya pemulung - jual,False,True,False,False,True,False,False,False,True,False,False,True
924,atasi permasalahan sampah plastik pendekatan produktif. yuk sobatproksi manfaatkan sampah plastik menciptakan barang daur ulang bermanfaat memiliki nilai ekonomis. selamat hari peduli sampah! februari,False,False,True,False,True,False,False,False,True,False,False,True
1872,"pameran produk daur ulang sampah ikut berpatisipasi meramaikan acara hpsn peserta beberapa komunitas perusahaan, sekolah pegiat lingkungan menampilan produk kreasi daur ulang sampah menjadi daya tarik",False,False,True,False,True,False,False,False,True,False,False,True
1965,"bersama wujudkan lingkungan bersih sehat! :globe showing Europe-Africa:sparkles mulai langkah kecil: pilah sampah, kurangi plastik, daur ulang recycling symbol. jadilah bagian perubahan bumi lebih baik! seedlinggreen heart haripedulisampahnasional",False,False,True,False,True,False,False,False,True,False,True,False
540,negara maju memilah sampah sejak rumah. benar. mendaur ulang sampah plastiknya. juga. persen! lalu dibuang mana? sebagian indonesia menyusup lewat impor kertas bekas. mencemari air udara telur tahu goreng kita.,True,False,False,True,False,False,False,False,True,True,False,False
1711,moorlife bukan pajangan bun bukan sebuah trend moorlife produk yg digunakan sehari bunsay tujuan awalnya tuk menjaga kesehatan tubuh dr bahan kimia berbahaya yg terurai dr plastik daur ulang bener dilakukan,True,False,False,True,False,False,True,False,False,True,False,False
488,penggunaan produk plastik hasil daur ulang berisiko kesehatan: sampahplastik menjadi persoalan pengelolaan sampah indonesia sulit terselesaikan. pasalnya komponen plastik menjadi jenis sampah sulit,True,False,False,True,False,False,True,False,False,True,False,False
247,olah sampah plastik jadi bahan bakar brin bank sampah banjarnegara kembangkan petasol,False,False,True,False,True,False,False,True,False,False,False,True
788,. pasta gigi padat nah genkz pasta gigi dipasaran selali dikemas tabung plastik sayangnya kemasan jenis sulit daur ulang. kandungan bahan-bahan banyak berasal senyawa-senyawa sintetis loh :(,True,False,False,False,True,False,True,False,False,True,False,False
1413,"sampah plastik menjadi masalah berbagai tempat, diolah seorang pria bali menjadi peluang. putu eka darmawan menyebut dirinya pemulung. eka membuat berbagai produk daur ulang plastik, mulai furnitur, bahan konstruksi interior, hingga campuran aspal produk fesyen. plastik dicacah dimasukkan mesin pengering bersuhu lebih derajat celsius. situ, plastik kemudian dicetak menjadi papan berukuran xcm tebal ,cm. “papan plastik digunakan pengganti kayu. sedang booming, banyak permintaan digunakan furnitur,” kata eka.",False,False,True,False,True,False,False,False,True,False,False,True
156,- pt venteny fortuna international tbk (venteny) berkolaborasi pt plastic bank indonesia (plastic bank) mengumpulkan lebih ribu kg plastik daur ulang setara satu juta botol plastik hingga tahun . aksi diharapkan,False,False,True,False,False,True,False,True,False,False,True,False
1691,"indonesia merupakan negara penduduk terbanyak ke- dunia merupakan penyumbang sampah plastik terbesar ke- dunia. berdasarkan data adupi (asosiasi daur ulang plastik indonesia) , angka sampah cukup besar ternyata memenuhi persen kebutuhan resin pet indonesia. kebutuhannya diperkirakan mencapai . ton per bulan. “inovasi produk berbasis pet terus berkembang, pararel tersebut, angka kebutuhan industri material pet terus bertambah. pet berpotensi menggantikan jenis material membuat harga produk menjadi lebih terjangkau,” kata factory manager pt bumi indus padma jaya (bipj) januar pribadi. pt bipj jombang menjadi pionir pabrik daur ulang berteknologi food grade indonesia. industri daur ulang plastik indonesia memang terus menunjukkan kemajuan impresif didukung kebutuhan negeri tersedianya post-consumer (sampah domestik) post-industrial. berita selengkapnya silakan klik radarjombang.id jombangbanget.id desakita.co info pp, endorsment iklan langganan koran call / chat wa : follow & subscribe akun medsos resmi : instagram : shamrock wonderland wonosalam facebook : jawa pos radar jombang, jombang banget.id youtube : radar jombang tv x : radarjombang tiktok : jpradarjombang",False,False,True,False,False,True,False,False,True,False,False,True
629,banyak sampah plastik disekitar padahal katanya daur ulang kalo kalian tanya sih banyak sampah plastik disekitar padahal plastik daur ulang ternyata semudah fergusoo.. plastik punya jenis berbeda,False,True,False,True,False,False,True,False,False,True,False,False
593,tips &amp; trik menjaga linkungan data sustainable waste indonesia (swi) tingkat daur ulang sampah plastik indonesia kurang % -%. padahal indonesia merupakan salah satu negara penghasil sampah plastik terbesar dunia. per hari nya,True,False,False,True,False,False,False,True,False,True,False,False
1350,"pengolahan sampah plastik menjadi bahan bakar minyak cara penyulingan. menghasilkan minyak solar, minyak tanah minyak bensin menghasilkan gas yg salurkan kompor. salam literasi. backhand index pointing upgrinning squinting face everyone",False,True,False,False,True,False,False,False,True,False,False,True
573,sampah bekwalitas bs daur ulang klu lu sampah plastik jelek hahaha,False,True,False,False,True,False,False,True,False,True,False,False
1767,launching gerakan masyarakat peduli anak sekolah eks panglima tniyudo margono saksikan demo drone hasil daur ulang sampah plastik,False,False,True,False,True,False,False,False,True,False,False,True
1831,berita ruso terupdate gelar pertemuan rutin dwp rutan soasiu antusias ikuti pelatihan daur ulang botol plastik selengkapnya: (humas rutan soasiu) kemenimipasri ditjenpas kanwilditjenpasmalut rutansoasiu,False,False,True,False,False,True,False,False,True,False,False,True
1798,rangka meningkatkan kesadaran pentingnya menjaga lingkungan mahasiswa universitas udayana tergabung komunitas penerima beasiswa yayasan karya salemba empat (kse) menggelar acara edukasi pelatihan daur ulang plastik.,False,False,True,False,True,False,False,False,True,False,True,False
129,siswa sman palembang tamu undangan melakukan daur ulang limbah plastik menjadi sampul buku wadah smartphone dompet.,False,False,True,False,True,False,False,False,True,False,False,True
813,mcr mas kalau sampeyan ngomong bio plastik argumen sampeyan sama kondisi dulu ga relevan. dimasalahin plastik udah tahun mengambang terurai. apakabar plastik seangkatan? mau bilang daur ulang polusi udah level mengkhawatirkan.,True,False,False,True,False,False,True,False,False,True,False,False
329,sampah plastik menjadi solusi! yuk cari tahu caranya program yok gas klbbri berkahramadan qrisbri,False,False,True,False,True,False,False,True,False,False,True,False
984,bukan soal daur ulang. global rata-rata persen sampah didaur ulang. bikin kemasan baru lebih murah recycle. kemasan plastik diproduksi tahun -an sampahnya berkeliaran alam hingga kini.,True,False,False,True,False,False,True,False,False,True,False,False
958,selama beberapa dekade berfokus usaha meningkatkan daur ulang bukti bertambah menunjukkan daur ulang cukup menyelesaikan permasalahan sampah plastik.,True,False,False,False,True,False,True,False,False,False,True,False
192,pemkab kobar cari ide olah sampah plastik menjadi barang ekonomi,False,True,False,False,True,False,False,True,False,False,False,True
1143,cara membuat bunga unik plastik bekas craft tutorial daurulang kerajinantangan,False,True,False,False,True,False,False,False,True,False,False,True
996,hingga india termasuk salah satu negara terdepan program daur ulang limbah plastik. catatan program lingkungan pbb unep india mendaur ulang persen limbah plastiknya jauh atas rata-rata dunia persen,False,False,True,False,True,False,False,False,True,False,False,True
703,sampah plastik impor membanjiri jawa timur terutama pabrik kertas maupun pabrik pengolahan plastik daur ulang.,True,False,False,True,False,False,True,False,False,True,False,False
610,susah kalau banyak pemburu rente (dlm import )&amp; didukung pejabat(kkn) sinyalemen bung rizal ramli.. ..buktinya pemulung(bandarnya) kurang semangat plastik daur ulang tdk dihargai,True,False,False,False,True,False,True,False,False,False,True,False
182,cuaca buruk nelayan putar otak olah sampah plastik,False,True,False,False,True,False,False,True,False,False,False,True
304,coba cek link deh share. video merupakan kegiatan proses daur ulang sampah plastik menjadi pelet putih butiran plastik putih dijadikan bahan membuat plastik kembali. bukan beras plastik ya! biasakan cek,False,True,False,False,False,True,False,True,False,False,False,True
1014,@ emridwan pertanyaannya plastik daur ulang apa % didaur ulang berakhir kali,True,False,False,True,False,False,True,False,False,True,False,False
1064,aku ambil hikmah dr tweetnya mba dian sbnernya gak salah to malah bagus berusaha buat meminimalisir penggunaan plastik tp bnyk yg salty inget nih indonesia penghasil terbesar plastik sampah kedua - % aja yg daur ulang,False,True,False,True,False,False,True,False,False,True,False,False
623,capek liat mentri kehabisan akal. semua pajak.. sekarang hrus balik pajak trsebut mengurangi sampah dgn daur ulang dgn pajak dibangun pabrik daur ulang klo enggak ngapain kena cukai berlebih. ppn per produk kurang ?,True,False,False,False,True,False,True,False,False,False,True,False
732,ironis ! hingga hari indonesia memiliki standar baku daur ulang sampah plastik polikarbonat. sampah plastik polikarbonat sulit didaur ulang. - anak kolong -,True,False,False,False,True,False,True,False,False,True,False,False
1073,daur ulang? jumlah sampah non-organik semakin besar tiap tahunnya faktanya sedikit jumlah sampah terdaur ulang indonesia. sisi waktu penguraian sampah plastik &amp; kaleng mencapai puluhan hingga ratusan tahun lho! masyarakatbijaksampah,False,False,True,False,False,True,False,False,True,False,False,True
553,kakak ipar gua bikin tempat usaha daur ulang plastik modalnya dr gadein sk bank ambil m.. lancar..?? cuma bulan doank sisanya bangkrut.. mau ga mau gajinya auto d cut buat bayar utang..,True,False,False,False,True,False,True,False,False,False,True,False
1247,daur ulang sampah plastik kresek.. hematbiaya,False,True,False,False,True,False,False,True,False,False,False,True
16,olah sampah plastik menjadi bbm,False,True,False,False,True,False,False,True,False,False,False,True
1835,"pak bersihin sampah ok, bagaimana tpa ditumpuk aja, coba bagaimana caranya daur ulang sampah mungkin klo dikumpulin sdh seluas pulau kalimantan.",True,False,False,True,False,False,True,False,False,True,False,False
550,gambar mengerikan diunggah laman facebook greenpeace italia memperlihatkan bagaimana perut paus sperma dipenuhi kantung plastik objek plastik lainnya.,True,False,False,False,True,False,False,True,False,False,True,False
662,udah opini nya ngaco aja membela diri sendiri terus udah kasih tau galon plastik sekali pakai daur ulang ngotot janganmenggiringopini,False,True,False,False,False,True,False,False,True,False,False,True
804,terpopuler news sirkulasi daur ulang plastik maksimal via,False,True,False,True,False,False,False,True,False,True,False,False
593,tips &amp; trik menjaga linkungan data sustainable waste indonesia (swi) tingkat daur ulang sampah plastik indonesia kurang % -%. padahal indonesia merupakan salah satu negara penghasil sampah plastik terbesar dunia. per hari nya,True,False,False,True,False,False,False,True,False,True,False,False
1508,barbienya blm disentuh mua smiling face with hearts ori guys..hand with index finger and thumb crossedtwo heartsfolded hands baju daur ulang bahan plastik fypkreatifitas anya annyeong semua orang semua viral,False,True,False,False,False,True,False,True,False,False,False,True
963,keempat belajar cara daur ulang sampah plastik mau banyak sampah plastik semakin menumpuk rumah disekitar lingkungan tempat kamu tinggal. sekalian dimanfaatkan digunakan alias daur ulang. enasea,False,False,True,False,True,False,False,False,True,False,True,False
977,sama sama jaga bumi sampah plastik. plastik sangat sulit diurai alami daur ulang plastik cukup mengurangi sampah plastik. sama sama menjadi pelopor perubahan,True,False,False,True,False,False,True,False,False,True,False,False
801,klo dikurangi apa substitusi nya om yg sifatnya murah meriah kayak plastik ? klo mendingan biarkan dibuat pengolahan daur ulang artinya dpt menciptakan lap kerja baik sbg pemulung pengumpul n pengolah limbah plastik simple kan om gud lak Indonesia,False,False,True,False,False,True,False,False,True,False,False,True
227,chandra asri gandeng sinar mas olah sampah plastik aspal jalan,False,True,False,False,True,False,False,True,False,False,False,True
1868,yg asli nya gerilyawan lalu berubah memakai jas duduk kursi presiden seharus nya berprilaku presiden bukan gerilyawan tak berubah berarti sampah yg tak daur ulang,False,True,False,False,True,False,False,True,False,False,True,False
1813,sampah plastik menjadi masalah berbagai daerah tak terkecuali samarinda kaltim. hadirnya pabrik daur ulang diharapkan mampu memberi solusi.,False,False,True,False,False,True,False,False,True,False,False,True
689,gimana daur ulang sampah plastik amdk beres? kemasan kecil makin banyak terus plastik air mineral cuma didaur ulang % doang. prediksi lebih banyak sampah plastik laut ikan bakal jadi kenyataan,True,False,False,True,False,False,True,False,False,True,False,False
486,sebuah laporan menunjukkan sampah danone aqua tahun beratnya lebih kali berat menara eiffel jelas sih krn semakin kecil sampah plastik semakin mudah dibuang sembarangan sulit dikumpulkan sulit masuk siklus daur ulang mencemari lingkungan,True,False,False,True,False,False,True,False,False,True,False,False
862,chan haha ktg plastik udah paling rendah dlm siklus daur ulang. kalau plastik daur ulang jd plastik lg tp turun tingkat,False,True,False,False,True,False,False,False,True,False,True,False
1699,"""kerajinan sedotan plastik melatih kreativitas anak, mengajarkan pentingnya daur ulang peduli lingkungan."" reelsfbpro kreativitasanak fyp jangkauanluas semuaorang",False,False,True,False,True,False,False,False,True,False,False,True
1049,fakta bikin miris sampah plastik kan sangat sulit daur ulang jumlah sampah -% daur ulang tasinibagalfamart,True,False,False,True,False,False,True,False,False,True,False,False
472,boemikita lampung pt boretech berkolaborasi daur ulang sampah pet jumat (//) baca selengkapnya di:,False,True,False,False,False,True,False,True,False,False,False,True
958,selama beberapa dekade berfokus usaha meningkatkan daur ulang bukti bertambah menunjukkan daur ulang cukup menyelesaikan permasalahan sampah plastik.,True,False,False,False,True,False,True,False,False,False,True,False
977,sama sama jaga bumi sampah plastik. plastik sangat sulit diurai alami daur ulang plastik cukup mengurangi sampah plastik. sama sama menjadi pelopor perubahan,True,False,False,True,False,False,True,False,False,True,False,False
643,walaupun sampah jenis daur ulang menjadi rahasia umum daur ulang sampah plastik menjadi perhatian negara kita.,True,False,False,True,False,False,False,True,False,True,False,False
877,dzoel moelia sampah plastik nda sih daur ulang..pantas udah jarang yg pake kantong plastik..yooweisslah.. daruratgantipresiden daruratgantipresiden,True,False,False,True,False,False,True,False,False,True,False,False
1222,proses daur ulang sampah menjadi ecobrik OK hand mendaur ulang sampah menjaga lingkungan bebas sampah plastik smiling face with halo kelasceria sdinpresnania daurulangsampah sampahecobrik,False,False,True,False,True,False,False,False,True,False,False,True
1162,hasil akhir daur ulang sampah plastik,False,True,False,False,True,False,False,False,True,False,True,False
1419,"maa syaa allah.. alhamdulillah.. bunga hias plastik, daur ulang plastik kresek.. sampah plastik berkurang, rumah cantik terhias.. bismillah bungahiasplastik daurulangplastik",False,True,False,False,True,False,False,False,True,False,False,True
653,gila makin lama amerika emang licik bgt. buang sampah plastik yg gabisa daur ulang jawa timur dijadiin bahan bakar buat pabrik tahu. padahal indo susah buat pengolahan sampahnya. pemerintah lengah bgt buat beginian,True,False,False,True,False,False,True,False,False,True,False,False
1531,telat post kak waktu p ikut fashion show pake daur ulang plastik,False,True,False,False,True,False,False,False,True,False,False,True
973,niat daur ulang mulia sayangnya % sampah plastik dunia terdaur ulang. artinya perubahan level berskala besar.,True,False,False,True,False,False,True,False,False,True,False,False
1304,"genox single shaft shredder v fire punya limbah plastik menumpuk? mulai usaha daur ulang? light bulb genox v solusi tepat anda! glowing star keunggulan genox v: check mark button hancurkan berbagai jenis plastik (hdpe, pp, pet, dll) check mark button mesin kuat & awet, cocok kerja berat check mark button hemat energi & perawatan mudah check mark button efisiensi tinggi, hasil potongan rapi & merata check mark button cocok industri daur ulang skala kecil hingga menengah genox v, proses daur ulang jadi lebih cepat menguntungkan! money bag telephone receiver tertarik? tanya harga & info lengkap sekarang!",False,True,False,False,False,True,False,True,False,False,False,True
1656,"opini : pendanaan tata kelola sampah plastik sangat penting dukungan finansial memadai, upaya pengelolaan pengurangan polusi plastik sulit dilakukan efektif. berikut beberapa alasan pendanaan krusial: . infrastruktur pengelolaan sampah banyak negara, terutama negara berkembang, kekurangan infrastruktur pengelolaan sampah memadai, sistem daur ulang efisien, fasilitas pemrosesan limbah, tempat pembuangan ramah lingkungan. pendanaan membantu membangun meningkatkan sistem ini. . dukungan ekonomi sirkular mengurangi ketergantungan plastik sekali pakai, diperlukan investasi model ekonomi sirkular, sistem isi ulang penggunaan ulang. ini, investasi sektor rendah, pendanaan tambahan sangat diperlukan mempercepat peralihan solusi lebih berkelanjutan. . pengurangan beban lingkungan kesehatan sampah plastik terkelola baik mencemari lingkungan, merusak ekosistem, bahkan berdampak kesehatan manusia. pendanaan cukup, pemerintah organisasi mengurangi dampak negatif melalui program pembersihan, kampanye edukasi, inovasi teknologi ramah lingkungan. . mendorong tanggung jawab produsen pendanaan berperan penerapan kebijakan extended producer responsibility (epr), mana produsen plastik diwajibkan mendanai pengelolaan limbah produk mereka. memastikan biaya penanganan limbah ditanggung pemerintah masyarakat. . riset inovasi teknologi pengembangan teknologi baru daur ulang lebih efisien bahan alternatif ramah lingkungan memerlukan investasi besar. adanya pendanaan, riset inovasi pengelolaan sampah plastik berkembang lebih cepat. jadi, pendanaan cukup, solusi sulit diterapkan luas, krisis polusi plastik semakin memburuk.",True,False,False,False,True,False,True,False,False,False,True,False
1607,"pelaku daur ulang terseok-seok digulung jatuhnya harga sampah domestik nyaris semua harga pungutan sampah domestik terjun bebas kisaran - persen sejak januari . berdampak langsung pengepul, usaha pencacahan sampah hingga biji plastik kawasan tpst bantargebang, tpa sumurbatu burangkeng, dll. apa penyebab turunnya harga tersebut?! meminta intervensi pemerintah pusat konteks perbaikan stabilisasi harga sampah domestik. namun, hingga kini jawaban jelas resmi presiden ri. kebijakan memihak pemulung, pengepul, pencacah plastik sektor daur ulang negeri? sekarang hidup terseok-seok, bangkrut, mati. menunggu keputusan presiden ri tak kunjung datang!* // koalisi persampahan nasional (kpnas) asosiasi pelapak pemulung indonesia (appi) yayasan pendidikan lingkungan hidup persampahan indonesia (yplhpi)",True,False,False,True,False,False,True,False,False,True,False,False
162,coca-cola europacific partners indonesia dynapack asia resmikan fasilitas daur ulang botol plastik pet bekasi. sustainable sustainability berkelanjutan keberlanjutan csr majalahcsrid indonesia bisnisberkelanjutan botolpet botolplastik,False,False,True,False,False,True,False,True,False,False,False,True
1710,"sabut mandi // shower puff oriflame pushpin material: % polyester daur ulang. % kemasan plastik daur ulang. ukuran: x . cm rp.,- cross mark, rp. :star-struck: guratu mobile phone with arrowwa.me/+ sabutmandi showerpufroriflame sinetwork",False,True,False,False,True,False,False,True,False,False,False,True
960,tujuan ekonomi sirkular mengurangi gap kapasitas industri daur ulang limbah plastik daur ulang kondisi ekonomi linier memberikan insentif nyata daur ulang; hampir semua produksi akhirnya dibuang (sampah).,False,False,True,False,False,True,False,False,True,False,False,True
548,inov (pt inocycle technology): spesialis daur ulang plastik jadi serat tekstil (recycled pet). ekspor kuat jepang &amp; eropa. revenue-nya stabil pasar fluktuatif. cocok buat investor konservatif.,True,False,False,False,False,True,False,True,False,False,False,True
881,padahal plastik dimanfaatkan jadi produk yg bermanfaat pelaku kerajinan kecil daur ulang plastik menjadi barang berguna jarang sekali mendapat dukungan semua pihak.,False,True,False,False,False,True,True,False,False,False,False,True
1019,dr. hartuti purnaweni mpa (ketua program studi doktor ilmu lingkungan undip) mengungkapkan mengelola sampah tak r reuse (penggunaan kembali) reduce (mengurangi) recycle (daur ulang) refuse (menolak) menolak pemakaian plastik berlebihan.,True,False,False,False,True,False,False,True,False,False,True,False
1957,. . mulai langkah kecil: check mark button kurangi penggunaan plastik sekali pakai check mark button pilah daur ulang sampah bijak check mark button manfaatkan sampah organik menjadi kompos check mark button ajak orang lebih peduli lingkungan . .,False,False,True,False,True,False,False,False,True,False,True,False
1363,"mahasiswa itn malang teliti efisiensi conveyor pengangkut sampah plastik daur ulang optimal itnmalangnews – meningkatnya volume sampah plastik menjadi perhatian serius berbagai wilayah. berbagai upaya dilakukan mengurangi sampah plastik, salah satunya mendaur ulang. harapannya mengurangi sampah plastik tempat pembuangan sampah, sekaligus menghasilkan produk baru. memudahkan proses daur ulang, tempat daur ulang dibutuhkanlah conveyor (mesin pengangkut). ruben tiofanto hutabarat, lulusan terbaik program studi teknik mesin s-, fakultas teknologi industri (fti), institut teknologi nasional malang (itn malang) melakukan penelitian mendalam menganalisis bagaimana beban diangkut mempengaruhi kinerja mesin pengangkut (conveyor) mesin pencacah sampah plastik. penelitiannya berangkat kesadaran pengolahan sampah plastik menjadi partikel kecil melalui mesin pencacah merupakan langkah penting proses daur ulang. mesin conveyor sendiri berperan penting memindahkan sampah plastik menuju mesin pencacah. dibawah bimbingan dosen dr. eko yohanes setyawan, st., mt., penelitian bertujuan mengetahui bagaimana variasi berat sampah diangkut mempengaruhi kecepatan efisiensi kerja conveyor. ""dengan memahami pengaruh beban kinerja conveyor, mengoptimalkan proses daur ulang. meningkatkan produktivitas mengurangi beban kerja manual memindahkan sampah,"" ujar ruben. peraih ipk , ikut diwisuda wisuda periode tahun . penelitian ruben melibatkan perancangan pengujian mesin conveyor pencacah sampah berbagai material besi siku, besi kanal u, gear, rantai, bearing, motor penggerak. proses pengujian dilakukan variasi rasio gear pengukuran kecepatan mesin mengangkut beban sampah berbeda-beda. conveyor berukuran panjang cm, lebar cm, tinggi cm, kecepatan motor awal rpm gearbox :. hasil penelitian diharapkan memberikan kontribusi signifikan dunia industri conveyor, khususnya aplikasi pengolahan sampah plastik. data akurat mengenai pengaruh beban, industri daur ulang merancang sistem conveyor lebih efisien, menghemat waktu, mengurangi beban fisik pekerja. ruben merupakan putra pasangan charles antofa hutabarat, tiorida silitonga. menyelesaikan pendidikan sekolah menengah atas sma hang tuah sidoarjo. selama kuliah pemuda asal sidoarjo sempat mengenyam suka duka menjadi ojek online sejak semester . “banyak waktu luang, mengikuti organisasi. makanya narik ojek online. ya, cukup menambah uang saku, sehari rata-rata ribu rupiah. sukanya jalan-jalan malang raya, kalau dukanya kadang orderan sepi,” ungkapnya. kondisi sepi biasanya satu customer, kebanyakan mahasiswa. (mita erminasari/humas itn malang)",False,False,True,False,True,False,False,False,True,False,True,False
99,tim ilmuwan china berhasil kembangkan metode baru daur ulang plastik,False,False,True,False,False,True,False,True,False,False,False,True
1641,"sisi lain, tingkat daur ulang sampah plastik jumlah timbulan sampah plastik sangat rendah sampah plastik menjadi persoalan besar perlindungan pelestarian lingkungan hidup. masalah sampah lebih sekedar masalah teknis merupakan menjadi cerminan perilaku masyarakat lingkungan. perubahan pengelolaan sampah dimulai kebiasaan sehari-hari dilakukan konsisten memberikan dampak besar lingkungan. cara efektif lainnya pengelolaan sampah plastik. menjalankan bisnis daur ulang plastik. informasi lebih lanjut, kalian mengunjungi website menghubungi / ya! bisnis daurulang sampahplastik pojokplastik indonesia",True,False,False,True,False,False,True,False,False,True,False,False
255,indonesia buang juta ton sampah per tahun. % antaranya plastik. kalau setengahnya aja diolah kayak gini bisa: black small squarekurangi tumpukan sampah black small squarekurangi impor bbm black small squarebuka lapangan kerja lokal ya.. semua balik satu hal: kemauan politik.,True,False,False,False,False,True,False,False,True,False,False,True
104,kantor cabang bsi nantinya sediakan mesin daur ulang sampah plastik yg terintregasi dg aplikasi plasticpay. tahap awal bsi plasticpay indonesia menempatkan rvm area publik. balisustainablemovement,False,False,True,False,True,False,False,True,False,False,False,True
1449,"relief kh, maimoen zubair, terbuat daur ulang sampah plastik. firerecycling symbolred heartIndonesia. art relief recycleart recycleplastic recyclingart khmaimoenzubair theartofrecyclingplasticwaste daurulangsampah artisaweapontodestroywaste daurulangplastik seniadalahsenjata pilahsampahdarirumah",False,True,False,False,True,False,False,False,True,False,False,True
1447,"halo calon pengusaha! pojok plastik punya solusi kamu mau mulai usaha ngga punya lahan luas loh! salah satu paket usaha pojok plastik ini, kamu punya bisnis daur ulang sampah plastik cukup lahan garasi halaman rumah ya! penasaran? mau tau caranya? tunggu apa lagi? let's join us! informasi lebih lanjut, kalian mengunjungi website menghubungi / ya! bisnis daurulang sampahplastik pojokplastik indonesia",False,False,True,False,True,False,False,False,True,False,True,False
1653,"wajib daur ulang – pemerintah jepang mewajibkan daur ulang bahan plastik digunakan kantor pabrik paling cepat mulai april menaikkan tingkat daur ulang sampah plastik rendah dihasilkan kegiatan perusahaan. , juta ton sampah plastik dihasilkan jepang , , juta berasal sektor korporasi, sebagian besar dibakar. pemerintah mengajukan rancangan undang-undang (ruu) mewajibkan perusahaan, termasuk perusahaan kecil, mendaur ulang sampah plastik sidang parlemen tahun depan. panel ahli mendukung proposal kementerian ekonomi, perdagangan industri kementerian lingkungan hidup ini. berdasarkan rencana tersebut, penghasil limbah besar diminta memisahkan plastik sampah menyerahkannya perusahaan daur ulang. meskipun perusahaan kecil dibebaskan kewajiban tersebut, diminta meningkatkan upaya daur ulang. pemerintah memutuskan awal tahun mendaur ulang sepenuhnya , juta ton sampah plastik dihasilkan rumah tangga tahun. beberapa kota memiliki sistem mengumpulkan sampah kemasan plastik, baki makanan botol, barang-barang mainan alat tulis sebagian besar dibakar dibuang tempat pembuangan sampah. kementerian mengusulkan mewajibkan pengecer restoran mengurangi penggunaan plastik sekali pakai sedotan sendok, mendesak bertanya pelanggan sebelumnya menggunakan plastik tersebut meningkatkan penggunaan bioplastik. pemerintah mempromosikan pengurangan penggunaan daur ulang plastik konservasi sumber daya pengendalian polusi, bertujuan memangkas limbah plastik sekali pakai hingga % . lebih juta ton sampah plastik diperkirakan mengalir lautan tahun, menyebabkan polusi mikroplastik, mana potongan-potongan kecil plastik terdegradasi menyerap bahan kimia berbahaya menumpuk ikan, burung, hewan naik rantai makanan. jangan ketinggalan info menarik soal jepang indonesia instagram twitter kanal haljepofficial youtube",True,False,False,True,False,False,True,False,False,True,False,False
590,indonesia udh yg namanya bank sampah kok. cuma emg kesadaran diri masing aja yg kurang ka. pelaku bisnis daur ulang sampah plastik kok. kalo kesadaran dirinya tinggi sih enak gaperlu gaji pemulung utk keliling udh yg nyetor kelapak.,True,False,False,False,False,True,True,False,False,False,False,True
631,ri daur ulang sampah plastik jd pekerjaan besar studi yg dilakukan pascasarjana ui bilang pulau jawa aja hasilkan ton sampah plastik/bulan .% diantaranya dikumpulkan pelaku daur ulang upstream (pengumpul) yg .% langsung menuju tpa ato menjadi sampah.,True,False,False,True,False,False,True,False,False,True,False,False
1702,"kecantikan dinilai fisik saja. menunjukkan kecantikan dimiliki, sahabat menunjukan bakat dimiliki, menunjukan perilaku sopan, memiliki hati lembut selalu berbagi hal-hal positif. bidadari sekolah km tampil cantik & anggun acara pagelaran p sekolah km, dgn memakai gaun/dress yg terbuat dr sampah plastik. salah satu bukti nyata jk kecantikan terjadi dgn polesan. sampah sj daur ulang mjd berharga & bermakna. yuk kt buat hidup kt bermakna sekitar.",False,False,True,False,True,False,False,False,True,False,False,True
965,mulailah kecil membaca. sebenernya knapa sih pakai plastik? plastik daur ulang gak sih? sampah plastik apa yg daur ulang sampah plastik mana knapa daur ulang? cara daur ulang plastik gimana?,False,False,True,False,True,False,False,True,False,False,True,False
1028,bahan eco fabric plastik daur ulang menegaskan komitmen macron sociedad lingkungan. jersey baru bukan soal penampilan perwujudan komitmen klub masa depan lebih hijau. thefootballicious realsociedad,False,False,True,False,True,False,False,False,True,False,True,False
406,investasi senilai rp miliar produksi pet daur ulang (recycled pet/rpet) mengurangi penggunaan plastik murni (virgin pet).,False,False,True,False,False,True,False,True,False,False,False,True
1158,ide kreatif memanfaatkan plastik bekasthumbs upsmiling face kreatif edukasi inspirasi poo viral kerajinantangan amazing trending,False,True,False,False,True,False,False,False,True,False,False,True
689,gimana daur ulang sampah plastik amdk beres? kemasan kecil makin banyak terus plastik air mineral cuma didaur ulang % doang. prediksi lebih banyak sampah plastik laut ikan bakal jadi kenyataan,True,False,False,True,False,False,True,False,False,True,False,False
1687,"perabot plastik stylish ramah lingkungan? herb ijm jawabannya! desain modern bahan daur ulang aman, perabot plastik ijm tak mempercantik rumahmu, membantu menjaga lingkungan. kualitas terjamin, tampilannya keren, harganya tetap terjangkau! yuk, buat pilihan cerdas rumah nyaman bumi lebih sehat. ijm siap kirim perabotan impianmu langsung rumah hari ini! articulated lorrysparkles dapatkan harga spesial klik link bio sekarang! perabotanrumah perabotanterjangkau perabotanplastik ramahlingkungan plastikdaurulang perabotanaman perabotanberkualitas rumahminimalis dekorasirumah interiorrumah rumahsehat pilihanhemat furniturerumah perabotrumahmodern ecofriendly produkdaurulang rumahnyaman rumahtangga solusirumah plastikaman desainrumah kebutuhanrumah rumahramahlingkungan furnitureminimalis belanjahematyayogya",False,True,False,False,True,False,False,True,False,False,False,True
751,beberapa sektor udah jalan: industri daur ulang plastik (inov) daur ulang logam berat (mhki) proyek biomassa &amp; wte (oasa toba) sinkron &amp; didukung penuh kebijakan nasional.,True,False,False,False,True,False,True,False,False,False,True,False
875,menfess jangan disamain sm indo nder malah klw minum air mineral lebih sering pakai botol sekali pakai jarang yg pakai galon isi ulang sampah plastik daur ulang rakyatnya disiplin tau gimana milah sampah coba deh liat drama adegan ~,True,False,False,True,False,False,True,False,False,True,False,False
455,booth le minerale jakarta fair kemayoran (jfk) memberikan edukasi konsumen. adapun edukasi terkait produk daur ulang pet bernilai ekonomi.,False,False,True,False,False,True,False,True,False,False,False,True
842,gua kerja bagian lingkungan masalah plastik nih emang parah banget sih costnya gede banget kalo mau bikin tempat daur ulang proper. jadi paling cepet dibakar insinerator. emang kesadaran orang tuh rendah banget. sampe berbusa gua tiap minggu sosialisasi,True,False,False,True,False,False,True,False,False,True,False,False
1331,proses perakitan bahan pengolahan sampah plastik menjadi minyak kreatorpemula jangkauanluas,False,True,False,False,True,False,False,True,False,False,False,True
742,rencana merintis usaha biji plastik daur ulang lokasi mesin bikin sendiri modalnya punya.. barangkali mau bergabung..,False,False,True,False,True,False,False,False,True,False,True,False
884,galon sekali pakai berbahan pet d daur ulang jarang temukan d tumpukan sampah yg banyak tetep botol plastik,False,True,False,True,False,False,True,False,False,True,False,False
832,sampah plastik neutral valued didaur ulang labor wagenya rendah makanya u.s. ekspor sampah plastik neutral valued china. sekarang china mengurangi impor sampah plastik sistem daur ulang dunia hancur.,True,False,False,True,False,False,True,False,False,True,False,False
627,ccof perluas inovasi daur ulang limbah plastik luar pulau jawa: perusahaan berkomitmen memperluas infrastruktur daur ulang indonesia terutama wilayah kurang memiliki infrastruktur pengelolaan limbah plastik. aksi,False,False,True,False,True,False,False,True,False,False,True,False
328,polusi plastik indonesia: tantangan solusi laporan kementerian lingkungan hidup kehutanan (klhk) tahun indonesia merupakan penyumbang sampah plastik terbesar kedua dunia tiongkok juta ton sampah per tahun masuk laut.,True,False,False,True,False,False,True,False,False,True,False,False
709,anak muda belanda berhasil buat mobil plastik daur ulang ribut shalat ied dekat gereja,True,False,False,False,True,False,False,True,False,False,False,True
1800,tragis mayat pria ditemukan mengapung kolam limbah daur ulang plastik kecamatan pogalan,False,True,False,False,True,False,True,False,False,True,False,False
264,‍ jadwal terbaru car free day april ! ‍ halo warga surabaya! berikut jadwal terbaru car free day (cfd) hari: minggu alarm clock waktu: . - . wib tips cfd: gunakan pakaian nyaman bawa botol minum ramah lingkungan hindari sampah plastik,False,True,False,True,False,False,False,True,False,True,False,False
1639,"mesin peralatan daur ulang plastik efisien hemat energi, mengadopsi teknologi perlindungan lingkungan pemanas suhu rendah. efektif mengolah sampah plastik menjadi partikel, memiliki karakteristik air pendingin, peregangan pembuangan air limbah. pengoperasian sederhana, cocok bahan pe, hdpe, ldpe lldpe, pvc, po, pa, cpe. whatsapp situs: plastic bags plastic pellets plastic recycling plastic recycling machinery plastic granulator plastic pelletiser plastic cutting machine film recycling machine plastic film plastic bag making machine plastic film blowing machine plastic extruder plastic waste recycling plastic recycling air-cooled hot cutting granulator multilayer co-extruded blown film production line plastic courier bags",False,True,False,False,False,True,False,False,True,False,False,True
1442,"proses daur ulang sampah plastik, menjadi biji plastik diolah menjadi berbagai macam produk bernilai ekonomis. inovasi daurulangplastik jangkauansemuaorang pengikut",False,True,False,False,False,True,False,False,True,False,False,True
407,wujudkan praktik bisnis ramah lingkungan pt namasindo plas gunakan energi surya pembuatan botol pet daur ulang,False,False,True,False,True,False,False,True,False,False,True,False
1875,mau gimana lagi.. psi udah level sampah daur ulang folded hands,False,True,False,False,True,False,False,True,False,False,True,False
1817,aman bantal yg isinya dacron (daur ulang plastik) dicuci. kering ga bikin kempes. tp jangan coba bantal yg isinya kapas/kapuk kempes,False,True,False,False,True,False,False,True,False,False,False,True
644,memasuki masa tenang pemilu pengelolaan sampah alat peraga kampanye (apk) dibeberapa daerah daur ulang berakhir menjadi sampah. pengkampanye urban greenpeace indonesia atha rasyadi mengatakan baliho digunakan berbahan plastik pvc vinyl,False,True,False,False,True,False,True,False,False,True,False,False
488,penggunaan produk plastik hasil daur ulang berisiko kesehatan: sampahplastik menjadi persoalan pengelolaan sampah indonesia sulit terselesaikan. pasalnya komponen plastik menjadi jenis sampah sulit,True,False,False,True,False,False,True,False,False,True,False,False
949,penanganan sampah plastik bergantung daur ulang semata. diperlukan alternatif mengurangi sampah plastik. harilingkunganhidupsedunia adadikompas,True,False,False,False,True,False,True,False,False,False,True,False
1068,luar biasa sekali! bsi memang fokus keuntungan peduli lingkungan. pengurangan emisi karbon daur ulang limbah plastik signifikan patut diacungi jempol. teruskan inisiatif hijau ini! kinerjabsiqmoncer,False,False,True,False,True,False,False,False,True,False,True,False
491,endroo biar sadar ibu kalau sampah plastik sulit urai buat daur ulang begini jg sulit kan?,False,True,False,True,False,False,True,False,False,True,False,False
1874,"bukan barang itu, sampah yg tak daur ulang",False,True,False,False,True,False,False,True,False,False,True,False
1742,hari sampah internasional pt alba tridi plastics perusahaan daur ulang plastik dipimpin perempuan membuktikan pentingnya rantai nilai inklusif ekonomi sirkuler. melalui dukungan adb memberdayakan pengumpul plastik meningkatkan volume daur,False,True,False,False,True,False,False,True,False,False,False,True
148,dukung gerakan daur ulang kurangi sampah plastik indonesia.,False,False,True,False,True,False,False,False,True,False,True,False
1538,daur ulang plastik bukan beras plastik fyyp viral fb,False,True,False,False,False,True,False,False,True,False,False,True
934,proses daur ulang plastik tahu,False,True,False,False,True,False,True,False,False,False,True,False
1373,"banyak tingkah bener si bapak satu ini. kan ""perintahkan"" anaknya yg wp. norak banget permainan politiknya. awas loh pa kalo merasa belom rela lengser tiba jatuh terpaksa diopname rs paman usman loh.. beaming face with smiling eyes note: berita mulyono yg dimuat media mainstream rilis tertulis yg sengaja dikirim tim media (humas) mantan presiden loh .. ajiib dah.. postpowersyndrome jakarta, detik.com-- presiden ke- republik indonesia joko widodo (jokowi) mengunjungi bank sampah banjarnegara (bsb) desa kasilib, wanadadi, banjarnegara. jokowi mendukung pengolahan sampah plastik mendorong ekonomi sirkular. berdasarkan keterangan tertulis diterima, selasa (//), kunjungan jokowi bank sampah banjarnegara dilakukan senin (//). jokowi melihat pengolahan sampah plastik menjadi bahan bakar petasol. jokowi antusias melihat langsung proses pembuatan mesin pengolah sampah plastik, melihat pengolahan sampah plastik mulai pencacahan plastik hingga menjadi petasol. jokowi melihat langsung penggunaan petasol mesin traktor sawah.",False,False,True,False,True,False,False,False,True,False,False,True
7,ternyata mayoritas sampah bantargebang sampah plastic sisa makanan lhoo. makanya kurangi penggunaan barang plastik &amp; olah sampah organic menjadi lebih berguna. misalnya kompos eco enzyme. gunungan sampah bantargebang berkurang.,False,True,False,True,False,False,False,True,False,True,False,False
856,satu goblok maanfaat fungsinya apa makan beling lebih baik kasih ilmu makan plastik kresek biar daur ulang bumi jadi bersih..,True,False,False,True,False,False,True,False,False,True,False,False
663,daur ulang sampah plastik indonesia bawah persen,False,True,False,True,False,False,True,False,False,True,False,False
1808,mengenal tas ramah lingkungan asal korea selatan hasil daur ulang botol plastik.,False,True,False,False,False,True,False,True,False,False,False,True
188,cerita pria samarinda berhasil olah sampah plastik jadi bahan bakar minyak greenwall greenx iknkita iknnusantara iknsejahterakanindonesia samarinda kalimantantimur city indonesia oil kalimantan cleanenergy cleanscience cleanup,False,True,False,False,True,False,False,False,True,False,False,True
1151,"viral! aksi prakarya kreatif bocah cilik daur ulang sampah plastik hasil aestetik seorang bocah cilik melakukan aksi prakarya kreatif membuat sepatu diunggah akun tiktok pribadinya (@/sipalinglokal). video diunggahnya, membuat sepatu sampah plastik, barang dianggap wajar berhasil mencipta karya aestetik.",False,True,False,False,True,False,False,False,True,False,False,True
612,tercatat data sustainable waste indonesia (swi) kurang % sampah plastik terdaur ulang lebih % tetap berakhir tempat pembuangan akhir (tpa). baru % persen tuh gatau % nya . lifeatunpar kelasmihi,True,False,False,True,False,False,False,True,False,True,False,False
1209,daur ulang sampah plastik fyp vod monetisasi fouryou kerja daurulangsampahplastik,False,True,False,False,True,False,False,False,True,False,True,False
1166,sebuah perusahaan pengolahan daur ulang sampah plastik .. membuka peluang kerja utk bekerja belajar memahami pola pengolahan daur ulang sampah .. berminat .. silahkan hubungi no kontak tertera datang langsung alamat .. yuk kapan bekerja belajar memahami pola pengolahan daur ulang sampah plastik.,False,False,True,False,True,False,False,False,True,False,True,False
199,kreatif wbp lapas tanjungpandan olah sampah plastik menjadi media tanam hidroponik.,False,True,False,False,True,False,False,True,False,False,False,True
1856,tp jg jenis sampah yg ga daur ulang pak spt sampah / jenis sampah peradaban yg layak bumi hanguskan pak person running dark skin tonedashing awaydashing away,True,False,False,True,False,False,True,False,False,True,False,False
296,video tiktok yt fb bagaimana daur ulang plastik bekas menjadi biji plastik siap produksi biasanya pakistan. lalu sama orang² yg gak kerjaan narasikan beras botol bekas.,False,True,False,False,False,True,False,False,True,False,False,True
770,sampah plastik label kemasan post consumer setahu pabrik daur ulang menerima artinya potensi volumenya besar apsi sedang merancang sistem pengumpulan nasional label disortir tersedia ditemen mulai bank sampah pengepul penggiling.,True,False,False,False,True,False,True,False,False,False,True,False
403,pt. surya indo plastic meluncurkan kemasan minuman pet % daur ulang segel pet: solusi pengemasan berkelanjutan,False,True,False,False,False,True,False,True,False,False,False,True
124,kesempatan ibu rut membawa mitra kerja pelaku usaha norwegia Norway avfall norge yg bermitra inswa inframar perusahaan norwegia yg berencana membangun fasilitas daur ulang kimia skala komersial sampah plastik indonesia.,False,False,True,False,True,False,False,True,False,False,False,True
204,keren! warga pinggiran ibu kota olah sampah plastik jadi berkah,False,True,False,False,True,False,False,False,True,False,False,True
839,corine tap mengatakan tipe sampah plastik berbeda-beda potensi daur ulang. plastik nilai lebih rendah menghasilkan minat rendah mengumpulkan. bijakberplastik theoceancleanup,True,False,False,False,True,False,False,True,False,True,False,False
1647,"umuk daur ulang plastik nerd facesmiling face with sunglassesface with medical mask:face with head-bandage: selasa uthuk-uthuk, januari permasalahan mendasar daur ulang plastik terletak kompleksitas jenis plastik rendahnya tingkat daur ulang global. plastik terdiri berbagai jenis polimer, pet, hdpe, pp, lainnya, masing-masing membutuhkan proses daur ulang berbeda. banyak produk plastik menggabungkan bahan-bahan berbeda, lapisan film plastik aluminium kertas, sulit didaur ulang efisien. itu, plastik terkontaminasi makanan, minyak, bahan kimia sering kali memenuhi standar daur ulang, berakhir tempat pembuangan sampah dibakar. menunjukkan infrastruktur pengelolaan sampah teknologi pemrosesan cukup mengatasi beragam jenis kondisi plastik. sisi lain, aspek ekonomi kesadaran masyarakat menjadi hambatan besar. biaya daur ulang plastik sering kali lebih tinggi dibandingkan produksi plastik baru bahan baku fosil, terutama harga minyak mentah rendah. akibatnya, produsen lebih memilih plastik virgin dibandingkan plastik daur ulang. itu, rendahnya kesadaran masyarakat memilah sampah plastik, terutama negara berkembang, memperburuk situasi daur ulang efektif bahan plastik dipilah awal. mengatasi masalah ini, diperlukan kolaborasi pemerintah, industri, masyarakat mengembangkan teknologi, regulasi, kampanye kesadaran lingkungan.",True,False,False,True,False,False,True,False,False,True,False,False
1443,proses mendaur ulang limbah plastik fyp trail vidioviral indonesia,False,True,False,False,True,False,False,True,False,False,False,True
1741,tinggi meter desain abstrak berbahan baja merah dilapisi kabel plastik daur ulang tugu menelan biaya rp miliar apbd . proyek menuai kritik tajam mulai estetika hingga efisiensi penggunaan anggaran.,True,False,False,False,True,False,False,True,False,True,False,False
1701,"tempat minyak golden sunkist kiwi fruit check mark button liter deskripsi : produk plastik golden sunkist/golden lemon sangat aman digunakan peralatan sehari-hari menggunakan bahan baku biji plastik daur ulang. produk menggunakan % biji plastik asli,sehingga warna mengkilap & pudar,juga bau.thumbs up tersedia ukuran : - ml/liter spesifikasi : - material : biji plastik murni % - ukuran : ml - warna : pink",False,True,False,True,False,False,True,False,False,True,False,False
1713,":globe showing Europe-Africa:recycling symbol *mengubah sampah menjadi berkah: daur ulang tutup botol plastik* recycling symbol:globe showing Europe-Africa: tahukah memisahkan mengelompokkan tutup botol plastik berdasarkan warna membuat koleksi terlihat rapi, memiliki dampak besar lingkungan? tutup botol plastik kumpulkan pilah didaur ulang menjadi produk baru berguna, membantu mengurangi limbah plastik merusak bumi kita. mulailah memisahkan tutup botol plastik berdasarkan warna. langkah sederhana membuat proses daur ulang lebih efisien efektif. tutup botol terpisah warnanya, pabrik daur ulang mudah mencairkan plastik membentuknya menjadi produk baru perlu melalui proses pemilahan rumit. menghemat waktu, energi, sumber daya alam. bayangkan kontribusi positif berikan memisahkan warna tutup botol plastik! menjadi bagian proyek seni kreatif hingga diolah menjadi peralatan rumah tangga, tutup botol plastik didaur ulang membawa manfaat nyata masyarakat lingkungan. ayo mulai hari ini, rapihkan koleksi tutup botol plastik anda. berikan sentuhan peduli bumi kita. jadikan kebiasaan langkah kecil menuju perubahan besar. bersama-sama, membuat dunia lebih hijau bersih generasi mendatang. seedlingglowing star kawanbumi daurulangplastik tutupbotolplastik tutupbotol samhplastik",False,False,True,False,False,True,False,False,True,False,False,True
257,perusahaan udah ngapain aja nih buat ngelola sampah plastik? (bertanya nada lembut),True,False,False,False,True,False,False,True,False,False,True,False
1157,"kotak penyimpanan soket listrik terbuat pot plastik daur ulang, kecil, ringan praktis",False,True,False,False,True,False,False,False,True,False,False,True
1666,"wpc singkatan wood plastic composite, material komposit terbuat campuran serbuk kayu (wood powder/flour) plastik (biasanya jenis termoplastik pvc, pe, pp), diproses melalui metode ekstrusi cetakan. . komposisi: • serbuk kayu serat alami (sekitar –%) • plastik (pvc, pe, pp) • bahan tambahan (seperti pewarna, pengikat, uv stabilizer, pelumas) . kelebihan wpc: • tahan air kelembapan → mudah lapuk kayu biasa. • tahan serangga → rayap jamur. • ramah lingkungan → terbuat daur ulang kayu plastik. • pemeliharaan rendah → perlu dicat ulang dilapisi anti-rayap rutin. • tampilan menyerupai kayu asli → cocok desain interior eksterior. • tahan lama kuat → mudah pecah retak. . penggunaan wpc: • decking lantai luar ruangan (teras, kolam renang) • dinding plafon panel • pintu kusen • pagar partisi • furniture tahan air (outdoor)",False,True,False,False,False,True,False,False,True,False,False,True
689,gimana daur ulang sampah plastik amdk beres? kemasan kecil makin banyak terus plastik air mineral cuma didaur ulang % doang. prediksi lebih banyak sampah plastik laut ikan bakal jadi kenyataan,True,False,False,True,False,False,True,False,False,True,False,False
1768,davines plastic bank luncurkan plastik daur ulang,False,False,True,False,False,True,False,False,True,False,False,True
858,mendorong perubahan perilaku masyarakat sampah plastik produsen perlu berkomitmen membuat produk ramah lingkungan.,False,False,True,False,False,True,False,False,True,False,False,True
1593,"solopos.com, karanganyar–pabrik daur ulang plastik cv nd plasindo jongkang, buran, kecamatan tasikmadu, kabupaten karanganyar, ludes dilalap api kamis (//). kebakaran terjadi diduga panel listrik tersebut meledak akibat korsleting. pemilik pabrik daur ulang plastik cv nd plasindo, iswahyudi, mengatakan menerima laporan kebakaran pukul . wib. kejadian, lanjutnya, gudang karyawan bekerja sif malam.“informasi terima karyawan korsleting bagian panel meledak. lalu membakar semua pabrik,” kata solopos.com, kamis pagi. langsung melaporkan kejadian pemadam kebakaran. tiga unit mobil pemadam kebakaran tiba lokasi. cukup kesulitan memadamkan api, mengingat kobaran api membesar bahan plastik mudah terbakar.iswahyudi memperkirakan akibat kejadian mengalami kerugian hingga rp miliar. “ini pabrik daur ulang biji plastik. full bahan plastik memang mudah terbakar,” kata dia. hingga kini api membara. api berhasil dijinakkan. petugas pemadam kebakaran berusaha melokalisasi api merembet lokasi lain. lantaran kondisi pabrik tak jauh spbu buran pabrik lain.",True,False,False,False,True,False,True,False,False,False,True,False
981,rujak sedang menggali ulang sejarah bantar gebang eh malah ketemu ini. tahun menyimpulkan daur ulang menyelesaikan sampah plastik. yg menyelesaikan perubahan pola konsumsi.,True,False,False,True,False,False,True,False,False,True,False,False
645,buat kerajinan daur ulang botol plastik yuk wargi! . botol plastik bekas menjadi salah satu limbah sulit terurai lho sering dianggap berguna .,False,True,False,False,False,True,False,False,True,False,False,True
1,kolaborasi aqua h&amp;m olah sampah botol plastik jadi pakaian anak-anak,False,False,True,False,False,True,False,False,True,False,False,True
745,adupi: industri daur ulang plastik pulih tahun depan,True,False,False,False,True,False,True,False,False,False,True,False
702,lah. kan larinya daur ulamg kemasan² kecil banyak yg tak terdaur ulang. makanya sampah plastik danone aqua yg mendominasi berbagai tempat. mau nyangkal? ahelah..,False,True,False,True,False,False,True,False,False,True,False,False
1641,"sisi lain, tingkat daur ulang sampah plastik jumlah timbulan sampah plastik sangat rendah sampah plastik menjadi persoalan besar perlindungan pelestarian lingkungan hidup. masalah sampah lebih sekedar masalah teknis merupakan menjadi cerminan perilaku masyarakat lingkungan. perubahan pengelolaan sampah dimulai kebiasaan sehari-hari dilakukan konsisten memberikan dampak besar lingkungan. cara efektif lainnya pengelolaan sampah plastik. menjalankan bisnis daur ulang plastik. informasi lebih lanjut, kalian mengunjungi website menghubungi / ya! bisnis daurulang sampahplastik pojokplastik indonesia",True,False,False,True,False,False,True,False,False,True,False,False
1295,proses daur ulang botol plastik,False,True,False,False,False,True,False,True,False,False,False,True
1006,daur ulang bukanlah satu-satunya solusi ditawarkan mengingat % sampah plastik berhasil daur ulang seluruh dunia. dilakukan pembatasan penggunaan plastik sendiri.,True,False,False,True,False,False,True,False,False,True,False,False
1517,"daur ulang = barang bekas gunakan menjadi berguna. kalo bahannya dibeli ditoko, bukan daur ulang namanya.. paham? tujuannya daur ulang membuat barang baru bermanfaat, mengurangi sampah.. contohnya, sampah plastik, botol, kertas, kaca lain.. banyak yg salah paham.. bahan utama beli baru utk membuat sesuatu.. bukan mengurangi sampah.. bahkan malah menambah sampah.. eh eh eh..saya bukan ahlinya neh.. cuma gemes dg fenomena beranda fb hari ini.. ponakanku yg cantik calista n ghaitsa,,bisa juara.. jelas kekurangannya dimana.. ?? kategory daur ulangnya udah pas bener.. trs kurangnya dimana.. bukan menerima kekalahan.. tp kalo suatu lomba unsur manipulatif nilai.. mendingan usah bikin lomba.. !!",True,False,False,True,False,False,True,False,False,True,False,False
1524,"telat ngepost,, buat daur ulang plastik kresek,, an dpt juara satu,,smiling face with hearts",False,True,False,False,True,False,False,False,True,False,False,True
1886,sampah gak daur ulang.,False,True,False,True,False,False,True,False,False,True,False,False
1140,"plastikku uangku? daur ulang uang? ternyata botol plastik sekali pakai berharga digunakan! faktanya, botol plastik bekas memiliki nilai ekonomis didaur ulang menjadi produk baru! teknologi daur ulang, limbah plastik hasilkan digunakan bahan baku membuat produk-produk plastik baru! melalui transisi ekonomi linier menjadi ekonomi sirkular, memperoleh keuntungan mendaur ulang botol plastik bekas kita! tertarik menjadi pengusaha modal sampah plastik? temukan pelajari lebih lanjut mengikuti webinar ini! bit.ly/plastikku-uangku universitasindonesia",False,False,True,False,False,True,False,False,True,False,False,True
813,mcr mas kalau sampeyan ngomong bio plastik argumen sampeyan sama kondisi dulu ga relevan. dimasalahin plastik udah tahun mengambang terurai. apakabar plastik seangkatan? mau bilang daur ulang polusi udah level mengkhawatirkan.,True,False,False,True,False,False,True,False,False,True,False,False
1635,"“kenapa didaur ulang saja?” sampah plastik sekali pakai terus menumpuk lingkungan kita, terus ditambah sampah produk beli semakin menumpuk. kalau begitu, didaur ulang saja? sayangnya daur ulang bukanlah solusi utama mengurangi sampah plastik. kebanyakan plastik dibiarkan mencemari lingkungan kita, bahkan sebagian kecilnya termakan satwa-satwa laut :( plastik didaur ulang terus mengalami downcycling (bahan memiliki kualitas dan/atau fungsi lebih rendah bahan asli) hingga akhirnya daur ulang lebih lanjut mudah dilakukan akhirnya menjadi sampah menumpuk. lalu solusinya? terus mendesak perusahaan produsen kemasan sekali pakai mengutamakan penggunaan ramah lingkungan, hindari membeli produk kemasan plastik dibutuhkan. bawa wadah tempat minum sendiri menghindari plastik perlu jajan, membawa tas sendiri menghindari kantong plastik sekali pakai. kamu katakan “tidak” kantong plastik sekali pakai >> act.gp/pantangplastik-fb << sekarang juga! pantangplastik breakfreefromplastic",True,False,False,True,False,False,True,False,False,True,False,False
751,beberapa sektor udah jalan: industri daur ulang plastik (inov) daur ulang logam berat (mhki) proyek biomassa &amp; wte (oasa toba) sinkron &amp; didukung penuh kebijakan nasional.,True,False,False,False,True,False,True,False,False,False,True,False
667,ngurangin sampah plastik daur ulang sampah plastik. tempat sampah aja nyampur kan sampah organik non organik,True,False,False,False,True,False,True,False,False,False,True,False
687,sabun shampoo kemasannya pake plastik daur ulang dominasi merk luar yg mahal :(,False,True,False,False,False,True,True,False,False,False,False,True
1261,daur ulang plastik menjadi piring cantik,False,True,False,False,False,True,False,False,True,False,False,True
320,nabung sampah plastik hadiah menarik? ternyata reverse vending machine (rvm). tahun indonesia menghasilkan juta ton sampah juta ton antaranya sampah plastik. rvm hadir solusi inovatif masalah ini. mesin rvm,False,False,True,False,False,True,False,False,True,False,False,True
652,ketergantungan indonesia sampah impor industri daur ulang menimbulkan tantangan signifikan. kekurangan bahan baku negeri terus terjadi terutama sektor pulp kertas plastik.,True,False,False,True,False,False,True,False,False,True,False,False
1438,daur ulang plastik reel daurulangplastik fyp,False,True,False,False,True,False,False,True,False,False,False,True
1483,"polusi sampah plastik menjadi ancaman mengintai. itu, daur ulang sampah plastik menjadi salah satu upaya mengurangi sampah plastik. yuk wargajatim bersama-sama merawat bumi, kalau bukan siapa lagi? selamat memperingati hari peduli sampah nasional “atasi sampah plastik cara produktif” jatimpemprov optimisjatimbangkit jawatimur jatim haripedulisampahnasional",False,False,True,False,False,True,False,False,True,False,False,True
713,indonesia malah banyak yg tau apa sampah daur ulang. sampah basah sampah botol plastik berada ditempat yg sama. penting sekali sekolah orang tua mengajarkan penting ini.. indonesia yg lebih hijau,False,True,False,True,False,False,True,False,False,True,False,False
1286,ide daur ulang terbaik - cara terbaik mendaur ulang ban plastik fire:smiling face with heart-eyes:,False,True,False,False,True,False,False,False,True,False,False,True
1778,tahun - juta ton sampah plastik mencemari lautan. simak fasilitas daur ulang botol plastik pet kendal didukung pinjaman biru adb bersama pt alba tridi plastics recycling indonesia video terbaru kami: adbindonesia,True,False,False,False,False,True,False,True,False,False,False,True
976,daur ulang sama sekali cukup. % plastik diproduksi berakhir mencemari lingkungan dibakar menjadi polusi udara emisi gas beracun jadi mikroplastik tercecer,True,False,False,True,False,False,True,False,False,True,False,False
1310,"pet ( polyethylene terephthalate) plastik digunakan membuat wadah paling umum pasar minuman ringan ini, botol plastik. kode tulisan pet/pete berarti kemasan plastik tersebut terbuat polyethylene terephthalate. kemasan tahan panas mudah pecah. kemasan pet menjadi primadona industri daur ulang. bukan berarti penangan pet mudah, rata-rata sampah terpilah jadi dipilah dulu, desain kemasan banyak beredar sulit jenis botol langsung didaur ulang, melalui proses lepas tutup lepas label terlebih dahulu. redesign kemasan salah satu solusi mempercepat proses daur ulang pet menghindari label multilayer . upaya mengurangi sampah solusi terbaik, ga nyampah . yuuk kurangi sampahmu! kalau ga nyampah jangan nyampah - wilda yanti-",False,False,True,False,False,True,False,False,True,False,False,True
1404,proses penggilingan plastik sampah fyp reels fyp daurulang daurulangplastik gogreen,False,True,False,False,True,False,False,True,False,False,False,True
1412,"hasil daur ulang limbah plastik,, bunga mawar kerajinantangan diy bungaplastik reelfyp",False,True,False,False,True,False,False,False,True,False,False,True
742,rencana merintis usaha biji plastik daur ulang lokasi mesin bikin sendiri modalnya punya.. barangkali mau bergabung..,False,False,True,False,True,False,False,False,True,False,True,False
1500,"mau punya bisnis daur ulang plastik, bingung pemasarannya? bantu mulai pembuatan mesin pemasaran hasil produksinya. menyediakan pembuatan/perbaikan mesin daur ulang plastik : - mesin crusher / gilingan - mesin extruder / peletan - mesin tali rafia - mesin straw / sedotan tlp : wa : bengkelbubut daurulang daurulangplastik mesindaurulangplastik mesingilingplastik mesinpeletplastik mesintalirafia mesinsedotan",False,False,True,False,False,True,False,False,True,False,False,True
795,pemilahan sampah indonesia terbatas dilakukan profesional. diperlukan segenap pihak bahu membahu membangun manajemen daur ulang plastik berdaya meminimalisir pencemaran.,False,False,True,False,True,False,True,False,False,False,True,False
1533,"mulut yg bilang gak berubah? mulut yg dulu menghina cara mencari uang ? bukan gak tau berapa banyak yg jadikan bahan olok olok smiling face gak selamanya yg hitam kotor,sampah plastik aja daur ulang smiling face with smiling eyes kalian kalo nemu uang ribu comberan bakal tetep ambil uang nilai uang gak berubah, lucu nya yg dulu bilang haram skrg malah nyemplung minta jalan nya sayarolling on the floor laughing emng ""apapun makanan nya ,minumnya jilat ludah sndiri"" , bilang kalo blom pernah posisi jgn nasihatin ,skrg kasih coba kan rasanya posisi dulurolling on the floor laughing note!: bukan tujukan seseorang banyak orgrolling on the floor laughing gapapa lanjutkan kenyang ,nakal masa muda bukan telat nakal masa tuaOK hand",False,True,False,False,False,True,False,False,True,False,False,True
1668,"baru masuk backhand index pointing upbackhand index pointing upbackhand index pointing up *ember -+ liter plastik gentong bak air mandi air tabitha* ember liter air plastik + tutup besar jumbo liter. ember memiliki kualitas tinggi. ( bahan daur ulang) jangan terkecoh murah kualitas rendah !! miliki ember ? merek tabitha (kualitas lebih bagus dibanding merek polaris) bahan sangat tebal, alot, anti pecah, warna hijau cocok bak kamar mandi, cuci, budidaya lele / hidroponik, diameter : cm tinggi : cm diameter bawah : cm",False,True,False,False,True,False,False,True,False,False,False,True
1358,"desa sidorekso kudus mengolah sampah plastik menjadi bahan bakar melalui proses pirolisis. sampah plastik sulit diurai tanah diolah menjadi bahan bakar setara solar bensin. proses pirolisis menggunakan alat disebut pirolisis, mengubah sampah plastik menjadi bahan bakar. alat didatangkan banjarnegara dioperasikan ahli banjarnegara, rahman. proses pirolisis, sampah plastik dipanaskan suhu tinggi menghasilkan bahan bakar. bahan bakar dihasilkan kemudian dijernihkan menggunakan bentonit menghilangkan kotoran. pemerintah desa sidorekso berencana mengembangkan pengolahan sampah plastik menjadi bahan bakar sumber pendapatan desa. berencana mengolah sampah organik menjadi pupuk kompos. demikian, desa sidorekso mengurangi masalah sampah plastik menghasilkan pendapatan pengolahan sampah. merupakan contoh baik mengelola sampah menghasilkan pendapatan desa. inspirasi inovasi",False,False,True,False,True,False,False,False,True,False,False,True
252,liputan penting: pabrik tahu surabaya pakai bahan bakar sampah plastik kontaminasi dioksinnya sangat tinggi kayaknya kebanyakan orang indonesia gak tahu bahaya membakar sampah plastik ya?,True,False,False,True,False,False,False,True,False,True,False,False
718,trubusmania peneliti lipi: limbah plastik daur ulang meninggalkan polutan trubusid,True,False,False,True,False,False,True,False,False,True,False,False
1648,"semangaat malam, pet ( polyethylene terephthalate) suatu resin polimer plastik termoplast kelompok poliester. pet banyak diproduksi industri kimia digunakan serat sintetis, botol minuman wadah makanan, aplikasi thermoforming, dikombinasikan serat kaca resin teknik. titik lebur: °c rumus: (cho)n kepadatan: , g/cm³ molar mass: – kg/mol, varies abbreviations: pet, pete boiling point: °c ( °f; k) (decomposes) cas number: -- plastik polietilena tereftalat (pet) sangat lazim digunakan bahan dasar produk-produk komersial beragam pengaplikasian. termasuk kemasan pangan nonpangan, kain, plastik lembaran, komponen kendaraan, alat elektronik, banyak lagi. mengingat ragam kegunaannya sangat luas, mengenal lebih mengenai plastik polietilena tereftalat (pet) mengetahui plastik satu cocok digunakan kebutuhan anda. apa plastik pet? polietilena tereftalat (pet) polimer termoplastik serbaguna termasuk kelompok polimer poliester. resin poliester sendiri dikenal beberapa sifat unggulnya segi mekanis, termal, resisten zat kimia. menemukan kemasan produk plastik simbol daur ulang angka , artinya produk plastik tersebut terbuat bahan plastik polietilena tereftalat (pet). plastik pet merupakan termoplastik paling banyak didaur ulang dibandingkan plastik lainnya. plastik pet daur ulang dibentuk menjadi fiber, kain, lembaran plastik, komponen kendaraan. struktur kimiawi, polietilena tereftalat (pet) memiliki kemiripan plastik polibutilena tereftalat (pbt). pet umumnya memiliki karakter sangat fleksibel tembus pandang. bergantung proses pembuatannya, plastik pet dibuat menjadi produk sifat kaku maupun semi-kaku. karakteristik kelebihan plastik pet lebih keras kaku pbt sangat keras ringan mudah efisien dijadikan kemasan dikenal memiliki resistensi cukup baik udara (oksigen karbondioksida) kelembapan menunjukan sifat isolasi listrik sangat baik pet memiliki rentang suhu penggunaan luas, - derajat celcius pet cocok diaplikasikan produk transparan pet mudah patah pecah cocok digunakan pengganti kaca beberapa pengaplikasian kebutuhan pet mudah didaur ulang pet aman digunakan kemasan pangan kekurangan plastik pet tahan bentur dibandingkan pbt lebih sulit dibentuk dibandingkan pbt berubah bentuk bersentuhan air mendidih pengaplikasian plastik pet polietilena tereftalat (pet) digunakan berbagai macam pengaplikasian lain: botol air mineral soda, sifatnya tahan air tahan kelembapan plester perekat, memiliki tingkat kekuatan cukup tinggi kemasan makanan, sifatnya cukup kedap udara tahan zat kimia pet sering digunakan industri tekstil. kain poliester pet memiliki beberapa keunggulan seperti: kuat, fleksibel, mudah kusut mengkerut kain kapas. industri tekstil, plastik pet diaplikasikan industri otomotif, diolah menjadi: tangkai wiper, headlamp retainer, cover mesin. daur ulang plastik pet botol - botol plastik pet terpakai dikumpulkan terpilah disetor bank sampah didaur ulang produk terbuat plastik polietilena tereftalat sepenuhnya didaur ulang. plastik pet memiliki tingkat koefisien difusi cenderung rendah dibandingkan material plastik lain. membuat plastik pet menjadi material cocok didaur ulang. alasan tersebut, plastik pet menjadi plastik paling banyak didaur ulang dunia. produk kemasan plastik pet digunakan, dikumpulkan diproses melalui tahap pencucian khusus penanganan kimiawi lainnya. proses tersebut mengurai pet menjadi bahan mentah selanjutnya diolah menjadi plastik pet daur ulang bentuk serpihan. serpihan plastik pet daur ulang tersebut kemudian diproses menjadi berbagai macam produk lain: fiber pembuatan karpet, fleece jacket, tote bags kontainer produk pangan maupun non-pangan plastik gulungan lembaran nah.. pet termasuk plastik mudah didaur ulang, pet menjadi primadona bank sampah pengelola sampah konsep circular economy. sering pemula selalu berpikir mencari mesin cacah mengolah pet. padahal hampir seluruh industrial daur ulang memilih mengambil bentuk press. jadi kalau mau efektif sebaiknya hasil pilahan sampah plastik jenis pet dipress saja. apapun.. pilah sampah rumah yaa! cerita plastik jenis pet selalu cerita salam clean and green wilda yanti",False,False,True,False,False,True,False,False,True,False,False,True
1055,oecd mencatat juta ton plastik digunakan tahun lalu. jumlah sampah plastik terus meningkat pertahunnya mengurangi penggunaan plastik % sampah plastik berhasil daur ulang seluruh dunia indonesia semangatsalingbantu,True,False,False,True,False,False,False,True,False,True,False,False
799,udah banyak pengembangan inovasi teknologi inovasi daur ulang sampah plastik kok banyak banget apa memang sampahnya terlalu banyak,True,False,False,True,False,False,True,False,False,True,False,False
1601,"banyak tau, botol plastik bekas daur ulang menjadi alat pengharum ruangan anda. selamat mencoba thumbs upfolded hands vod jangkauan fyp",False,True,False,False,False,True,False,True,False,False,False,True
1834,usulin daur ulang sampah kali,False,True,False,False,True,False,False,False,True,False,True,False
1729,. bisnis ramah lingkungan produk daur ulang: membuat barang bahan daur ulang tas plastik bekas furnitur kayu bekas. penyewaan barang: layanan penyewaan barang pakaian perlengkapan bayi alat elektronik mengurangi konsumsi,False,True,False,False,True,False,False,False,True,False,False,True
1187,daur ulang sampah plastik menjadi tali rafia berat semoga bermanfaat,False,True,False,False,True,False,False,False,True,False,False,True
1063,sangat mendukung faktanya yg begini grenwashing a.k.a pencitraan cek tkp lapangan jumlah botol sampah plastik berkurang banyak? % daur ulang berapa% produksi sampah nya aqua ngak jgn gedabrus greenwashing nya kebangetan,True,False,False,True,False,False,True,False,False,True,False,False
543,[infografis] sampah plastik menjadi tantangan besar indonesia. juta ton sampah dihasilkan tahun % berhasil didaur ulang. meskipun angka tersebut rendah,True,False,False,True,False,False,False,True,False,True,False,False
1683,d cari pp sablon siap pelet d daur ulang wa foto pemanis.,False,True,False,False,True,False,True,False,False,False,False,True
904,lego setop produksi balok botol plastik daur ulang diklaim kurangi emisi karbon,True,False,False,True,False,False,True,False,False,True,False,False
1017,persen sampah plastik indonesia didaur ulang. humaniora adadikompas,True,False,False,True,False,False,True,False,False,True,False,False
1765,thank you sharing! indonesia mulai banyak inovasi daur ulang plastik lho.. udah cleanup &gt; ton sampah plastik nge-recycle jadi papan daur ulang multifungsi. nantinya papan diubah jadi furniture!,False,False,True,False,True,False,False,False,True,False,False,True
1454,"assalamualaikum wr wb. mohon ijin admin, moderator, semua member. bengkel bubut sumber jaya ( ) beralamat sidoarjo berpengalaman lebih tahun pembuatan mesin plastik, berniat menawarkan berbagai produk perusahaan kami. melayani pembuatan / perbaikan mesin daur ulang plastik : - crusher / mesin giling plastik - extruder / mesin pelet plastik - mesin tali rafia - straw / mesin sedotan - conveyor - centrifugal / pengering - mesin rafia kiloan - mesin pemilah plastik utk informasi lebih lanjut : telephone : wassap : terimakasih. wassalamualaikum wr wb. "" "" bengkelbubut bengkelbubutsurabaya recycling plasticrecycling daurulangplastik crusher plasticcrusher mesingilingplastik extruder plasticextruder mesinpeletplastik mesintalirafia mesinsedotan mesinpemilahplastik mesinrafiakiloan",False,False,True,False,True,False,False,False,True,False,True,False
96,bank syariah indonesia (bsi) sediakan unit reverse vending machine (rvm) mesin daur ulang botol plastik area g. penempatan rvm tsb utk dukung transisi energi berkelanjutan balisustainablemovement,False,False,True,False,True,False,False,True,False,False,False,True
1024,iya terlalu kasar. padahal daur ulang sendok plastik. mengeluh marah sosmed. bukan mencari solusi baik.,True,False,False,True,False,False,True,False,False,True,False,False
567,lah plastik kali daur ulang kali malahan kadang lebih berguna noh botol contohnya kalo kertas buram daur ulang mulu lama lama makin jelek kualitasnya gitu kali,False,True,False,False,True,False,True,False,False,False,True,False
867,kebanyak sampah plastik aqua mini yg jarang industri mau daur ulang nih,False,True,False,True,False,False,True,False,False,True,False,False
1488,"daur ulang sampah, berkah melimpah indonesia terus menangani masalah penumpukan sampah khususnya sampah plastik berbagai upaya. salah satunya melakukan daur ulang sampah. . . daur ulang sampah merupakan kegiatan mengolah sampah produk habis pakai menjadi produk baru dimanfaatkan kembali. . . manfaat daur ulang mampu membantu mengurangi jumlah sampah masuk tpa memaksimalkan material hingga masa pakainya habis. . . banyak sampah lingkungan daur ulang menjadi suatu barang lebih berharga, plastik, kaca, logam, kaleng, kertas, minyak jelantah sebagainya. . . daur ulang sukses dilakukan apabila sampah-sampah tersebut keadaan baik. . . itu, pemilahan sampah berdasarkan jenisnya menjadi dilakukan menjaga nilai material sampah berada kondisi baik. . . yuk memilah sampah mulai sekarang! kreasikan karyamu memanfaatkan sampah daur ulang! copyright pengawasan pengendalian pengelolaan lingkungan hidup. welovecities weloveprobolinggo kotaprobolinggo pemkotprobolinggo",False,False,True,False,False,True,False,False,True,False,False,True
1946,"yup, buang sampah sembarangan bahaya banget buat kesehatan, sampah plastik. makanya, ngumpulin sampah-sampah terus nge-recycle jadi papan daur ulang dipakai lagi! yuk lebih peduli sama lingkungan, kan ngerasain manfaatnya..face holding back tears",False,True,False,False,True,False,False,False,True,False,False,True
1042,mau nya daerah udah pengolahan daur ulang sampah plastik. memang sangat mengkawatirkan. selokan penuh plastik bekas minuman. sy mampu membersih kan tmpt tinggal sj,True,False,False,False,True,False,True,False,False,False,True,False
208,inovatif warga boyolali olah sampah plastik jadi bahan bangunan,False,True,False,False,True,False,False,False,True,False,False,True
395,info penting gaes! riset terbaru sustainable waste indonesia (swi) : tingkat daur ulang galon berbahan pet paling tinggi. pet ? silahkan simak utas singkat berikut:,False,True,False,False,False,True,False,True,False,False,False,True
874,klo ad yg nanya knp jersey buatn nike yg pi cepet rusak? terbuat dr botol plastik yg d daur ulang makanya d nike store jarang ad,False,True,False,True,False,False,False,True,False,True,False,False
400,jakarta - perusahaan daur ulang limbah pet indonesia pt inocycle technology group tbk (inov) mengambil langkah strategis meningkatkan penjualan melalui diversifikasi bisnis. baca selengkapnya: : idnfinancials inov penjualan beritasaham,False,False,True,False,False,True,False,True,False,False,False,True
1892,"sih bukan masalah masyarakat aja nder, pemerintah punya andil juga. soalnya banyak tempat pembuangan akhir membludak kebanyakan ga pengelolaan sampah lebih lanjutnya (daur ulang), cuma kurang % sampah didaur ulang puluhan juta ton.",True,False,False,True,False,False,True,False,False,True,False,False
1032,ei jadi keinget aku follow bbrapa akun sosmed club bola nya jepang sering ngadain kampanye daur ulang memilah pembuangan sampah botol gak jg kampanye mengenai mendaur ulang sampah plastik menurutku sangat bermanfaat sekali lo..,False,False,True,False,False,True,False,False,True,False,False,True
1489,"seru-seruan ruang daur ulang. realistiskan saja. selama produsen plastik gagal dihancurkan, daur ulang plastik tetap ada. daurulang rumahplastik wastemanagement buleleng bali",True,False,False,False,False,True,False,True,False,False,False,True
964,pengelolaan sampah plastik lakukan dgn pemilahan inovasi/ teknologi daur ulang hingga bagaimana meminimalisir sampah plastik didaur ulang. plastikuntukkebaikan sedekahbotolplastik,True,False,False,False,False,True,False,False,True,False,False,True
1574,– menggunakan plastik murni (bukan daur ulang) – plastik berbau – warna original + menarik – kuat kokoh – tersedia warna biru harga rp .,True,False,False,False,True,False,True,False,False,True,False,False
1975,unaa coba cek ig @/rajutnusa mbaknya bikin tas/pouch/amigurumi sampah plastik kadang ngisi workshop jugaa aku kbetulan lg riset soal pelaku daur ulang jogja hehe,False,False,True,False,True,False,False,False,True,False,False,True
257,perusahaan udah ngapain aja nih buat ngelola sampah plastik? (bertanya nada lembut),True,False,False,False,True,False,False,True,False,False,True,False
808,darurat bener deh sampah plastik aja yg gencar kampanye in galon sekali pakai meski alasan daur ulang yg kemasan gelas botol plastik apa kabar yg banyak berakhir laut? sampah mikro plastik lainnya,False,True,False,True,False,False,False,True,False,True,False,False
1759,ilmuwan lama mengetahui kemampuan mealworm memakan plastik tertentu. serangga jadi solusi daur ulang alami?,False,False,True,False,True,False,False,False,True,False,True,False
1635,"“kenapa didaur ulang saja?” sampah plastik sekali pakai terus menumpuk lingkungan kita, terus ditambah sampah produk beli semakin menumpuk. kalau begitu, didaur ulang saja? sayangnya daur ulang bukanlah solusi utama mengurangi sampah plastik. kebanyakan plastik dibiarkan mencemari lingkungan kita, bahkan sebagian kecilnya termakan satwa-satwa laut :( plastik didaur ulang terus mengalami downcycling (bahan memiliki kualitas dan/atau fungsi lebih rendah bahan asli) hingga akhirnya daur ulang lebih lanjut mudah dilakukan akhirnya menjadi sampah menumpuk. lalu solusinya? terus mendesak perusahaan produsen kemasan sekali pakai mengutamakan penggunaan ramah lingkungan, hindari membeli produk kemasan plastik dibutuhkan. bawa wadah tempat minum sendiri menghindari plastik perlu jajan, membawa tas sendiri menghindari kantong plastik sekali pakai. kamu katakan “tidak” kantong plastik sekali pakai >> act.gp/pantangplastik-fb << sekarang juga! pantangplastik breakfreefromplastic",True,False,False,True,False,False,True,False,False,True,False,False
505,aktivis lingkungan menilai cukup sulit mengelola jenis apk bewarna-warna mengandung sampah plastik.,False,True,False,True,False,False,False,True,False,True,False,False
783,guyyss udah tau plas token belum? token crypto pertama yg memiliki fasilitas daur ulang plastik. plasticfinance plasfuture zerowaste,False,False,True,False,True,False,False,True,False,False,True,False
1898,repost *pelatihan daur ulang kreatif : sampah menjadi produk bernilai jual umkm kelurahan tanjung duren kecamatan grogol* sumber berita:,False,False,True,False,True,False,False,False,True,False,False,True
202,olah sampah plastik proses pirolisis via,False,True,False,False,True,False,False,True,False,False,False,True
769,darat uah banyak langkah orang buat mereduksi sampah plastik ini. daur ulang jadi produk punya nilai jual. semua. sampah banyak energimuda kolaboraksi,False,False,True,False,True,False,True,False,False,False,True,False
988,bisnis . kisah sukses pedagang kue kering natal tahun baru . dipecat kantor orang akhirnya sukses membuka usaha daur ulang plastik. . bermodal batok kelapa orang akhirnya kaya mendadak kuissmartbisnis kuy ah sae ajax,False,False,True,False,True,False,False,False,True,False,True,False
1811,chart unik. sekilas w tinggal bkk penggunaan plastik sini banyak banget. beli gorengan aja plastik wadah gorengan lidi ama plastik nenteng. semua all new plastic. ga plastik item daur ulang. tp kok sampah th chart kecil. gimana th kelola sampah ya?,True,False,False,True,False,False,True,False,False,True,False,False
1810,fasilitas pengumpulan pemilahan sampah plastik dirancang mendukung proses daur ulang lebih efisien.,False,True,False,False,True,False,False,False,True,False,False,True
381,pantes galon sekali pakai jadi primadona industri daur ulang krn sangat mudah bahan utk daur ulang menjadi berbagai produk yg memiliki nilai tinggi geotekstil dakron pakaian. siapa sangka olahan pet ternyata jadi salah satu sumber ekspor indonesia.,False,False,True,False,False,True,False,False,True,False,False,True
1167,"sampah plastik memiliki dampak buruk bumi. apa dampak tersebut bagaimana cara mengatasinya..? plastik merupakan jenis sampah menjadi perhatian utama terus meningkat menimbulkan berbagai dampak buruk lingkungan semakin luar kendali. tersebut sejalan penelitian publikasikan tim cnn mana prediksi juta ton plastik mencemari lingkungan meningkatkan polusi plastik tahun . adapun dampak buruk akibat sampah plastik lain: pencemaran udara pembakaran sampah plastik, ekosistem laut terganggu akibat sampah plastik buang laut, mengganggu kesehatan manusia sampah plastik sulit terurai mempengaruhi kesuburan tanah. dampak ditimbulkan, besarnya jumlah sampah plastik lambat laun menenggelamkan bumi ini. tersebut terjadi sejak tahap produksi, konsumsi hingga pembuangannya sampah plastik menghasilkan emisi karbon tinggi berkontribusi perubahan iklim. semakin tinggi emisi karbon dihasilkan tumpukan sampah plastik semakin tinggi puka konsentrasi gas rumah kaca atmosfer. tingginya gas rumah kaca tersebut menimbulkan pemanasan global menyebabkan lapisan es daerah kutub mencair. mencairnya es kutub kemudian menyebabkan kenaikan air laut menenggelamkan daerah-daerah terkhusus daerah rendah. mau terjadi, mengatasi penumpukan sampah plastik mengurangi konsumsi plastik, meningkatkan tingkat penggunaan plastik, meningkatkan pengumpulan daur ulang sampah plastik memperluas sistem pembuangan aman. jpickalimantan dayakvoices dayakbercerita bumi bumiuntukkita lindungibumi bumiadalahkehidupan stopsampahplastik daurulangsampahplastik",False,False,True,True,False,False,False,True,False,True,False,False
421,le minerale daur ulang sampah botol pet jadi rompi serukan kampanye jadibarulagi,False,False,True,False,False,True,False,False,True,False,False,True
1704,"sparkles tahun berkarya anak bangsasparkles semangat tahun perjalanan, merayakan dies natalis langkah peduli lingkungan! :globe showing Europe-Africa: tema daur ulang plastik, berkomitmen menciptakan perubahan positif masa depan lebih hijau. bersama wujudkan sekolah cerdas, ramah lingkungan. seedlinggreen heart diesnatalisthn temadaurulang sekolahramahlingkungan recycleforfuture gogreentogether""",False,False,True,False,True,False,False,False,True,False,True,False
394,hasil riset tingkat daur ulang galon pet % botol %. pantesan banyak botol aqua gelas sekali pakainya yg nyampah lingkungan. btw produk kemasan botol gelas melanggar permenlhk lo. udah tau ?,False,True,False,False,False,True,False,False,True,False,False,True
1526,telat post kak waktu p ikut fashion show pake daur ulang plastik,False,True,False,False,True,False,False,True,False,False,False,True
1166,sebuah perusahaan pengolahan daur ulang sampah plastik .. membuka peluang kerja utk bekerja belajar memahami pola pengolahan daur ulang sampah .. berminat .. silahkan hubungi no kontak tertera datang langsung alamat .. yuk kapan bekerja belajar memahami pola pengolahan daur ulang sampah plastik.,False,False,True,False,True,False,False,False,True,False,True,False
1499,"suasana memperingati hut kemerdekaan ri ke-. ratusan anak tk se-desa yosomulyo berjalan kaki sepanjang , km menggunakan pakaian kreatif terbuat daur ulang plastik ala pakaian kreasi lainnya. acara jalan sehat kreatif tersebut diberangkatkan kepala desa yosomulyo, drs.joko utomo purniawan, m.pd, start yos kafe timur krajan finish perempatan sidotentrem. sabtu, //. kades joko mengapresiasi kegiatan cukup inovasi, kreatif penuh kebersamaan ibu anak. ""dengan motto desaku beda mesra, yosomulyo powerfull. bersama kuat mampu memajukan desa yosomulyo menjadi lebih baik,” tutur kades.",False,False,True,False,True,False,False,True,False,False,False,True
335,solusi ampuh terkait sampah plastik? mengurangi produksi penggunaan plastik..,False,True,False,False,True,False,True,False,False,False,True,False
1156,membuat gagang kapak plastik daur ulang,False,True,False,False,True,False,False,True,False,False,False,True
1371,pengolahan sampah plastik jadi bahan bermanfaat.fire fbpro reelsfyp carapengolahansampahplastik thinkline,False,True,False,False,True,False,False,False,True,False,False,True
720,padahal banyak potensi cuan dihasilkan dri daur ulang sampah jadi pengembangan ekonomi sirkular. tingkat daur ulang sampah plastik indonesia rendah,True,False,False,False,True,False,True,False,False,False,True,False
65,peduli lingkungan bank mandiri menjadi bank pertama indonesia menerbitkan kartu debit kartu prabayar e-money bahan plastik pvc daur ulang kartu kredit virtual kartu plastik.,False,False,True,False,True,False,False,True,False,False,False,True
911,daur ulang bukan solusi penyelesaian masalah sampah plastik tingkat produsen. produsen memiliki pembungkus alternatif yg ramah lingkungan. mendaur ulang plastik merta mengurangi timbulan sampah plastik. ecojustice dietkantongplastik goforzerowaste,True,False,False,False,True,False,True,False,False,False,True,False
1184,"daur ulang sampah plastik menjadi karya estetik. by.cia, onel and mommy smiling face with hearts fyp bonus jangkauanluas hasilp daurulangsampah kolasedariplastik",False,True,False,False,True,False,False,False,True,False,False,True
495,galon isi ulang yg berbahan bpa dikategorikan material plastik paling sulit didaur ulang. jelas berbahaya lingkungan. galon pet paling mudah bernilai daur ulang. mudah dikelola dikumpulkan nilai ekonomi tinggi jadi disukai pengumpul sampah.,False,True,False,False,False,True,False,False,True,True,False,False
382,hingga %. berkontribusi mitigasi perubahan iklim pengurangai emisi co penggunaan pet daur ulang mencapai .. ton equavalent (eq). galon ulang mampu mengurangi emisi carbon hingga . ton eq.,False,False,True,False,False,True,False,True,False,False,False,True
39,tropical go green olah sampah plastik,False,True,False,False,True,False,False,False,True,False,True,False
767,sampah menjadi berkah ditambah kreatifitas. peluang melakukan daur ulang limbah baik berupa kertas maupun plastik indonesia optimal. litbangkompas kompaspedia adadikompas,False,True,False,False,False,True,False,False,True,False,False,True
708,. peluang pengembangan industri daur ulang plastik indonesia dinilai cukup besar mengingat daur ulang sampah rumah tangga berada level %,True,False,False,True,False,False,True,False,False,True,False,False
795,pemilahan sampah indonesia terbatas dilakukan profesional. diperlukan segenap pihak bahu membahu membangun manajemen daur ulang plastik berdaya meminimalisir pencemaran.,False,False,True,False,True,False,True,False,False,False,True,False
1080,pemanfaatan sampah plastik tps bambu apus menjadi sedikit upaya mengurangi masalah sampah plastik. humaniora adadikompas,False,True,False,False,True,False,False,False,True,False,False,True
882,retweeted walhi (): plastik kemasan minuman aneka warna salah satu jenis sampah yg beredar dilautan jarang sekali yg menerima daur ulang kemasan aneka warna. bawa botol minummu..,False,True,False,True,False,False,True,False,False,True,False,False
340,pengurangan pengelolaan sampah plastik berbasis carbon neutral jadi solusi atasi pencemaran lingkungan,False,True,False,False,True,False,False,False,True,False,False,True
652,ketergantungan indonesia sampah impor industri daur ulang menimbulkan tantangan signifikan. kekurangan bahan baku negeri terus terjadi terutama sektor pulp kertas plastik.,True,False,False,True,False,False,True,False,False,True,False,False
1020,daur ulang plastik asik jadi next-nya mau bikin nih beauty lovers! kamu kontribusi loh yuk sama-sama merawat diri sekaligus merawat bumi,False,False,True,False,True,False,False,False,True,False,False,True
1279,"hoax beras plastik bekas !! ayo membaca cek & ricek ikut-ikutan membagikan konten narasi keliru. mengira video proses pembuatan beras palsu plastik keliru. video daur ulang plastik. industri daur ulang plastik, plastik bekas (seperti botol, ember, dll.) dicuci, dicacah, dilelehkan, lalu dicetak menjadi butiran kecil disebut biji plastik (plastic pellets). biji plastik bentuknya mirip beras, banyak orang salah paham kalau ""beras palsu"". fungsi biji plastik bukan konsumsi, bahan baku pembuatan produk plastik baru ember, botol, perabot, lain-lain. literasiitupenting cekkebenaransebelumshare",False,True,False,False,True,False,False,False,True,False,False,True
458,enzim lcc ditemukan peneliti mampu mengurai plastik terutama pet kini mulai digunakan skala industri perancis. carbios pabrik daur ulang berencana membangun kapasitas mendaur ulang . ton limbah pet per tahun enzim lcc.,False,False,True,False,False,True,False,True,False,False,False,True
819,peran industri daur ulang sampah khususnya plastik sangat penting konsep ekonomi sirkular melingkar. kehadirannya mampu menghadirkan produk inovasi daur ulang sampah plastik.,False,False,True,False,False,True,False,False,True,False,False,True
1256,kaya begini kasihan sampah plastik daur ulang.. bukan djadikan beras rolling on the floor laughingrolling on the floor laughing,False,True,False,True,False,False,True,False,False,True,False,False
999,salam zero waste! industri bahan bakar fosil (alias plastik) brand ternama mengajukan solusi palsu memperburuk masalah iklim kita. apa disebut bioplastik daur ulang bahan kimia menyelesaikan masalah malah menambahnya.,True,False,False,False,True,False,True,False,False,True,False,False
1112,anggap . ah cuma selembar plastik aja ga ngaruh pikiran salah. sedikit sedikit jadi bukit sampah. bahkan bertahun-tahun sampah plastik hasilkan,True,False,False,False,True,False,True,False,False,False,True,False
203,kreatif petugas upk badan air duren sawit olah sampah plastik sungai jadi pernak-pernik,False,True,False,False,True,False,False,False,True,False,False,True
163,daur ulang botol plastik menjadi tempat pensil indonesia,False,True,False,False,False,True,False,True,False,False,False,True
1583,"fashion show tema "" daur ulang plastik "" mama anak, ayah mau ikutan bajunya jadi rolling on the floor laughingrolling on the floor laughingrolling on the floor laughing good job anakku kalian luar biasa face blowing a kiss hut ri yg merdeka partying face",False,False,True,False,True,False,False,True,False,False,False,True
593,tips &amp; trik menjaga linkungan data sustainable waste indonesia (swi) tingkat daur ulang sampah plastik indonesia kurang % -%. padahal indonesia merupakan salah satu negara penghasil sampah plastik terbesar dunia. per hari nya,True,False,False,True,False,False,False,True,False,True,False,False
706,emang packaging apa? mungkin dg gak pake plastik asal lg ngurangin beban bumi? krn daur ulang plastik sangat terbatas.,True,False,False,True,False,False,True,False,False,True,False,False
1504,edisi menyambut kemerdekaan ri membuat busana ala papua dr bahan daur ulang bungkus nasi plastik. merdeka flexed bicepsIndonesiaIndonesiaIndonesia,False,True,False,False,False,True,False,False,True,False,False,True
1133,mendaur ulang sampah plastik jadi kursi daurulangsampah sampahplastik processing manufacturing factory facebook fbpro kursi kreatif kreasi,False,True,False,False,True,False,False,False,True,False,False,True
650,ternyata setengah kebutuhan sampah kertas plastik daur ulang bergantung impor.,True,False,False,False,True,False,True,False,False,False,True,False
1025,aqua botol plastik daur ulang dijual bali!,False,True,False,True,False,False,False,True,False,True,False,False
1589,katanya fashion show daur ulang plastik pernah buat bawa belanja grinning facealias original hehe masa kecilmu bunda simpan dimemory bunda yg gak pernah hilang assalamualaikum warahmatullahi wabarokatu salam anak tk mmt muara delang,True,False,False,True,False,False,True,False,False,True,False,False
1929,wih udah makin canggih nih buat daur ulang sampah,False,False,True,False,True,False,False,False,True,False,True,False
572,jelek bgt kan keliatan kaya plastik putih daur ulang,False,True,False,True,False,False,False,True,False,True,False,False
34,sinar mas land chanda asri olah sampah plastik warga bsd city,False,True,False,False,True,False,False,False,True,False,False,True
779,bukan cuma lingkungan daur ulang sampah plastik membantu perputaran ekonomi loh! mulai ber kawanplastik belum?,False,False,True,False,False,True,False,False,True,False,False,True
860,negara tingkat daur ulang sangat rendah tak pilihan mengurangi pemakaian plastik. klik:,True,False,False,True,False,False,True,False,False,True,False,False
1482,karya lama belajar sama (alm. kak efarin enicilin ) semoga amal ibadahny terima allah swt diampukan segala dosa²ny.. aamiin.. daur ulang botol plastik .. semoga menginspirasi..,False,True,False,False,False,True,False,False,True,False,False,True
1394,ide daur ulang botol plastik bekas kehidupan sehari-hari,False,True,False,False,False,True,False,True,False,False,False,True
216,mnc peduli mnc sekuritas ajak anggota pkk bantar gebang olah sampah plastik mncpeduli,False,False,True,False,True,False,False,False,True,False,True,False
1367,"berkunjung pabrik pengolahan sampah. pabrik baru dibuka tahun. sampah dibeli pengepul, sampah sortir menyesuaikan jenis plastiknya. sortir, botol plastik press digiling hingga halus. sampah botol plastik tersebut packing siap kirim surabaya menggunakan mobil fuso, muatan - ton sampah botol plastik berbagai kriteria sesuai pengelompokan nya. tempat pembuangan akhir sampah sanggau ini, termasuk bersih rapi. dikelola baik petugas pemilik pabrik.",False,True,False,False,False,True,False,False,True,False,False,True
576,jokowi paksa mal dki gunakan plastik daur ulang,True,False,False,False,True,False,False,True,False,False,True,False
1545,latepost karnaval agustusan tema daur ulang menggunakan plastik :smiling face with heart-eyes: bulan agustus datang temanya yaa ?? smiling face with smiling eyes fypjangkauanluas fbpropemula sorotan pengikut anakrahebat,False,False,True,False,True,False,False,False,True,False,True,False
243,mampu olah sampah plastik jadi bbm desa sidorekso bankeu rp juta,False,False,True,False,True,False,False,False,True,False,False,True
68,exxonmobil sedang mengkaji implementasi teknologi mutakhir daur ulang plastik skala besar indonesia. simak video cara kerja teknologi tersebut.,False,False,True,False,True,False,False,False,True,False,True,False
735,sebenernya kemasan botol pet kaya galon malah banyak pabrik daur ulang mau terima. kemasan plastik sablonan warna warni kaya gini harusnya diganti. pabrik indonesia kayanya berani olah ongkos daur ulangnya mahal lewat banyak proses,True,False,False,True,False,False,True,False,False,True,False,False
604,lihat produsen kurang dilibatkan pengelolaan sampah. produsen sampah plastik (makanan/minuman kemasan sekali pakai) ikut bertanggung jawab menyediakan penampungan daur ulang limbah plastik.,False,True,False,True,False,False,True,False,False,True,False,False
706,emang packaging apa? mungkin dg gak pake plastik asal lg ngurangin beban bumi? krn daur ulang plastik sangat terbatas.,True,False,False,True,False,False,True,False,False,True,False,False
1301,kacamata hitam paling ramah lingkungan plastik daur ulangrecycling symbol glasses,False,True,False,False,True,False,False,True,False,False,False,True
92,bank syariah indonesia (bsi) sediakan unit reverse vending machine (rvm) mesin daur ulang botol plastik area g. penempatan rvm tsb utk dukung transisi energi berkelanjutan. penempatan rvm jg utk kurangi sampah plastik balisustainablemovement,False,False,True,False,True,False,False,True,False,False,True,False
911,daur ulang bukan solusi penyelesaian masalah sampah plastik tingkat produsen. produsen memiliki pembungkus alternatif yg ramah lingkungan. mendaur ulang plastik merta mengurangi timbulan sampah plastik. ecojustice dietkantongplastik goforzerowaste,True,False,False,False,True,False,True,False,False,False,True,False
650,ternyata setengah kebutuhan sampah kertas plastik daur ulang bergantung impor.,True,False,False,False,True,False,True,False,False,False,True,False
1532,"telat post lomba jambore pkk se kab lombok timur kec masbagik juara lomba pengolahan daur ulang sampah plastik yg wakili desa kesik (rumah kreatif linsi) juara utk tim jinggle komando ibu kades paokmotong, alhamdulillah.. rumahkreatiflinsi fbpro",False,False,True,False,False,True,False,False,True,False,False,True
1271,selamat pagi all minat inbox ne tas anyaman bahan plastik daur ulang produksi umkm manado/likupang mau request warna foto jangkaunluas kerajinantangan tasanyaman plastikdaurulang sorotan monet,False,True,False,False,True,False,False,False,True,False,False,True
1983,"pengelolaan sampah kalau tepat bs jd berguna. contohnya kursi daur ulang sampah plastik yg dibuat pemuda bali putu eka darmawan. bs cek ig kertabumi recycling center, bnyak pngelolaan sampah yg tepat. kalo dibakar malah jd polusi kan ?",False,False,True,False,True,False,False,False,True,False,False,True
566,nah mulai bohongnya nih boti jelek pemuja plastik daur ulang. army marah lo bawa zionist bukan ttg muka buruk lo njir sok penting nih boti tulang lunak,False,True,False,True,False,False,False,True,False,True,False,False
191,warga siten olah sampah plastik jadi minyak tanah via,False,True,False,False,True,False,False,True,False,False,False,True
1821,kebakaran pabrik daur ulang plastik mojosongo semua bahan baku terbakar hangus kebakaranmojosongo pabrikdaurulang kebakaranplastik lingkunganhidup sampahplastik disasteralert environmentalimpact recyclingchallenges,True,False,False,False,True,False,False,True,False,False,True,False
979,sampah plastik mudah daur ulang beberapa jenis membutuhkan proses.. sampah plastik sangat susah diuraikan tanah.. jadi ayokk kurangi pemakaian kantong plastik indonesia semangatsalingbantu,True,False,False,False,True,False,True,False,False,False,True,False
1019,dr. hartuti purnaweni mpa (ketua program studi doktor ilmu lingkungan undip) mengungkapkan mengelola sampah tak r reuse (penggunaan kembali) reduce (mengurangi) recycle (daur ulang) refuse (menolak) menolak pemakaian plastik berlebihan.,True,False,False,False,True,False,False,True,False,False,True,False
546,plastik sekali pakai resmi dilarang jakarta. kalo abis dipake mini market terus dipake buat tong sampah rumah kan jadi kali pake tuh. berarti dong kalo gitu. hehe.,True,False,False,True,False,False,True,False,False,True,False,False
1086,didaur ulang nyatanya? sedikit banget didaur ulang mindsetnya gak diubah mengurangi penggunaan plastik awal sebisa mungkin kalo plastiknya gak pernah dibuat gak bakal jadi sampah gak perlu daur ulang kan?,True,False,False,True,False,False,True,False,False,True,False,False
477,ramah lingkungan: pet didaur ulang cukup mudah banyak botol pet dikumpulkan diolah ulang menjadi produk baru. beberapa negara menerapkan sistem pengumpulan daur ulang pet efektif.,False,False,True,False,False,True,False,True,False,False,False,True
751,beberapa sektor udah jalan: industri daur ulang plastik (inov) daur ulang logam berat (mhki) proyek biomassa &amp; wte (oasa toba) sinkron &amp; didukung penuh kebijakan nasional.,True,False,False,False,True,False,True,False,False,False,True,False
306,daur ulang memang begitu. cuma diplintir nasi kejamnya dunia. wkwkwkkwk lu makan tuh bijih plastik,False,True,False,True,False,False,False,True,False,True,False,False
21,nuning sulistyani olah sampah plastik jadi peluang bisnis,False,True,False,False,True,False,False,False,True,False,False,True
462,bumi indus padma jaya pabrik daur ulang pet lokal indonesia pertama berteknologi foodgrade diyakini mendukung industri berkelanjutan,False,False,True,False,False,True,False,False,True,False,False,True
1188,"proses daur ulang sampah plastik menjadi yg bermanfaat,keren bebthumbs upthumbs up tintin",False,True,False,False,True,False,False,False,True,False,False,True
848,daur ulang sampah plastik indonesia rendah via,False,True,False,True,False,False,True,False,False,True,False,False
959,dental abbeh pakai plastik kan pakai kertas. jaman dulu orang kan pake kertas tuh kantong kertas kertas daur ulang plastik,True,False,False,True,False,False,True,False,False,True,False,False
1219,"daur ulang sampah plastik.. rumah plastik mandiri (ig) jalan candi kuning, dusun pondok, desa petandakan, buleleng, bali, singaraja .",False,False,True,False,True,False,False,True,False,False,False,True
1481,"usaha bidang limbah butuh bnyak plastik bekas daur ulang botol pet pet vakum plastik pe,hd,pp daun hd tutup botol semical mungkin yg suplay kerjasama lokasi cikarang barat kab.bekaai",False,True,False,True,False,False,True,False,False,True,False,False
1519,telat post kreasi daur ulang plastik kresek. puji tuhan semua memperoleh hasil memuaskan.. terima kasih kepercayaan nya..nona cantik foto gaundaurulang dariplastikkresek fbprofesional fyp,False,True,False,False,True,False,False,False,True,False,False,True
734,btw katanya biaya daur ulang lebih mahal dibanding bikin packaging baru from new plastics / glass. butuh mesin khusus butuh air listrik tenaga gak semua packaging sama satu cemaran aja bikin batch recycle jadi plastik gagal. cmiiw ya.,True,False,False,True,False,False,True,False,False,True,False,False
773,pusat riset ekonomi perilaku sirkuler badan riset inovasi nasional (brin) meneliti potensi sampah plastik kemasan berlapis layak daur ulang bernilai tinggi. iptek adadikompas,False,False,True,False,False,True,False,True,False,False,False,True
1690,"stop signsayembara edit foto berhadiahstop sign no : detail permintaan: buatkan editan foto terlampir tema fashion show kostum daur ulang, plastik, daun, botol, dll. generate kali ini, bahan foto aslifolded hands berhijab. tetap batas sopan mengandung unsur sara, politik, manipulatif, bullying porn. rules : wajib posting diberanda grup editin dong wajib menggunankan watermark/name/logo silahkan setor maksimal karya jangan lebih gunakan hastag sayembara sayembaraeditfoto editinmodeserius editindong reward: k orang masing masing k deadline : juli , jam malamm sayembara sayembaraeditfoto editinmodeserius editindong mau ngadain sayembara edit foto foto kamu diedit banyak editor grup ini? yuk hubungi admin whatsapp",False,True,False,False,False,True,False,True,False,False,False,True
132,ipi terus berjuang ekosistem &amp; sirkuler ekonomi sampah daur ulang plastik terutama kantong kresek jokowi klhk indonesia bumnuntukindonesia kemenperin pupr,False,False,True,False,True,False,False,True,False,False,False,True
1478,"pabrik daur ulang plastik samarinda samarinda - sampah plastik menjadi masalah berbagai daerah, tak terkecuali samarinda, kaltim. hadirnya pabrik daur ulang diharapkan mampu memberi solusi.",False,False,True,False,True,False,False,False,True,False,True,False
1486,cari siap tampung sebanyak banyaknya limbah plastik pvc rijek pabrik foto. yg punya silahkan merapat. minimal ton harga cocok siap jemput. terima kasih folded hands,False,True,False,False,True,False,False,False,True,False,False,True
333,pt yakult indonesia persada berupaya melakukan pengelolaan sampah plastik pengurangan penggunaan kantong plastic pengadaan kemasan double pack &amp; penarikan sampah botol pelanggan. inilah komitmen yakult mewujudkan solusi sampah plastic melalui aksi integrase. ad,False,False,True,False,True,False,False,True,False,False,True,False
1242,tpsr sagala terpadu tahap mengubah sampah menjadi barang yg bernilai tinggi siapkan dukungan saudara-saudaraku kolomkomentarfolded hands inovasi berkembang. left arrow curving right .lake daur ulang sampah samaph plastik vod bbm serdang bedagai dolok sagala dolok masihul inovasi jangkauan sorotan,False,True,False,False,True,False,False,False,True,False,True,False
469,gua cuma pengen coba yg daur ulang botol pet loh keknya menarik,False,True,False,False,False,True,False,True,False,False,False,True
1877,"gw ngakak blg produk gagal sama yg udh mengharumkan nama negara,klw sistem nya bgtu,trus yg msh jd bban negara,apa dong nama nya?sampah negara trlalu bagus,krna bsa d daur ulang,trus apa yg pntes julukan bt ni pig facebangke kali lebih pantesrelieved face",False,True,False,False,True,False,False,True,False,False,True,False
1643,"ecobrick solusi cerdas menyelamatkan lingkungan sampah plastik ecobricks botol plastik berisi sampah plastik, dibersihkan, kemudian dipadatkan mendapatkan bata bangunan digunakan terus menerus. ecobricks solusi baik? sistem daur ulang plastik mengonsumsi terlalu banyak energi diperlukan orang-orang bekerja lingkungan beracun. ecobricks merupakan solusi energi rendah pemanfaatan sampah plastik berguna lagi, sampah plastik membutuhkan waktu ribuan tahun terurai",False,True,False,False,False,True,False,True,False,False,False,True
1099,. penghematan energi : daur ulang botol plastik menghemat energi dibutuhkan produksi botol plastik baru. . konservasi sumber daya alam : penggunaan ulang botol plastik berarti lebih sedikit sumber daya alam digunakan produksi baru.,False,False,True,False,False,True,False,False,True,False,False,True
1134,plastik daur ulang,False,True,False,False,False,True,False,False,True,False,False,True
1298,plastik bekas daur ulang jadi kursi plastik kokoh ilmupengetahuan idekreatif viralvideo fyp fyppage fanpageku fbpro facebook berbayar monetisasi interaksi lampungcintadamai reaction reactionvideo reactionviral tutorial idekreatif uasis,False,True,False,False,True,False,False,False,True,False,False,True
864,liat video daur ulang botol plastik gelas plastik buat jadi wadah tanaman aku pengen juga. rumah aku mah jarang bgt botol plastik gelas plastik.,False,True,False,False,False,True,False,False,True,False,False,True
